Migas -0.368462 -0.0413499 -0.281041 0.178865 0.434693 0.0194164 -0.465428 0.0297002 -0.492302 -0.433158 0.186773 0.430436 0.0269288 0.153919 0.201191 0.262198 -0.452535 -0.171766 0.25641 -0.134661 0.48255 0.253356 -0.427314 0.384707 -0.0635886 -0.0222682 -0.225093 -0.333493 0.397656 -0.439436 0.00452289 -0.180967 -0.00602331 -0.409267 -0.426251 -0.115858 0.413817 -0.0355542 -0.449916 0.270205 -0.374635 0.188455 0.129543 0.225412 0.388572 -0.193678 0.0132737 0.345982 0.341511 -0.0846054 -0.0320826 -0.321672 0.0716548 -0.466946 -0.00151988 0.248293 0.390737 0.34204 -0.287248 -0.369573 -0.225412 -0.0857067 0.20982 -0.260089 -0.18246 0.152059 0.181346 -0.112275 -0.352467 0.345576 0.455409 -0.351848 -0.0912333 0.0648987 -0.0114855 0.461095 -0.300243 0.129269 0.151254 0.303073 -0.0235682 -0.29675 0.401673 -0.357979 -0.089687 0.385648 -0.337801 -0.134661 -0.364891 -0.0446927 -0.0476998 0.431674 -0.284752 0.408922 0.36086 0.00595588 0.317561 -0.037755 0.132739 0.324697 
prunes 0.202207 0.454415 -0.210684 0.0144347 -0.0859715 0.376566 0.229748 0.215642 0.206535 -0.480908 0.0249874 -0.434806 -0.0110568 0.182049 0.416634 0.390019 -0.360805 0.489362 -0.0539766 0.0146595 -0.0602744 0.30665 -0.288481 -0.346396 0.11635 -0.499121 0.227335 -0.0822763 0.180562 0.33642 0.328708 -0.418262 0.129572 -0.286453 -0.111177 0.447545 -0.230785 -0.215965 0.283865 -0.217844 -0.488684 0.483236 0.319726 -0.101856 -0.32312 -0.342269 -0.242831 -0.398363 0.134717 0.29477 0.25294 0.13343 0.0982166 -0.181222 -0.382563 0.0261233 0.0879889 0.202989 -0.338312 0.360226 0.0568358 -0.183993 0.0285483 0.0881191 -0.0691522 -0.129774 -0.0531341 -0.112169 -0.421737 -0.246078 0.176237 0.228608 0.444753 0.440163 -0.0395658 0.161355 0.10564 -0.349606 -0.156182 0.0228077 -0.485049 0.142979 0.417848 0.470087 0.343975 -0.0442484 -0.477916 0.20695 -0.0633616 0.25171 0.195679 0.253863 -0.495746 -0.420083 0.403301 0.246679 -0.493658 0.0184784 0.0440227 -0.284174 
Blini Pancakes 0.126861 0.20932 -0.219711 -0.12809 -0.189831 -0.396203 0.27588 -0.444721 -0.339726 -0.202978 -0.0221957 0.0199885 -0.349688 0.333682 0.077776 -0.168825 0.486883 -0.498343 -0.470645 -0.0103483 0.238959 0.0362668 -0.377493 -0.311724 0.114126 -0.374067 0.454028 0.338102 -0.240986 -0.0756641 0.397914 0.260617 -0.0481488 0.165503 -0.290438 0.0469748 -0.324026 -0.0680917 0.187414 0.336207 0.473346 -0.419647 0.269437 -0.249845 0.269114 0.249252 0.181666 -0.463632 -0.278333 0.152622 -0.128534 -0.266309 -0.334072 -0.340242 0.161994 0.449157 0.121046 -0.482055 0.221872 -0.446306 0.0191749 -0.434644 0.47718 -0.170944 0.243274 -0.328621 0.439725 -0.245043 -0.376151 -0.339917 -0.394815 -0.131438 -0.172772 0.0767759 0.258246 0.199791 0.435242 -0.137916 -0.0449276 -0.25956 -0.0784213 -0.210234 -0.283614 0.0274391 0.363643 0.211564 -0.117178 -0.0402372 0.295353 -0.496771 0.164689 -0.313175 -0.365961 0.446045 0.106001 -0.152508 0.00965823 0.334338 -0.170566 0.131763 
Cabbage Soup (Shchi) -0.45858 0.267065 0.0193032 -0.279484 -0.411007 0.206461 -0.238221 -0.121634 -0.267392 -0.0305015 0.477238 -0.465757 -0.468361 0.0915882 -0.170421 0.0365283 -0.0964189 0.46691 0.367514 -0.35161 0.139523 0.431915 0.315407 0.0728065 0.44525 -0.344586 -0.156387 -0.403462 -0.477595 0.356876 0.174525 0.19846 -0.308016 -0.154128 -0.35929 -0.278344 0.0860158 -0.47366 0.262344 -0.422676 0.425503 -0.069554 0.331256 0.101638 0.0193366 -0.338581 0.0743603 0.0314273 0.167049 0.0487363 0.167965 0.0715826 -0.0586868 0.00227473 -0.468343 0.0220635 -0.46494 -0.392819 0.0518294 0.111111 0.27203 -0.0133188 0.196996 -0.0131505 0.21045 -0.223353 -0.219896 0.0304896 -0.264597 0.0974762 0.420252 0.321177 -0.26973 0.399521 0.151515 0.435936 0.358766 0.452431 -0.37705 0.202471 -0.392261 -0.400134 -0.155424 0.257621 -0.169242 0.0731829 -0.297518 0.474348 -0.00815926 0.304912 -0.34042 -0.350749 -0.119392 -0.0758665 0.151295 -0.439858 0.397657 0.401218 -0.329204 -0.468596 
Bread omelette 0.0222147 -0.222802 0.086862 0.311895 0.439871 0.0798625 0.380784 -0.310451 0.218919 -0.427131 0.37906 -0.410147 -0.0832036 0.174693 0.313047 0.26936 0.396524 -0.0135293 -0.122515 0.187578 -0.423178 -0.0223592 -0.261981 0.475881 0.181199 -0.1376 0.294278 -0.426489 -0.0161272 -0.000342669 0.432843 -0.353804 -0.419678 -0.0918225 0.46316 -0.30192 -0.303693 0.0756792 0.0856746 -0.131797 0.100133 -0.351213 0.495401 -0.0972601 0.319527 -0.125751 -0.0202214 0.146495 0.299035 -0.142328 -0.165693 -0.355103 0.166856 -0.185301 0.102249 0.42083 0.0165315 -0.235867 0.333648 0.134619 -0.0419541 -0.344127 0.165973 0.294881 -0.211346 -0.179389 0.219155 -0.268105 -0.126641 -0.42615 0.0661826 -0.0774475 -0.206957 -0.142474 0.0894192 -0.0369413 0.444452 -0.449518 0.0959272 0.364172 -0.395421 0.333378 0.158594 -0.481084 -0.305321 0.0230725 0.219795 0.337082 0.159888 0.143027 0.0348762 -0.176571 -0.0576297 -0.223332 -0.382762 0.336375 -0.167072 0.0359563 0.42989 -0.256771 
Tortang Talong 0.0967232 -0.253026 -0.303822 0.335997 0.123243 0.171648 0.371284 -0.384393 0.176065 -0.0454528 -0.467731 0.355082 0.161425 -0.44004 -0.220507 -0.32358 0.397245 0.0941592 0.190932 0.0693399 -0.0654972 -0.296842 -0.227557 -0.2557 -0.0230483 0.461436 -0.28259 0.282475 0.460055 0.0734002 -0.370957 0.00185374 0.00505899 -0.381603 0.168904 -0.113293 0.331097 -0.376556 0.148075 0.348695 -0.394438 -0.139033 0.219204 0.0809693 -0.342846 -0.33089 0.171352 0.38651 -0.158152 0.199639 0.291982 -0.21778 -0.330039 -0.426816 0.250171 -0.3354 0.273202 -0.0660717 0.429321 -0.233713 0.29278 -0.286084 -0.119372 0.428528 0.116563 -0.143666 -0.302099 0.29114 -0.481749 -0.385471 0.154629 -0.117587 -0.168708 0.414368 -0.106549 0.331551 -0.370391 0.44207 -0.14794 0.0718913 0.344201 0.317317 -0.0646247 -0.150843 0.419119 0.24458 0.276418 0.112058 -0.185392 -0.374078 -0.366707 -0.373969 0.250525 -0.0410863 -0.265324 0.183946 0.354236 -0.379823 0.444193 -0.439738 
Crispy Eggplant -0.358821 -0.272512 0.0991941 -0.446273 0.312305 -0.468162 0.474467 0.17108 -0.261783 0.089708 -0.272238 -0.052186 0.433005 0.0134989 0.359511 0.109468 0.124005 0.14439 -0.474 -0.292251 0.0603247 -0.379309 -0.362284 0.0426003 0.3866 -0.137407 -0.200789 0.413002 0.470299 0.297872 -0.0512797 0.193926 -0.0317907 -0.0984453 -0.0327912 0.0175955 0.399267 -0.363006 0.189134 -0.0907217 -0.468745 -0.307353 -0.225131 -0.0913735 0.222293 0.132939 -0.499725 -0.153569 -0.00779261 -0.181451 -0.361998 -0.113087 -0.443865 0.265532 0.461921 0.499092 -0.150217 -0.301 0.0428245 -0.298383 0.013759 0.10802 0.29845 -0.353329 0.0237845 0.071627 0.178709 0.344641 -0.167927 0.244075 -0.0972163 0.0554527 0.114501 0.113926 -0.460337 -0.156511 -0.328606 -0.0761547 0.230373 -0.134356 -0.413394 -0.0818343 -0.174738 0.0639836 0.0318602 -0.439759 -0.389868 0.049515 -0.372763 -0.440653 0.417977 0.358511 0.0493023 0.346325 0.164346 0.473193 -0.340653 -0.216667 0.0979563 -0.437114 
beef stock concentrate 0.449394 -0.217769 -0.0691756 -0.301369 0.259196 0.172739 0.183365 -0.331517 0.420936 -0.496182 -0.321848 0.168274 0.0174822 -0.0330326 -0.406356 -0.0548791 0.152046 0.38235 -0.296087 -0.483925 -0.390917 0.0611331 -0.254506 -0.46996 0.386352 0.0474012 -0.0129521 0.436609 0.0489065 0.253337 -0.327541 -0.119574 0.467038 -0.19861 0.390453 -0.249644 0.339556 0.208479 0.0263001 -0.408466 0.28213 -0.192141 0.256626 0.145346 -0.345768 -0.0448008 -0.337572 -0.0909424 -0.332715 0.485431 -0.16643 -0.145674 -0.17785 0.141376 -0.462317 -0.421786 -0.00887798 -0.247282 0.158614 -0.498336 -0.39913 0.455516 -0.334594 -0.383558 0.460956 -0.27961 -0.245437 -0.256989 0.0492284 0.351649 0.0576104 0.401996 0.259697 0.49829 -0.12496 0.245522 0.266313 0.141665 -0.397532 0.363361 0.430975 -0.208834 0.4754 0.330669 -0.310378 0.265209 -0.467661 -0.124563 -0.306853 0.0969475 0.0494785 0.276984 0.208398 0.383565 0.494661 -0.000226851 0.248435 0.189707 -0.328773 -0.217172 
Bistek 0.410853 -0.100692 0.402494 0.0483651 -0.236847 -0.264166 -0.164394 -0.0471169 0.167104 0.319205 0.0417963 0.246284 0.258699 -0.0932502 0.20228 0.161177 -0.223607 -0.198537 0.454292 0.402304 0.47424 -0.090042 0.296038 0.102006 -0.390073 -0.426962 -0.116619 -0.109067 0.0591088 0.19903 -0.488857 -0.112617 0.0656901 -0.231414 -0.33838 0.30831 -0.308329 0.148154 -0.427145 -0.121045 -0.00674524 -0.283754 -0.146874 0.392149 -0.0608495 0.482168 0.0766378 -0.356756 -0.000164834 -0.417402 -0.327073 -0.125378 -0.335315 -0.254573 0.291156 -0.249254 0.0498137 0.0152904 -0.148131 -0.0877896 0.415687 0.068632 -0.0994771 0.306355 -0.456593 -0.369901 0.46922 -0.292791 0.330683 -0.193938 0.484922 -0.167131 -0.417605 0.181656 -0.295847 -0.336063 -0.302535 0.371827 -0.409254 -0.252974 0.0170698 0.367991 0.0967026 0.486729 0.322799 0.186431 0.127998 -0.103345 -0.0799487 -0.0222413 0.313622 -0.205207 -0.0256799 -0.0707586 -0.0359672 0.158065 0.0623061 0.167623 0.152465 -0.220308 
rice wine -0.494818 -0.440803 -0.285341 -0.246339 0.238162 -0.0268097 0.423061 -0.249345 0.18391 -0.0260779 0.00639006 0.335066 0.473102 -0.351296 -0.103512 0.270618 -0.0455216 0.136321 0.242002 -0.227865 -0.319592 0.287707 -0.422745 0.341116 0.444811 0.445963 -0.122821 0.328705 -0.271399 0.361429 0.454651 0.369014 0.250104 -0.0825423 -0.0962927 -0.137943 -0.296074 0.323579 0.465837 -0.0831607 0.224963 -0.0848996 0.10336 0.48743 -0.495798 -0.369822 0.177832 -0.263167 0.180744 -0.354007 0.0987797 -0.426288 -0.297036 0.232599 0.458215 0.240477 -0.284553 0.33916 -0.281376 -0.229299 0.335845 0.122814 -0.0422675 0.225235 -0.0871638 -0.397743 -0.0642275 -0.257522 0.131842 0.0446403 -0.421059 -0.451735 -0.0296699 -0.161548 0.353798 -0.221437 0.203332 0.370376 -0.318019 0.0309306 0.225291 -0.264673 -0.262254 0.3223 0.367889 -0.46134 -0.0122878 -0.144747 -0.334957 -0.189672 -0.349629 0.406707 0.0917144 0.329331 -0.288658 0.0821171 -0.344941 -0.192475 -0.131391 -0.465029 
Sushi -0.434773 0.270594 -0.197129 0.467253 0.197825 -0.345569 0.0654606 0.188987 -0.0411593 -0.338203 -0.487538 0.305494 0.0634894 0.0756523 0.228453 0.0108255 -0.0252249 0.0851817 0.225622 -0.154811 -0.467043 0.257572 -0.0908572 -0.337467 -0.46533 -0.328271 0.447031 0.320092 -0.167361 0.335034 -0.0586106 -0.440954 0.144286 -0.291115 0.188851 -0.13298 -0.376277 0.313234 0.0405555 0.232887 0.0496823 0.206819 0.220948 0.205298 -0.1178 -0.315643 -0.19586 0.200235 -0.00973996 -0.320762 -0.265989 0.0276892 -0.161066 0.174611 0.0967369 0.320933 -0.448126 -0.361312 0.356061 -0.477749 -0.224416 -0.400825 0.282175 0.297382 -0.482772 0.126824 -0.188012 -0.179381 0.314288 0.237055 -0.370247 -0.183822 -0.395902 0.383811 0.116127 0.378211 -0.123038 0.303795 0.147873 -0.436932 0.0918939 -0.168718 -0.249303 -0.341145 0.214764 -0.428019 -0.314123 -0.262142 -0.307244 -0.155603 -0.182988 0.480141 0.162178 0.428902 0.286237 0.15124 -0.318841 -0.242813 -0.475708 -0.0162769 
Fettuccine Alfredo 0.467667 0.385485 0.369281 -0.308157 -0.27423 0.317946 0.0437134 -0.316943 0.393645 -0.220525 -0.148231 0.193228 -0.456842 -0.255977 0.0706779 -0.148904 -0.210721 -0.179256 0.16245 0.433927 0.295015 -0.192475 -0.177093 -0.440817 -0.304996 0.0158757 0.0432251 0.112364 0.481289 0.143222 -0.308694 -0.328319 0.428788 -0.102614 -0.304084 0.301325 0.324259 0.070929 -0.415761 -0.390854 0.244114 0.159696 0.0068066 -0.324213 -0.231992 -0.0453707 0.458915 -0.325806 0.0157914 0.0966205 0.243142 -0.15411 0.462922 -0.40045 -0.395592 0.294239 -0.119899 -0.360163 -0.403134 -0.378997 0.21328 0.0795758 0.0876474 0.495334 -0.435368 -0.124129 -0.261539 0.482881 -0.365887 0.141672 0.155652 -0.148901 0.379341 -0.328414 -0.0165731 -0.403993 -0.37693 -0.37955 -0.365909 -0.0784094 -0.242163 0.069928 -0.312921 -0.345622 0.100612 -0.402836 -0.156703 0.417023 0.431294 -0.254542 0.300032 0.0867551 0.311845 0.016441 0.158865 -0.116543 -0.30555 0.0596223 0.201768 -0.236017 
Chivito uruguayo -0.382526 -0.448824 -0.452748 0.293975 -0.219888 -0.276811 0.00813724 -0.200763 -0.389718 -0.353336 0.32239 0.187589 -0.273864 -0.336961 0.199001 -0.417651 -0.37284 -0.26588 0.357696 -0.131375 -0.298913 0.189656 0.263624 -0.486858 -0.264401 -0.315787 0.376697 -0.445703 0.436927 0.385486 -0.178078 -0.32442 -0.337287 0.485789 0.143997 0.438363 0.277723 -0.0571788 -0.368478 -0.159167 -0.133687 0.225349 0.27319 0.366038 -0.0795566 0.155235 0.123929 -0.0268079 0.269784 -0.236254 -0.412081 0.0661277 -0.197265 -0.358364 0.219641 0.252224 -0.435467 0.19111 0.496059 0.0818274 -0.47523 -0.033649 -0.0858181 -0.286793 0.335104 -0.314626 0.31746 -0.0328273 -0.105555 -0.174166 0.410829 0.0107762 -0.349274 0.442107 0.00317731 -0.00972795 -0.224282 0.403613 -0.452814 0.402252 0.0350116 -0.19386 -0.133481 0.46046 0.159514 0.0836823 0.0169575 -0.12809 0.0384911 -0.455625 -0.399568 0.0802752 0.141703 0.316211 0.134231 -0.332071 0.243836 0.170025 0.239727 0.431529 
Walnut Roll Gužvara -0.43886 -0.137117 -0.324191 -0.235354 0.0641131 -0.0192484 0.199477 0.313381 -0.497965 -0.429409 -0.499994 0.472477 0.0961752 -0.185189 0.30363 -0.272392 -0.233297 -0.297681 0.145802 0.0867937 -0.070852 -0.286382 0.453473 -0.146369 -0.366443 -0.279361 -0.363178 0.182496 0.219747 -0.240501 0.497153 -0.303349 -0.343884 -0.438759 0.119122 -0.148126 -0.14137 -0.353557 0.0208888 0.362992 0.453591 0.360072 0.407256 0.450273 0.401834 -0.132444 -0.483256 -0.172501 0.0830205 0.430085 0.372381 0.416494 0.354533 -0.363769 -0.356149 0.127707 0.366559 0.110937 0.0278728 -0.132836 0.0499472 -0.203889 0.0775841 -0.312865 0.271319 0.0484818 -0.474089 0.263549 -0.014974 0.284384 -0.470764 0.358116 0.230151 -0.167558 -0.260211 0.312004 -0.398322 -0.305348 -0.267864 -0.295907 -0.433926 0.481169 0.0274203 -0.135371 -0.223353 -0.0482243 -0.00378589 0.432875 -0.054231 -0.229654 -0.349767 0.366342 0.436504 0.418602 -0.464992 -0.327794 -0.215518 0.0437158 -0.498028 -0.46834 
Mushroom soup with buckwheat 0.114815 -0.348923 0.110731 -0.117743 -0.0471119 0.229952 -0.357744 -0.392686 0.468442 -0.368053 -0.371962 0.392666 0.106931 -0.461171 -0.267132 -0.33273 -0.431686 -0.0152131 0.183257 -0.358658 0.407386 -0.269473 -0.251246 -0.280848 0.152955 -0.274301 -0.408647 -0.492094 0.361796 0.19123 -0.242338 0.447171 -0.218714 -0.30091 0.401877 0.11052 0.327823 -0.480374 0.390322 0.142054 0.365903 -0.405798 0.361275 0.0186288 -0.0142646 -0.494511 -0.333648 0.0535685 0.475457 0.190166 0.189595 -0.228852 -0.0791043 -0.265685 -0.0784975 -0.39776 -0.0692461 -0.0385666 0.132557 0.257867 -0.0773997 0.0661968 -0.0671764 0.103059 -0.0248425 -0.268599 0.0148112 0.478818 -0.0744739 0.169812 -0.30304 0.282289 -0.305258 -0.354507 0.230906 -0.0121088 0.264767 -0.471877 0.156879 -0.390269 0.278219 -0.0559869 -0.345859 0.0939872 0.334945 0.102232 -0.300437 -0.0121449 0.200175 -0.0909293 0.400591 -0.325146 0.42389 0.0589069 -0.0137121 0.0325628 0.0934977 -0.34173 0.218541 -0.0930232 
Traditional Croatian Goulash -0.488989 -0.441327 0.477116 -0.259206 -0.1384 0.320726 -0.185396 -0.166217 0.145655 -0.130379 -0.346795 -0.453399 0.107855 0.0677505 -0.083258 0.133235 0.19626 -0.254296 0.331407 0.14586 0.229512 -0.165106 0.465072 0.0919939 -0.473196 0.0538019 -0.2098 -0.0025024 -0.197809 -0.492663 0.253316 -0.0713635 -0.494355 -0.0472438 -0.0608767 0.172995 0.051991 -0.0925637 -0.00434108 -0.20503 0.363532 -0.166023 0.366305 -0.389851 -0.485507 0.370389 -0.406598 0.40962 0.257851 0.349359 0.495458 -0.153491 -0.268932 0.0493731 -0.410659 -0.30125 0.42974 -0.00525974 -0.137319 0.255422 0.180556 -0.0569153 0.0528009 0.22093 0.199591 0.284688 0.358579 0.290095 -0.0385405 0.00473061 0.0117278 -0.483026 -0.0660625 0.436867 0.278927 -0.00567783 -0.419639 0.445025 0.207826 0.00909752 -0.420969 -0.132817 -0.127841 -0.325996 -0.404024 0.455034 -0.110924 0.110995 -0.302727 -0.0458934 -0.13295 0.262322 -0.402453 0.192031 -0.279577 -0.323115 0.311201 -0.253852 0.0678264 -0.235258 
Cevapi Sausages -0.0535254 -0.447083 0.413758 0.130692 0.475788 -0.146544 0.347888 0.461115 0.358274 0.367784 -0.493389 -0.146575 0.126861 0.244073 -0.242988 -0.0147235 -0.357098 -0.00824638 -0.204476 0.467996 0.0717343 0.218894 0.275146 0.231582 -0.0891699 0.313283 0.0243887 0.0871031 0.236285 -0.228568 0.241339 -0.0744979 0.344531 -0.386542 0.184561 -0.21233 -0.250836 0.161595 -0.480983 -0.0178006 -0.374962 -0.0952029 -0.0177729 -0.166576 -0.449902 -0.099717 0.109319 -0.0715856 -0.0731661 -0.400667 -0.0239796 0.0689899 -0.418586 -0.119549 0.136101 -0.306245 -0.440346 0.0919478 0.38569 0.315259 0.295447 -0.357059 -0.28443 -0.189369 0.108748 0.470521 0.385974 0.260733 -0.278948 -0.0832392 -0.396249 -0.0603662 0.281586 0.274786 -0.452939 0.31604 0.061559 -0.424226 -0.232305 0.0789837 0.140155 0.415817 0.262175 0.00975272 0.456157 0.279604 0.454016 0.0543085 0.410738 -0.0881422 -0.0451047 0.233423 0.291614 0.121247 0.0500675 0.184372 0.249331 0.0973922 0.324905 -0.29094 
Beef Rendang 0.400852 -0.194192 -0.173304 -0.03471 -0.359213 0.320126 -0.222985 0.371225 0.288704 -0.265766 0.0692135 0.42033 0.478456 0.314702 0.364248 0.410694 0.129886 0.330622 0.0658061 0.280092 0.025929 0.129726 -0.436704 -0.088175 0.166895 -0.141759 0.00950933 0.12658 0.449752 -0.0680651 -0.451798 0.213588 -0.365666 0.288174 -0.0478263 -0.28858 -0.043668 0.303589 -0.336582 0.492865 -0.110957 -0.158331 -0.291551 0.31333 -0.0642262 -0.216355 -0.136383 0.0128927 -0.160722 0.337318 0.0351613 -0.115042 -0.416453 -0.38938 -0.232083 0.0577885 0.39988 0.400944 -0.260532 0.311853 0.331387 -0.0683388 0.240154 -0.281202 0.0881824 0.367864 0.182191 -0.0525083 -0.320212 0.0694533 -0.061 -0.0348698 -0.0742373 -0.164654 0.415491 -0.365545 -0.35397 0.45285 -0.116283 0.422971 0.230003 0.0535185 0.366185 -0.307392 0.365555 -0.274808 0.418075 0.0469305 -0.219111 0.296292 -0.207798 -0.280128 0.432158 -0.465001 0.0339049 0.0988387 -0.0370099 0.0582323 0.273404 -0.0528107 
Roti john 0.0671008 -0.20597 -0.440989 0.0350252 0.338745 0.0520792 -0.231667 0.3834 0.328432 0.101171 0.38272 0.00674768 -0.222093 0.270617 -0.323707 -0.147334 0.198386 0.49523 0.102341 -0.365919 -0.113233 -0.283284 0.489527 -0.360032 0.319157 0.360828 0.408209 -0.174719 -0.494342 -0.324542 -0.462286 0.169705 0.198223 0.491102 -0.196668 0.361968 -0.41534 -0.0333314 0.47805 -0.00233064 0.173037 -0.0982521 0.443989 -0.426223 -0.346223 0.278675 0.0349519 -0.262193 -0.433534 0.000956245 -0.455523 -0.0517675 -0.322212 0.112816 0.0230189 0.168077 0.0376964 0.205868 0.383197 0.40501 -0.156327 0.415872 0.0468131 0.494419 0.260099 -0.200446 0.351921 -0.28784 0.439316 0.449778 -0.344978 0.150934 -0.0493043 0.225026 -0.232062 -0.0270617 0.332153 0.449451 0.0863911 0.0881877 -0.392924 0.184852 0.249134 0.359661 0.237805 -0.224123 -0.149632 -0.477323 -0.012724 -0.174047 -0.131216 0.0743312 0.314282 -0.0902455 -0.243532 0.159755 -0.430335 -0.0236919 0.349083 -0.141326 
Ayam Percik -0.0914802 0.0957413 0.372976 -0.437782 -0.356702 0.298644 -0.3219 0.10611 -0.402864 -0.44398 0.390506 0.209199 -0.414748 0.255784 0.44785 -0.121162 -0.0824416 -0.0718477 -0.453277 -0.0489898 -0.389005 0.269987 0.285078 0.0212259 0.14159 0.0740075 -0.496088 0.112752 0.40895 0.360036 -0.0255472 0.228923 -0.485531 -0.399118 -0.270076 -0.414087 -0.448385 -0.31487 -0.142435 -0.158268 -0.330291 0.480367 -0.0305612 -0.275716 -0.179309 0.261727 0.265198 0.041058 -0.108477 0.490208 -0.251561 0.0681987 -0.245923 0.132843 -0.0222263 -0.326506 0.321438 0.205099 0.0803713 -0.357347 -0.100748 0.454534 -0.198956 -0.150695 0.495526 0.103974 0.283852 0.175007 0.250192 -0.253271 0.457315 -0.358746 0.0151146 0.447706 0.110991 -0.455601 0.312413 0.214071 -0.0147273 -0.130124 -0.232111 0.356972 -0.327998 0.230678 0.489939 0.209069 0.491622 -0.228929 -0.237259 0.395055 -0.396282 -0.132808 0.337568 0.230861 0.462926 0.210977 0.106785 0.439118 -0.22608 -0.396746 
Mee goreng mamak 0.0732947 -0.20143 -0.373742 -0.0878283 -0.34601 -0.0657878 -0.212698 -0.331447 0.0250311 -0.399488 -0.305487 -0.452967 0.203405 -0.326515 0.273571 0.247022 -0.126248 -0.141816 -0.397347 -0.389657 -0.119243 -0.288779 -0.210393 -0.259461 0.0131202 -0.429755 0.0474777 0.434867 0.405185 0.356975 -0.200493 0.323419 0.106855 -0.12777 -0.278644 0.248637 0.331034 0.216833 -0.492818 -0.41397 0.400553 0.103941 -0.481033 -0.0389843 -0.00189565 0.435537 0.290831 -0.430245 -0.20712 0.393969 0.174899 -0.154013 0.0497072 -0.334547 0.273447 -0.148499 -0.339384 0.129866 -0.220851 0.491817 0.460691 0.0164216 0.315288 0.354029 -0.147844 -0.440016 -0.0513506 0.0379661 0.0797284 -0.189951 -0.104534 -0.196253 -0.0832234 0.208618 0.344506 0.122166 0.0732289 -0.102538 0.453387 -0.0821826 0.293528 -0.294585 -0.236533 -0.0119872 0.491243 0.0400197 0.246899 0.0125466 -0.255643 0.311173 -0.118363 -0.29943 0.431441 0.479397 -0.0171939 0.0523029 0.154077 -0.348927 0.380278 0.49159 
Moroccan Carrot Soup 0.0254574 0.282394 -0.402494 -0.291108 -0.253618 -0.33959 0.447495 0.43944 0.202375 -0.466972 0.226908 -0.0645842 -0.412449 0.453985 0.301219 0.482149 -0.120199 0.408002 0.495481 0.0552973 -0.278416 -0.089559 0.495981 -0.446948 -0.274421 0.374764 0.301883 -0.35099 -0.0140642 0.447178 -0.0987145 -0.124901 -0.105597 -0.0119413 0.0980408 -0.320746 0.304813 0.272304 -0.10736 -0.132406 -0.358384 0.442099 0.125419 0.426625 -0.41298 0.264297 0.119011 -0.375062 0.0645366 -0.166354 -0.279781 -0.263899 0.299586 0.167558 0.258303 -0.291532 -0.444476 -0.261429 -0.00502362 0.281999 -0.0673353 0.406617 0.407555 0.497924 -0.0328658 0.299383 -0.464979 -0.206819 0.248209 0.246216 0.203311 -0.00923818 0.0120782 -0.0644341 -0.187328 -0.412217 0.112789 0.324957 -0.293935 0.173403 -0.134571 -0.389847 -0.420909 0.203097 -0.134965 -0.416486 0.42957 -0.411921 -0.201643 -0.428241 0.478219 0.19096 0.193267 -0.270125 -0.0745354 0.0787369 0.112439 -0.154102 -0.106579 -0.290187 
Portuguese barbecued pork (Febras assadas) 0.221309 -0.397592 0.235437 -0.0481591 0.372046 -0.474027 0.417344 -0.108782 0.0394938 0.0712284 0.0350119 0.223339 0.0570661 -0.0424568 -0.232649 0.213575 -0.250842 0.213267 0.308733 0.187145 -0.404208 0.484673 0.151654 -0.444995 0.456831 -0.359366 -0.0650008 -0.0384862 -0.164585 -0.119584 0.354386 0.0722424 -0.114364 0.0433981 -0.445562 -0.129688 0.376861 -0.179905 -0.448187 -0.447351 -0.106342 0.287759 -0.052679 -0.100279 -0.189158 -0.21432 0.342897 -0.469496 -0.415409 -0.201646 0.489081 -0.393562 0.0912088 0.308957 0.360552 0.0440715 0.170724 0.41212 0.32423 -0.413202 -0.0185935 -0.319918 0.370323 -0.415783 0.347524 0.237802 0.357143 -0.442983 0.235925 0.309852 0.0567744 -0.366816 0.0842183 -0.251965 0.256453 -0.375964 0.475761 0.254274 0.285693 -0.428224 0.17934 -0.268836 -0.0503721 0.262218 -0.285416 0.208872 -0.150703 -0.467035 0.282165 0.236157 -0.297547 0.0206222 0.0600794 -0.386191 0.372735 -0.192063 -0.293833 0.155088 -0.221466 0.319551 
ciabatta 0.269475 -0.10586 0.147486 -0.390493 -0.020469 0.322263 0.467335 -0.0327806 -0.442294 -0.49844 0.0692583 0.198642 -0.386456 -0.0665937 -0.142742 0.434654 -0.481114 0.337924 -0.4884 -0.339151 -0.355035 0.18211 0.223612 -0.186062 0.477013 -0.435148 0.168174 0.07365 -0.295316 0.466832 0.360198 -0.0300851 0.38512 -0.0743472 -0.455028 0.0147702 0.286563 -0.256138 -0.340074 0.483881 -0.276191 -0.164406 0.0205986 0.0149851 0.262672 -0.325297 0.118845 0.319193 0.380939 0.214535 0.22765 0.0253214 0.460594 -0.421621 -0.00772005 0.379009 0.208308 0.0125307 -0.138006 0.439113 0.323934 0.352494 0.0854071 0.191885 0.0660635 0.191793 -0.023815 -0.484501 -0.318439 -0.340855 -0.0886619 -0.24517 -0.00534612 0.444509 0.0770518 0.316921 0.0422117 -0.393696 -0.24426 -0.442902 0.314627 0.452811 -0.00917375 0.238135 0.0610695 0.100488 -0.295667 -0.104664 0.371278 0.276138 0.140654 0.0249637 0.236347 -0.114563 0.0486897 0.365346 0.0807322 -0.33383 0.11984 0.225796 
sardines -0.299542 0.215108 0.276135 -0.236381 -0.190018 0.107659 -0.419418 0.176582 0.201563 0.378379 0.478598 0.433398 -0.414411 -0.454232 -0.0552552 0.456063 -0.217027 -0.291864 -0.280471 0.389854 0.117798 -0.0945817 -0.42455 0.237261 0.0752926 -0.457632 -0.15526 0.0435004 0.433427 0.424544 0.42571 0.21542 -0.439343 -0.461654 -0.13224 0.474732 0.123359 0.136671 0.474157 -0.272976 -0.308599 -0.282263 -0.359668 0.274702 -0.269225 -0.257595 0.128815 -0.265165 -0.0798215 0.0206799 0.16892 0.297661 0.363881 0.0895927 -0.109381 -0.185594 -0.00836601 -0.341485 0.459656 -0.0105191 -0.374817 0.213029 -0.198487 -0.42236 0.0415163 0.414238 -0.21582 0.133888 0.148992 -0.0731213 -0.27848 0.389153 0.272449 -0.116759 -0.287383 0.190197 0.214456 0.22834 0.141683 0.13051 -0.163584 -0.0530048 -0.112883 -0.0928278 0.366047 0.492897 0.376618 -0.473166 0.269979 -0.176515 0.423425 -0.0397644 0.451619 -0.168022 -0.187555 0.334826 -0.0646815 -0.101743 -0.0324304 -0.00180509 
Grilled Portuguese sardines 0.378424 -0.266113 -0.123525 -0.312442 -0.2704 0.193273 0.291754 0.0245063 -0.222085 0.484431 -0.33849 0.228365 0.130816 0.323261 0.233862 -0.313344 -0.274811 -0.00535077 0.0396946 0.455485 0.00944557 -0.421986 -0.302262 0.383265 0.354574 0.258197 -0.413578 -0.428915 -0.187398 -0.34733 -0.283356 0.323494 -0.492749 -0.176148 0.342968 -0.278094 0.266262 0.32972 0.120829 -0.209323 -0.403195 0.280053 0.0982846 -0.0318334 0.280995 0.126062 0.117087 -0.458675 0.102515 0.266065 -0.249541 -0.387373 -0.207934 -0.457785 -0.0887789 -0.0129641 0.34482 0.0931894 -0.227507 -0.281438 0.465036 -0.455831 0.314583 0.0960452 0.351937 -0.00807989 0.421683 -0.139786 0.0823365 0.473169 -0.430918 -0.196997 -0.280488 -0.268693 0.410792 -0.339821 -0.108456 0.244448 -0.224309 0.149526 -0.0739028 -0.386027 -0.495602 -0.331822 0.48508 0.25391 -0.399301 -0.432628 -0.48243 0.437427 0.206969 -0.384512 -0.0829402 0.385198 0.445044 -0.0836072 -0.470948 -0.319983 -0.0819609 0.436027 
Spring onion and prawn empanadas -0.395482 -0.0883717 -0.317145 0.26067 0.436939 -0.285019 0.145986 -0.441719 0.36045 0.272629 0.159123 0.199156 0.448427 0.179579 -0.424528 0.205402 0.493233 -0.330959 0.349853 -0.120187 0.367909 -0.415686 0.153936 -0.367021 -0.400079 0.147703 0.190285 0.249464 -0.0920708 0.405226 0.395451 0.116158 -0.0626127 0.433463 -0.0385795 -0.361134 0.41632 -0.423065 0.172234 0.413022 0.318037 0.19459 -0.360144 0.190755 -0.441681 0.40712 0.322479 0.223975 0.0386577 -0.420432 -0.0815121 0.0269598 -0.375524 -0.459527 0.375232 -0.428334 0.334317 -0.195701 0.330736 -0.375579 -0.278388 0.260437 -0.155831 0.0938654 -0.373544 0.160227 -0.0756206 -0.0788419 0.273242 -0.443044 0.0650827 -0.410713 -0.0367138 0.471684 -0.41663 0.367367 -0.12828 0.15368 -0.181436 0.00969703 0.167451 -0.103172 0.314515 0.411465 -0.165759 0.102086 -0.178082 -0.315696 -0.257493 0.126484 -0.230877 -0.411668 0.106107 0.46788 -0.0463783 0.067474 -0.405697 -0.442952 0.260786 -0.232955 
beetroot 0.277562 0.0293784 -0.000868182 0.0927903 0.212816 -0.430225 -0.29075 0.489304 -0.26029 0.0324139 -0.483505 0.45159 0.397896 0.491052 0.151392 -0.437969 -0.263783 -0.302021 -0.479477 -0.147876 -0.0247194 0.373324 0.207598 0.359806 -0.0155569 -0.0326277 0.278888 -0.26137 -0.207931 0.400044 0.393249 0.284584 0.474052 -0.26436 0.410783 -0.342331 -0.498978 -0.255195 -0.117696 -0.178645 -0.314937 -0.40478 -0.363298 0.478857 0.461498 0.15965 -0.34508 -0.310855 -0.412989 -0.326739 -0.0195494 0.0939863 0.0786562 -0.183293 0.16966 -0.44508 0.365487 -0.074065 0.317741 0.249951 0.373171 -0.307158 0.0651827 0.0724713 0.446996 0.237233 0.236151 -0.275936 -0.4525 0.190311 0.361252 0.0096652 0.244254 -0.42619 0.264538 0.21942 0.227875 -0.201109 0.472443 0.379088 0.494498 -0.208872 -0.0134935 -0.0504473 0.254872 -0.432382 -0.435414 0.209481 -0.0798545 0.465349 0.0399659 0.215514 0.139996 -0.375501 0.192173 -0.486519 0.129126 -0.173681 0.0776469 0.0570837 
Mustard champ -0.0440387 -0.145017 0.33141 0.359732 0.15171 -0.00964154 -0.335389 -0.395207 0.175883 0.181385 -0.220603 -0.330692 -0.00179533 -0.431065 -0.380449 0.195592 0.187918 -0.193002 -0.111398 0.439181 0.124756 0.0241231 -0.438062 -0.197257 0.151183 0.180991 0.309845 0.372053 -0.313204 -0.0831064 0.18875 -0.186267 -0.160718 -0.492259 0.369333 0.176243 0.45878 0.427877 -0.172253 -0.214901 0.230905 0.12118 0.233074 0.453198 -0.21252 0.342894 0.315068 0.0910978 -0.0366612 0.0864013 -0.388031 0.179952 0.495114 0.499962 -0.335208 -0.485284 0.447886 0.314583 0.343136 0.148054 0.471083 0.384369 0.121683 -0.25234 -0.135287 -0.326267 -0.113846 0.0757946 -0.275098 -0.267895 0.454913 0.0657225 -0.35201 -0.0116209 0.330862 0.195775 0.267762 -0.464931 0.0131564 -0.100523 0.155125 0.308624 -0.099068 -0.43764 -0.0143766 -0.253324 0.099073 -0.163458 -0.241003 0.00584192 -0.0838018 -0.0634388 0.316497 0.266644 -0.104516 -0.0424921 0.440716 -0.0980775 0.0446916 0.0115691 
cider -0.0413303 -0.481601 0.3038 0.0863145 0.467477 -0.490286 -0.336993 0.0151675 -0.331846 0.171873 -0.136646 0.262849 -0.452508 0.024983 0.0861803 -0.299955 -0.390813 -0.322452 0.26053 0.440899 0.402625 0.452494 0.18212 -0.454684 -0.249982 -0.148158 0.38044 0.389048 -0.463335 0.0716815 -0.14404 -0.243451 -0.0631877 -0.140456 -0.32652 -0.369983 0.0324082 -0.32532 -0.440764 -0.051014 -0.109581 -0.0407579 0.0560288 -0.487787 0.192129 -0.0509302 0.384727 0.252962 -0.0822694 0.388306 -0.0251812 0.0127676 0.4502 0.347724 0.0516114 -0.377388 -0.291499 0.49452 0.24441 -0.0228551 0.120492 -0.169852 -0.171934 0.00837782 -0.150216 -0.129859 -0.338046 0.209278 -0.25018 0.350096 -0.37948 0.0414892 -0.0881596 0.203912 0.350142 -0.183811 -0.163005 0.16431 -0.0801997 -0.0215882 0.433865 -0.425597 0.213063 -0.476364 0.0200718 -0.244082 0.128398 -0.162443 0.1196 -0.399043 0.304087 0.421149 -0.259939 0.322065 -0.267426 -0.447163 -0.153057 -0.257684 0.27505 0.387102 
Ham hock colcannon 0.457978 -0.428529 0.446092 0.464646 -0.00258143 0.208788 0.406947 -0.499788 0.00888963 0.427345 -0.393911 0.360525 0.456182 -0.484173 0.442885 -0.0690829 0.113084 0.0113996 -0.292304 0.298616 0.358854 -0.162774 0.45753 -0.394274 0.130424 -0.176725 -0.202955 0.247404 0.352647 -0.0126994 0.414217 0.400405 0.0966959 0.204786 0.0170689 0.236985 -0.0153523 0.457581 -0.243834 0.359756 -0.384432 0.103338 -0.460722 0.104863 0.174419 -0.0500872 0.371012 -0.0971569 -0.407402 0.457836 0.495693 0.466183 0.00394028 0.394633 -0.32913 0.272044 0.231186 0.324536 -0.01601 -0.173645 0.445291 -0.369361 0.491998 -0.298024 -0.00389076 -0.403166 0.101459 0.285748 -0.399465 -0.212595 -0.208152 -0.358977 -0.0673317 0.0098789 -0.354776 0.0818014 0.481613 0.0632324 -0.0511705 -0.275554 0.0634013 -0.316088 0.292227 -0.437126 -0.087746 0.352658 -0.27902 0.480363 0.0438539 -0.201533 0.00252461 0.418765 -0.354695 -0.119087 0.239493 0.410799 -0.311225 0.115977 -0.00347269 0.143793 
Japanese Katsudon 0.400451 0.375948 0.0953923 -0.387769 0.446606 -0.276141 0.474146 0.495347 0.0739637 0.430368 -0.120365 0.408251 -0.0293858 -0.451527 -0.201183 -0.34343 0.278086 0.192035 -0.471798 -0.122527 -0.136881 0.374876 0.296839 0.0133407 -0.0747318 -0.295662 -0.0246113 -0.0214258 0.316716 -0.40264 -0.303419 -0.158409 -0.375319 -0.420238 -0.09006 0.0720816 -0.191846 0.363396 0.480114 -0.36437 0.462743 -0.0172659 0.0440523 -0.216209 -0.236153 0.13104 0.137152 -0.308853 -0.00755693 0.145431 0.138969 -0.117213 0.42026 -0.182289 0.243155 -0.279193 0.355231 -0.187373 0.433971 -0.134476 0.367233 -0.0222136 -0.0833785 -0.183955 -0.450746 0.241731 0.146428 -0.257135 -0.343964 -0.19567 0.317716 -0.0376999 0.46993 0.417617 0.407786 0.394622 0.297581 -0.0482797 0.321059 -0.061143 -0.289609 0.470249 0.469224 0.0609412 0.446111 -0.121832 0.357707 -0.045656 0.309986 -0.0211391 0.153553 0.318654 -0.134988 -0.147767 0.0936384 0.400088 -0.305229 0.0500446 -0.363944 0.286423 
sushi rice -0.473025 -0.144766 -0.299655 0.474719 0.156163 -0.462043 0.167575 -0.0878431 -0.298411 -0.237889 -0.186946 -0.45722 -0.204933 0.266728 -0.288919 -0.285324 0.0469671 0.0155892 0.309773 -0.433589 0.299901 0.154911 0.486983 -0.348429 0.325853 -0.235944 0.141272 0.165231 -0.283295 0.200324 0.292849 0.05165 0.44756 -0.488813 0.11627 -0.264885 0.344754 0.140655 -0.31475 0.325592 0.149524 -0.262937 -0.105868 0.195184 -0.0297044 0.3622 -0.455578 0.0270198 -0.387647 -0.111985 -0.148855 0.0992521 0.322164 0.268936 0.460577 -0.282776 0.301883 0.00852555 -0.02307 -0.172558 -0.25849 -0.499996 0.181278 0.364056 0.034859 0.422922 0.0305467 -0.232553 0.318003 -0.0232793 0.033895 -0.161523 -0.284352 0.349135 -0.256057 0.302661 -0.419247 0.00616668 0.395018 0.0875176 0.489104 0.134077 0.219049 -0.118035 -0.174243 -0.000141152 -0.0631864 0.325386 0.0440423 0.329861 -0.44735 0.210758 -0.0845734 -0.0468542 -0.49345 0.113858 -0.261502 -0.236373 0.0316161 -0.0506494 
pork chops 0.354035 0.124715 0.437944 -0.17921 -0.0375278 -0.371217 0.400867 0.39591 0.273446 0.363418 -0.116309 -0.246938 0.0513001 0.421142 -0.317721 -0.410377 0.258838 0.437293 -0.447694 0.318072 -0.00405107 -0.128264 0.372443 -0.479574 -0.082353 -0.327724 0.433935 -0.292036 0.22531 -0.198499 0.269167 -0.0392467 -0.307808 0.454546 0.191193 0.0456402 -0.282533 0.360565 0.0646023 -0.336662 -0.0398847 -0.339076 0.427805 0.347556 0.228942 0.0623122 0.154177 -0.109705 0.210461 0.137079 0.121835 0.340963 0.132319 -0.273502 -0.0727957 -0.00783585 0.0880045 -0.0718986 0.117911 0.499662 -0.251478 -0.061806 0.0983365 0.360129 -0.162269 0.00580631 0.300774 -0.249578 -0.0251956 -0.270308 0.386881 -0.448379 0.46942 0.0202368 0.310505 0.11777 -0.358054 -0.473409 0.371676 0.325835 -0.485614 -0.109767 -0.280608 -0.353744 -0.33658 0.166352 0.365115 -0.131343 -0.250779 0.277911 -0.34889 0.207853 -0.441239 -0.293619 0.200703 -0.337179 0.00520346 -0.229747 0.327182 -0.434285 
mulukhiyah -0.358007 -0.187212 0.363929 -0.0343067 0.263843 0.138559 0.28813 -0.239521 0.344842 -0.473861 0.336296 0.0553402 0.399482 -0.457093 0.350063 -0.185029 -0.0261718 -0.0085715 -0.38894 -0.33976 -0.0719354 -0.227994 0.454365 -0.410484 0.32013 -0.2974 0.297042 0.10687 -0.422804 -0.310893 -0.419525 0.130485 0.394111 0.423912 0.362916 -0.112564 0.319672 -0.356871 -0.422363 0.251974 -0.277405 0.197061 -0.169382 -0.407999 -0.182572 -0.26341 -0.454483 0.0656429 -0.372341 -0.138561 -0.159878 0.0857096 0.378333 0.131403 0.16064 0.443244 -0.126178 -0.0887097 -0.337611 -0.0953828 0.0424001 -0.231546 0.478869 -0.271726 0.162043 0.218902 -0.353789 -0.367364 -0.295204 -0.0978978 0.0762665 0.436348 -0.0664076 -0.436519 -0.438415 0.257335 -0.00382568 -0.260349 -0.459905 0.394119 -0.413012 0.250227 0.191012 0.0243251 0.475287 -0.183994 -0.285767 0.194808 0.120878 0.306043 -0.184027 -0.292361 -0.284949 -0.245226 0.36886 0.415465 0.260811 -0.209944 -0.307793 0.187133 
Mulukhiyah 0.095658 0.419584 0.0612205 0.0998841 -0.306451 -0.448354 -0.0168605 0.476294 -0.0957634 0.36975 -0.262879 0.429556 0.497353 -0.46417 0.470538 -0.251214 -0.00839453 0.284369 -0.274423 -0.0710898 -0.0500775 -0.379919 -0.257113 0.381592 0.201676 -0.0226852 0.365555 0.172983 0.218055 -0.191461 -0.275731 0.477149 0.264499 0.156421 -0.351392 -0.387963 -0.125739 -0.151187 -0.369652 -0.152962 0.371862 0.112513 -0.406172 -0.387728 0.465093 0.0219088 0.417199 -0.45524 -0.307338 -0.308703 -0.059057 -0.43313 -0.413525 -0.348169 0.150125 0.191664 -0.391125 -0.477345 -0.0350754 -0.240717 0.147639 -0.428477 -0.272461 -0.193967 -0.181141 0.081713 -0.474504 -0.235141 -0.010674 0.343815 0.449592 0.305875 -0.311126 -0.440098 -0.272008 -0.216113 0.359672 0.21648 -0.27975 0.103617 -0.128239 0.456796 -0.37619 -0.258866 0.0549286 0.337074 -0.466964 0.334553 0.0109355 -0.219648 0.321439 -0.307506 0.0408304 -0.307037 -0.100171 -0.0572255 0.0759938 -0.3539 0.0703328 0.3056 
Shawarma 0.228798 -0.290244 -0.00796356 -0.0711583 -0.0811295 0.0283466 0.0990075 -0.32104 0.36224 0.45502 0.374206 -0.443725 0.0542712 0.0770006 0.0286875 0.06905 -0.123151 -0.0419799 0.403851 -0.00571636 0.486081 0.439859 0.429953 0.3481 0.415356 -0.240524 0.202873 -0.368494 -0.390442 -0.405909 -0.119009 0.143238 -0.0244279 0.429571 -0.148688 0.185528 0.14636 0.45099 -0.465237 -0.271424 0.187768 0.317582 -0.325558 -0.326612 0.084714 -0.361979 0.247257 0.492393 -0.0936431 0.458173 -0.399038 0.0803983 0.257476 -0.325603 0.139382 0.0113866 0.302624 -0.325712 -0.44222 0.410055 0.284898 -0.242144 0.225411 0.252185 0.163916 -0.38102 0.442654 0.487391 0.112969 0.485817 0.201732 0.361241 -0.341038 -0.261474 -0.496111 0.450103 0.271636 0.0457206 0.060465 -0.416114 -0.0471232 0.465523 0.496805 -0.437342 -0.183913 0.308827 -0.0102307 -0.499596 -0.0682606 -0.257659 -0.194026 0.127404 -0.47323 0.0579987 -0.160364 0.251567 -0.328047 0.00410209 0.145257 0.41871 
Ful Medames 0.210109 0.143004 0.412017 -0.215044 -0.0566793 -0.331529 -0.403616 -0.167309 0.484068 0.0692973 -0.191531 -0.137521 -0.00649409 0.175365 -0.243372 -0.379256 0.156681 -0.186028 -0.416667 -0.269236 -0.0275916 -0.48535 0.298468 0.182533 0.353315 -0.0145983 0.290364 0.184763 0.17834 0.478649 0.371156 -0.412707 -0.190982 -0.242552 0.0832073 -0.362221 -0.398574 0.321212 -0.158374 -0.312448 0.157648 -0.150005 0.188777 -0.293603 0.489848 0.0729581 0.492945 0.416412 -0.460563 -0.242832 0.337529 -0.00728256 0.367112 -0.195698 -0.109608 -0.195808 0.304628 -0.164429 0.43806 0.421949 -0.231301 0.48453 -0.169808 -0.119598 0.0598309 -0.336737 0.142866 -0.0730107 0.472355 -0.369915 -0.0449612 -0.0310441 0.0141741 -0.343772 0.228995 0.143058 0.491701 0.429289 0.102692 0.336239 -0.420492 0.276394 -0.0630103 -0.423885 0.388481 0.468477 -0.213966 0.219137 0.0466025 -0.0155324 -0.360437 0.313843 0.266933 -0.460058 0.409518 0.024384 -0.0737489 0.268245 -0.415983 0.333545 
jam 0.315065 0.113024 0.429959 0.489997 -0.410506 -0.234285 -0.0756175 0.145103 0.439677 0.116219 0.210739 -0.42546 -0.311106 0.346829 0.282567 -0.000898375 0.182607 0.338262 0.256134 0.121008 0.00193129 -0.217855 0.376767 -0.244041 0.301196 0.347215 0.148383 -0.350926 -0.499907 -0.369299 0.499835 -0.40037 0.253055 0.268058 -0.282585 -0.351812 -0.200753 0.392103 0.0147219 -0.131329 -0.176912 -0.335574 0.440519 0.0663736 0.250964 0.483054 0.471145 0.314878 0.209415 0.380118 -0.145232 0.105427 -0.101583 0.0177734 0.149716 -0.42611 -0.212097 0.0197691 -0.435567 -0.0590596 -0.333189 -0.320518 0.00640744 -0.463907 -0.455876 -0.108218 0.0545331 0.401337 0.456986 0.160053 0.475016 0.0222557 -0.168341 -0.475304 -0.115381 0.161523 -0.22303 -0.328196 -0.465168 0.419569 0.460515 0.0623022 -0.298189 0.250393 -0.0302694 0.118494 -0.134497 0.117248 -0.212994 0.197418 -0.484487 0.0635157 0.122281 -0.317605 0.498526 -0.266546 0.111442 -0.49683 0.0579436 -0.0791369 
Lamb Pilaf (Plov) -0.487744 0.479761 -0.488763 0.457337 -0.275927 0.0156939 0.481525 0.424057 -0.191747 -0.365915 -0.325442 -0.101298 0.370531 -0.00849788 0.077677 -0.0471539 0.280627 -0.110581 -0.272251 -0.279142 -0.00205622 -0.345335 0.341791 -0.469589 -0.0908431 0.0467405 0.385568 0.44883 0.12114 0.122997 0.26521 0.0774161 0.0354486 -0.139723 -0.134864 0.0427063 -0.0027401 -0.0294466 0.291795 -0.40461 0.214346 -0.307561 -0.483861 -0.0169934 0.174703 0.374272 0.0841347 -0.497274 -0.261621 0.0842946 0.12913 0.00594004 -0.0987732 0.399109 0.301444 0.245459 -0.290948 -0.221652 0.302986 -0.321839 0.167999 -0.326352 0.270755 0.444385 0.101169 -0.379545 -0.156414 0.0696465 0.148013 -0.109874 -0.296299 -0.490125 -0.0530866 -0.362383 -0.446683 0.0875808 -0.484478 -0.051092 -0.395958 0.242283 -0.0950487 0.253178 -0.0556092 0.478691 0.479296 0.327261 -0.213598 0.364563 0.422727 0.0910526 -0.016707 -0.277249 0.221079 -0.384661 0.178113 0.0487967 0.16748 0.234657 -0.499424 -0.320882 
Rogaliki (Polish Croissant Cookies) 0.473628 -0.174593 0.0987223 0.281376 0.299494 0.434067 0.430413 0.435006 0.133113 -0.370087 -0.146819 0.368792 -0.183623 -0.182256 0.0857107 0.152952 0.395054 0.168626 -0.424066 0.0389316 -0.338798 0.452229 0.0913578 -0.413434 0.101913 -0.36612 0.193045 0.0327273 -0.499783 -0.340425 -0.318032 -0.123577 -0.0520964 -0.064236 0.0431786 0.165695 0.461429 0.212712 -0.495119 -0.422232 0.490343 0.0527844 -0.135971 0.345665 0.276329 -0.00131069 0.100398 0.248152 -0.403727 -0.211625 -0.345236 -0.289171 -0.221922 -0.0426283 0.00380062 0.422742 -0.255595 0.0983093 -0.370591 0.316885 -0.102491 0.442975 0.179109 -0.101595 0.103913 0.444903 -0.491279 0.494863 -0.118848 0.0193308 -0.164755 -0.105043 0.378027 -0.402177 -0.326714 0.283742 -0.289823 0.14939 -0.494489 -0.335791 0.326114 -0.486402 -0.445047 0.177637 -0.312991 0.119603 0.0190018 -0.219029 0.381408 -0.309787 -0.491191 0.464712 -0.0870532 -0.068454 -0.319494 0.052578 0.363934 -0.437487 0.277969 -0.0223313 
herring 0.24145 0.280848 0.454685 0.286112 -0.242186 0.385913 -0.10177 0.0161607 0.454885 0.316765 -0.3818 -0.0847185 0.147605 -0.0475598 0.0522142 -0.084573 -0.236606 -0.498248 -0.411732 0.179788 0.215928 0.0598881 -0.291836 0.341985 0.0831116 0.173835 0.382869 0.120319 0.471657 -0.465856 0.11743 0.214729 0.100952 -0.0630184 0.214778 -0.176569 -0.0849364 -0.220304 -0.151504 0.0221555 0.219721 0.316692 0.0959661 -0.127478 -0.342298 0.249232 0.0211468 -0.150857 0.0102306 -0.338805 -0.210251 -0.448667 0.0962012 -0.249765 -0.274243 -0.169489 0.487346 0.0555958 0.312246 0.186354 0.115458 0.1577 -0.0628161 -0.250157 -0.0098406 -0.0567624 -0.484401 0.254585 -0.476864 -0.262217 -0.286093 0.388973 -0.432111 -0.139505 0.0106352 0.0830195 0.257724 -0.40981 0.392529 -0.221033 -0.296297 -0.188666 -0.138369 -0.152067 0.128739 -0.426103 -0.153439 -0.49296 0.391227 -0.467647 -0.139317 -0.137557 0.341765 0.441208 -0.377983 0.0479184 -0.221548 -0.373736 0.0130586 -0.433775 
ground pork 0.108881 -0.136485 -0.132486 0.286794 0.464884 0.12723 -0.273413 -0.220594 -0.231398 -0.129346 0.17417 0.359069 0.0704987 0.428724 -0.0523935 -0.125461 0.214328 -0.0821619 -0.406438 0.177635 0.228299 -0.210951 0.390419 -0.45084 -0.328755 0.14145 0.305945 -0.2761 -0.419435 0.194148 0.235114 0.2193 0.263068 0.102871 0.277473 -0.254098 -0.109507 -0.302901 -0.469356 -0.136305 0.0466115 0.291406 -0.382478 0.246221 -0.473018 -0.156648 0.0094705 -0.41496 -0.00879894 -0.417735 0.0560563 -0.0229259 0.0613169 0.423594 -0.157848 -0.217233 0.182672 0.387423 0.355433 0.482889 -0.451466 -0.33843 0.300514 0.389926 0.468359 -0.0175467 0.367881 0.0921761 -0.243734 0.279596 -0.0381692 -0.152925 -0.0351419 -0.0460729 0.231996 0.193022 0.122299 -0.24968 -0.460396 0.0780222 0.387481 0.217526 -0.221143 0.223763 0.344177 0.0147144 0.135651 0.104917 0.457587 0.332466 0.00868559 -0.40605 -0.332767 0.481137 -0.448861 -0.413237 0.135221 0.227243 -0.328531 -0.15674 
sauerkraut -0.0234135 0.291832 0.486903 -0.23375 0.208386 0.0146242 0.479989 -0.0349478 0.108542 -0.430099 0.349924 0.0505382 0.214511 0.118272 -0.218782 -0.235708 -0.0545256 0.382421 0.359091 0.118908 -0.139186 0.0313055 -0.281492 -0.118558 0.471598 -0.0436664 -0.0795742 0.164637 -0.107227 0.253112 -0.325085 0.233652 0.217183 0.0199611 0.150697 0.487771 0.489885 -0.458983 -0.430878 -0.282928 -0.382479 0.197578 0.346966 -0.359409 0.097066 0.178854 0.367211 -0.0805382 -0.289833 0.465229 0.374208 -0.423422 0.0126152 0.0212798 -0.464037 0.488376 -0.473617 -0.158106 0.156568 0.494441 0.143093 -0.448901 0.456352 -0.479601 -0.316983 -0.276806 0.12676 0.342313 0.449822 0.0696574 -0.0722619 0.340294 0.38062 -0.169999 0.295516 0.145933 0.493175 -0.264123 -0.470856 0.298299 -0.183305 -0.387468 0.106745 0.484727 0.430474 -0.368094 0.219098 0.0859555 0.355842 -0.0499882 -0.352917 -0.372361 0.220815 -0.297681 -0.468094 -0.210197 -0.138222 0.00723519 0.266767 -0.402471 
Bigos (Hunters Stew) -0.324029 0.471132 0.407461 -0.271855 0.0597173 0.122886 0.21029 -0.342719 0.0833701 -0.228463 0.379557 -0.0305133 0.25582 0.0994041 -0.325367 0.0256043 -0.247617 -0.391849 -0.116536 -0.244984 -0.473579 -0.128641 -0.0778265 0.0842332 -0.251954 0.383871 0.311305 0.423029 -0.483229 -0.0117251 -0.226994 -0.36488 -0.173219 -0.237723 0.0122863 -0.0915525 0.0680335 0.330684 0.193888 0.229097 -0.418269 -0.305806 -0.0489629 0.206705 -0.218641 -0.347932 0.430243 0.023653 0.354904 -0.0924022 -0.458578 0.171658 0.170309 0.267909 0.197406 -0.175406 -0.231071 0.0165184 -0.422344 -0.186106 0.417545 0.47339 0.283434 -0.487505 -0.386267 0.396326 -0.321363 0.489652 0.21445 0.00789684 -0.00543796 -0.0165218 -0.405768 -0.441317 0.196374 0.257052 0.225845 -0.169406 0.486096 0.124148 -0.437364 -0.31747 0.210341 -0.116172 -0.0404392 -0.327987 -0.472485 -0.24483 -0.152234 -0.328001 -0.240358 -0.472613 0.170644 0.38328 -0.475651 0.371811 0.128365 -0.200131 0.152306 -0.329601 
pickle juice 0.0526843 -0.295957 0.304931 0.0981262 0.150259 0.498979 0.0774243 0.336662 -0.100349 0.269122 -0.397577 0.482008 -0.47122 0.348666 0.323696 -0.166707 0.252138 0.391013 0.482734 0.0789779 0.464631 -0.041163 0.145591 -0.0792831 -0.413344 -0.187339 0.177302 0.489619 0.268854 -0.191356 0.130943 -0.0312149 -0.0211477 0.336792 0.0355108 0.178799 -0.364594 0.450591 -0.15229 0.488428 0.0618644 0.0810437 -0.498132 -0.130112 0.0322246 0.0332421 0.203376 -0.491265 0.154658 0.21971 -0.329243 0.49221 0.420606 -0.0531458 -0.100572 -0.202114 0.260121 0.244672 0.0778514 0.322098 -0.364748 -0.489341 0.0361938 -0.455064 0.302906 0.02673 0.459823 -0.359522 0.219759 0.069881 -0.442555 0.261495 -0.447473 -0.223176 0.236382 -0.437452 0.3318 -0.463982 0.267446 -0.457664 0.254125 -0.408772 0.0481011 0.255694 0.464642 -0.00965457 0.105761 0.115451 0.47889 -0.132258 0.137475 -0.120199 -0.36402 0.0278248 0.216602 -0.117056 -0.399347 0.26344 -0.105523 0.132697 
Chick-Fil-A Sandwich 0.110733 -0.0392253 0.45738 0.480862 0.029376 -0.360355 -0.429713 -0.277565 -0.136895 -0.0732711 -0.0387918 0.401217 -0.329017 0.469766 0.0487793 -0.474206 0.403663 -0.43285 -0.133876 -0.0120328 -0.341969 0.439736 -0.29277 -0.20543 0.387532 0.249472 0.466493 0.423315 -0.291037 0.333273 0.472859 -0.0112037 -0.416349 0.0899287 0.35559 0.357977 -0.348002 -0.472901 -0.130126 0.270953 0.498872 0.407704 0.396217 -0.362738 -0.135423 0.188519 -0.364809 -0.264006 0.262874 -0.212124 0.381141 -0.18837 -0.100418 0.045721 0.209896 0.143247 -0.0266108 0.106209 0.312302 0.469492 0.0295203 -0.0945099 0.494737 -0.0179057 0.254681 -0.0388213 0.0607913 -0.311073 0.0328221 0.115342 -0.0528496 -0.390511 -0.161186 -0.284721 0.400249 0.00439106 -0.370319 -0.279473 0.179655 0.468298 0.239601 0.367056 0.115946 0.00954809 -0.194086 -0.347867 0.218768 -0.468225 0.311474 -0.22452 -0.0676338 0.0774662 0.477648 -0.363186 -0.482925 0.475494 -0.0634035 0.487789 0.141989 0.0244806 
squid 0.0695931 -0.16018 0.366854 0.193213 -0.431484 0.165559 0.419471 -0.482285 0.0247186 0.0647385 -0.243621 0.161251 0.376456 -0.467752 -0.131389 -0.234641 -0.0447959 -0.425375 -0.490314 -0.304013 0.227399 -0.299132 0.158333 -0.0721553 -0.140105 -0.0547622 -0.254615 0.332103 0.161906 -0.0703041 -0.314774 -0.463371 -0.38596 0.432252 0.022934 0.168482 -0.317194 0.492302 -0.455293 0.253276 0.117607 0.374742 0.310282 -0.338356 -0.334002 -0.105047 -0.160077 0.00794896 0.440735 0.188943 0.0684477 -0.259934 0.155902 0.298581 0.467311 -0.183168 0.0517 -0.026313 -0.208942 0.274147 0.0252713 0.18625 -0.19149 0.352218 -0.33904 0.0732902 -0.203467 -0.354651 -0.177425 -0.394274 0.029292 0.0356962 -0.183953 0.155486 0.152118 -0.0472748 0.0485841 -0.091191 0.246018 0.232752 0.187561 -0.257745 -0.00074118 -0.0800983 -0.302104 0.184499 0.19894 0.0215856 0.24453 0.0224065 -0.230976 0.00870784 -0.451297 -0.240015 -0.181655 -0.0447425 -0.32952 0.213564 -0.159321 0.0388057 
shortening -0.39129 0.230799 0.484619 0.229566 -0.265258 -0.121028 -0.00710743 -0.0330612 0.487266 -0.157773 -0.431953 -0.325759 0.425362 0.282815 -0.459042 -0.105128 0.446374 -0.374916 -0.493097 -0.0924233 -0.147315 0.200434 -0.396444 -0.120794 -0.370386 0.054185 0.170904 -0.456737 -0.0347068 -0.136832 -0.0847344 -0.343273 0.313741 -0.207713 0.197664 0.258099 0.248134 0.402722 0.165594 -0.353807 0.204851 0.264491 0.0140229 -0.403634 0.305869 0.174074 0.0695815 -0.447977 0.121159 0.468575 0.243348 0.27579 0.476162 0.0446829 0.23269 -0.20516 0.304655 0.325987 -0.205436 -0.0409012 -0.411392 -0.170928 0.296965 0.100931 -0.468346 -0.412311 -0.471241 -0.47508 0.342998 -0.474768 0.414652 0.13397 -0.0831778 0.258859 0.478068 0.0662829 0.0305807 -0.42719 0.447302 -0.129432 -0.121849 0.211579 0.348517 -0.0121286 -0.454217 0.355699 0.488848 0.249121 0.450679 0.185239 -0.224075 -0.084655 0.14587 0.483962 0.20529 -0.380788 0.172529 0.03587 0.243169 -0.351974 
Krispy Kreme Donut -0.0832587 -0.222621 -0.305549 -0.0856476 0.0096958 -0.407687 0.473979 0.0726713 0.419966 -0.101933 -0.3513 0.205826 -0.0212079 0.342314 -0.00544506 -0.178564 -0.0683788 -0.255153 -0.41737 -0.201454 0.242669 -0.186659 -0.263652 -0.227002 -0.380433 -0.480697 -0.363584 0.381542 -0.3811 -0.277409 -0.419402 0.206123 0.245223 -0.0494493 -0.463054 -0.469176 0.0142956 0.359681 0.048881 -0.283657 -0.414661 0.119996 -0.0834575 -0.202034 -0.189925 -0.242965 -0.0332241 -0.0824596 0.0180096 0.268077 0.21452 0.103577 -0.112504 -0.211126 -0.395687 0.412222 -0.283831 -0.411197 0.143191 0.438468 -0.317855 0.0466961 0.339832 0.0907901 0.189111 0.0264716 -0.281928 -0.385219 -0.284775 -0.0182734 0.204132 0.0874531 0.217001 -0.375448 -0.102237 0.14706 0.492347 -0.153082 -0.164797 -0.393896 -0.347203 0.00890882 0.36267 0.495326 0.106512 -0.171107 0.0794548 -0.36959 -0.283264 0.117452 0.26905 0.409988 -0.424362 -0.492326 -0.373992 -0.234196 0.0725044 -0.163964 -0.069186 -0.0140275 
sesame seed burger buns 0.436351 -0.310055 -0.150304 -0.285112 -0.0689871 -0.353121 -0.408365 0.298568 -0.302313 0.0793912 -0.331538 -0.266767 -0.242706 -0.398861 -0.129521 -0.176658 0.451751 0.440624 0.194332 0.11235 -0.0360201 0.262379 0.0156953 0.115566 0.209521 -0.31678 0.232702 -0.193827 0.307861 -0.176758 -0.338991 0.226887 -0.363055 -0.313374 -0.331297 -0.296676 0.0646425 -0.367161 -0.330084 0.23797 0.201178 -0.231149 0.114151 -0.354184 -0.273916 0.136755 0.449259 0.28779 -0.278037 0.418207 0.193365 -0.187093 0.0330018 -0.314419 -0.22311 -0.103345 0.224481 -0.434805 -0.253642 0.161455 -0.0504406 0.28816 -0.494065 0.355318 0.187006 -0.383919 -0.298266 -0.419835 -0.0624758 0.0408308 0.243264 0.12032 0.338368 -0.434163 0.192355 -0.415872 0.367789 -0.0998674 0.0676938 -0.485766 -0.0773504 -0.497329 -0.229224 0.226605 -0.292386 -0.147925 0.490321 -0.174773 0.0179732 0.329986 -0.0680002 0.364349 -0.341575 -0.366989 -0.299642 -0.0948403 0.329444 0.375093 0.208635 -0.417275 
iceberg lettuce 0.496035 0.462283 -0.432751 0.352968 -0.0391373 -0.0275067 -0.38897 0.135286 0.00169111 0.0379366 -0.316127 0.0162018 0.347747 0.0331107 -0.10275 -0.265243 -0.0329275 -0.00906636 0.00898736 -0.210906 0.343876 0.200796 -0.49023 0.25267 0.434556 -0.281958 0.41146 -0.339468 0.155453 0.0348498 -0.212252 0.487493 0.0458232 0.280545 -0.318195 0.390625 -0.37298 0.141733 0.440827 -0.25393 0.216728 0.277403 0.120599 -0.387865 0.493517 0.0351866 -0.483172 0.173065 -0.366155 -0.402233 0.335061 -0.0338782 0.0148578 0.118274 -0.376407 0.471731 0.474078 0.228841 -0.498357 0.390675 0.363576 0.26147 0.121702 -0.400599 -0.341151 0.0770286 -0.234867 -0.47152 -0.486461 -0.483849 -0.206174 0.112409 -0.384355 -0.281519 0.167926 0.234997 0.323096 0.297174 -0.108306 -0.29967 0.17619 0.318256 -0.0270897 0.302571 -0.190117 -0.0629315 -0.0509835 0.404769 0.294784 0.196488 0.224356 0.18497 -0.162062 0.0653993 -0.206173 0.195117 -0.0440829 -0.291885 0.185791 0.446704 
Big Mac -0.0367321 0.242691 0.1674 -0.0810639 -0.194263 -0.330297 -0.147891 0.0595412 0.157474 0.189514 -0.366458 0.415323 0.16714 -0.290565 0.429948 -0.377473 -0.323064 -0.102737 -0.386667 0.348567 -0.247076 0.357063 0.431737 0.362349 0.152519 -0.278763 -0.00254855 -0.38184 -0.472637 0.0841958 0.362007 -0.168501 -0.326214 -0.364463 -0.294366 0.115548 0.440645 -0.300772 -0.0442768 -0.4399 -0.458701 0.171252 0.211228 0.496397 0.389174 -0.224219 0.155319 -0.370814 0.265977 -0.111657 0.0618242 -0.257701 -0.0349294 -0.327974 -0.163854 0.305804 -0.293506 -0.383326 0.176755 0.127214 -0.231195 0.0769529 0.429208 0.408186 -0.0832392 -0.264711 0.398284 -0.499455 -0.0463493 0.481754 -0.164544 0.0961311 0.105475 -0.224607 0.145826 -0.173073 0.346254 -0.210897 -0.336328 0.157348 0.0418017 -0.498519 0.382543 0.167148 0.277196 -0.0625544 -0.0132207 0.3643 0.00595396 0.486479 -0.337896 -0.475762 0.263899 0.222562 -0.230376 -0.0946254 0.124841 0.320672 0.0560229 -0.285464 
Gigantes Plaki -0.295732 -0.309168 -0.164329 0.338788 -0.495561 0.194579 0.108785 0.108 0.040114 0.25282 -0.282984 -0.35684 0.176604 -0.0926832 -0.304514 0.493846 0.308054 0.13495 -0.0551213 -0.334625 -0.393467 -0.0997532 -0.0313807 -0.337497 0.0623621 -0.17721 -0.372119 0.344154 -0.471915 0.269713 0.363479 -0.362322 -0.308686 -0.189049 0.338441 -0.155548 -0.010179 0.117216 -0.121771 0.424288 -0.25526 0.0633738 -0.357838 0.490532 0.140391 -0.488407 0.0882081 0.48522 -0.247359 0.17823 -0.0565632 -0.437921 -0.233717 -0.125422 -0.23284 -0.216313 -0.136664 0.455402 -0.37228 -0.0509578 -0.12618 -0.000247432 0.409737 0.312526 -0.105849 -0.358793 -0.0804549 0.215079 0.34978 -0.17048 -0.48898 0.375778 0.168492 -0.409747 0.442064 -0.24501 0.118712 -0.144872 0.374658 0.282189 -0.384789 -0.44273 0.036293 0.226913 -0.189049 0.231928 -0.473478 -0.356323 -0.311397 -0.349745 0.0997177 -0.309675 0.475956 -0.0460336 -0.216391 -0.104191 -0.124232 0.188583 0.248572 -0.272431 
quinoa -0.000375711 0.037548 -0.332565 0.112297 0.383327 0.394036 -0.0100165 -0.402367 -0.331239 -0.146826 0.0103973 0.455554 -0.403132 -0.262942 0.428851 -0.360292 0.350145 0.087744 -0.0412541 0.436594 -0.113048 -0.00380186 -0.47173 -0.332654 -0.464316 0.09455 0.485712 -0.273229 0.0792208 0.234179 -0.267806 0.0315264 0.3545 -0.443686 0.251592 -0.150726 -0.369644 0.388742 -0.48606 0.114211 -0.0599692 -0.359408 -0.111799 -0.0897165 -0.476236 -0.440573 -0.408789 -0.404364 0.0829025 -0.133006 -0.376171 0.0597801 -0.0871823 -0.180164 0.15672 -0.460648 0.169734 0.0510671 -0.425664 0.1634 -0.453767 0.358263 0.230638 -0.0166611 -0.334396 0.281883 -0.139746 0.230985 -0.403065 0.0781073 0.0767356 0.108034 -0.49527 0.246665 0.38521 0.0848806 -0.29516 0.399446 0.193343 -0.184419 0.107051 -0.162749 -0.475666 0.0166315 0.315605 -0.392257 -0.389402 0.436789 0.0980303 0.370594 0.285688 -0.476307 -0.18559 -0.391903 0.28301 -0.193566 -0.143641 -0.175173 0.227722 -0.14714 
Chicken Quinoa Greek Salad -0.154382 -0.145926 -0.461982 0.284551 0.392226 0.363853 0.289552 0.354689 -0.494061 0.216964 -0.371911 -0.400776 -0.0354801 -0.23161 -0.396368 -0.017539 -0.496321 0.451006 0.180984 -0.196416 0.0231646 0.124958 0.130696 0.130821 0.413731 0.493628 0.29428 0.491649 -0.0700617 0.473198 -0.242708 0.49134 -0.0599123 -0.0185867 0.00181556 -0.225107 -0.151071 0.296666 0.301059 -0.421063 -0.0384816 0.20044 0.403142 0.346595 -0.269351 0.170018 0.357965 -0.0295366 -0.339718 -0.158584 0.385058 -0.295741 -0.335138 -0.124276 -0.354119 -0.436059 -0.358641 -0.0649168 -0.204651 0.101528 0.451466 -0.20649 0.00934552 -0.420373 0.378493 0.498736 0.408319 -0.465582 -0.331779 0.199984 0.250861 -0.425809 -0.407562 0.21788 0.339375 -0.254873 0.391215 -0.29636 -0.177734 -0.180483 -0.254402 -0.104797 -0.262019 -0.369744 -0.456555 0.243241 -0.200893 0.152975 -0.196333 0.408176 0.36639 0.450398 -0.464344 -0.203675 0.46013 -0.252181 0.49703 -0.181759 0.258043 -0.2053 
bulgur wheat 0.155869 0.373318 -0.305107 -0.212625 -0.322163 -0.379984 -0.0225213 0.0346612 0.275123 -0.207092 0.408442 0.448112 0.389611 0.269702 0.159079 -0.451278 0.282804 0.23092 0.242814 0.0447768 0.0923085 0.0825373 -0.457953 -0.042986 -0.0319141 -0.428463 -0.1899 -0.196149 0.35908 0.431806 -0.474716 -0.388863 -0.252677 -0.257416 0.183506 0.320805 -0.0748815 -0.250763 -0.139463 -0.350381 0.371473 0.149597 -0.477814 -0.0841698 0.0964405 0.282638 -0.0541476 0.394284 0.423074 -0.395794 0.424684 -0.136902 0.104214 0.27099 0.296729 -0.37973 0.165673 -0.304103 -0.221838 -0.496549 -0.379874 -0.153694 -0.060816 0.250525 -0.158548 0.417681 0.0809451 -0.496361 0.0205134 0.284377 -0.297972 -0.045987 0.0870106 0.172307 -0.00931354 0.172588 -0.204732 0.180263 -0.337294 0.30429 -0.19062 0.143423 0.499017 0.121841 -0.00124924 -0.0415408 0.17821 -0.33054 0.455278 -0.335995 0.414703 -0.0516451 -0.275416 -0.135849 -0.00875258 -0.0416991 0.42859 -0.322172 0.117069 -0.290458 
Lamb and Lemon Souvlaki -0.14151 -0.356198 0.0151197 -0.21195 -0.0987691 -0.17296 0.0842032 -0.417048 -0.143275 0.120746 -0.143602 0.35958 0.0544974 0.294516 0.412969 0.0558905 0.0553385 0.162838 -0.132249 0.327828 0.295593 -0.181585 -0.0868566 -0.180416 0.0817971 0.359331 0.0309718 -0.439623 -0.217061 0.386695 -0.000134397 0.0239684 -0.4958 0.265999 -0.058556 0.207799 -0.135349 0.418462 -0.21585 0.176439 -0.272645 0.063463 -0.324581 -0.339536 -0.302182 -0.175202 -0.430521 -0.0418205 0.186474 0.452981 0.231541 0.275319 -0.424348 -0.345136 -0.0749745 0.467541 -0.269954 -0.150074 -0.225409 0.084372 0.135758 -0.132051 0.329137 0.178099 0.489445 -0.199966 0.237736 0.208256 -0.228437 0.435915 0.259432 -0.0159267 0.440564 0.38213 -0.372049 -0.102302 0.465235 0.240517 0.263056 0.144529 -0.240066 0.326814 0.182238 0.489288 0.141099 -0.0872778 0.394119 0.46571 -0.0258251 0.402416 0.040173 0.329849 -0.371627 -0.146524 0.283213 0.350352 0.104261 -0.259504 0.0702381 0.0409503 
Stuffed Lamb Tomatoes -0.0873197 0.248441 0.014662 -0.312431 -0.0800762 0.140574 -0.415694 -0.22373 -0.461487 -0.0754945 0.382685 0.42051 0.0997771 -0.349419 -0.113216 0.387774 -0.233107 0.321615 -0.371811 0.207001 -0.194766 -0.291798 0.395442 -0.235263 0.146702 0.147166 0.286158 0.266263 -0.0280742 0.171001 0.226646 -0.425238 -0.388765 -0.429936 -0.332822 -0.451713 -0.329828 0.278613 -0.185911 0.204293 -0.382769 0.472506 0.472574 -0.0633483 0.370245 0.333282 0.423755 -0.473416 -0.341886 0.27967 -0.211348 -0.0528581 0.0241779 -0.361162 -0.28728 0.1147 -0.193887 0.120847 0.043131 -0.4178 -0.0782522 0.21138 -0.322806 0.180117 0.370115 0.197954 -0.139328 -0.316588 -0.198238 0.0687586 -0.344125 0.450228 -0.0746464 -0.47609 0.161484 0.407102 0.178978 -0.117367 -0.224283 -0.425905 -0.18166 0.473303 0.177354 0.308165 0.443906 0.262778 0.141313 0.197795 0.15641 0.259335 0.17053 0.00537783 0.0680901 -0.251167 0.117423 -0.281805 -0.411933 -0.384304 0.0110619 0.44674 
fruit mix -0.160141 0.366602 0.104213 0.24684 -0.0891621 0.100513 0.391289 -0.111587 0.342033 -0.420449 0.0675925 -0.480839 -0.315644 0.00380772 -0.0206019 -0.217033 -0.430977 0.279747 -0.42053 0.438934 -0.436056 -0.482043 0.27265 0.247509 -0.331551 -0.126043 -0.422065 0.18357 0.0723243 0.0687561 -0.413603 -0.0347275 -0.411497 -0.00800178 0.227955 0.126593 0.391047 -0.3649 -0.371089 0.302335 0.0181922 0.290238 -0.256962 0.111311 -0.419821 0.314256 0.443487 -0.214144 0.142362 -0.47586 0.43925 0.31844 -0.437954 -0.0107692 0.49846 0.241911 0.211005 -0.365291 0.0382103 -0.269591 0.164987 0.135532 -0.201168 0.279517 -0.277969 -0.139268 0.0370615 0.425478 -0.35686 -0.163752 -0.0103401 -0.274423 -0.225213 -0.323324 -0.439084 0.492779 0.121085 -0.491692 -0.294898 0.154713 -0.454391 0.356379 -0.222313 -0.424809 0.292212 0.249737 -0.413903 0.481841 -0.0845225 -0.0649586 -0.0872527 -0.43222 -0.397221 -0.331253 -0.0208673 -0.127083 -0.404465 0.243173 0.0650085 -0.299565 
Moussaka 0.358015 0.420139 -0.114939 -0.272137 0.469913 0.260728 -0.258743 0.342215 0.191114 0.0989772 -0.0887373 -0.0545991 0.117194 -0.113186 0.375285 0.451368 0.259745 -0.1024 -0.121363 0.112975 -0.379418 0.335862 0.296219 0.0920405 0.426208 -0.473421 0.170935 -0.273936 -0.345211 -0.171285 -0.304878 0.377922 0.379681 0.0233855 -0.421326 0.249011 -0.380267 0.400029 0.272992 0.105815 0.487927 -0.104872 0.3765 0.0226466 -0.115959 0.0998948 -0.411173 0.339281 -0.0797382 0.0802405 -0.420385 0.0239728 0.0339516 -0.347197 -0.413572 0.174662 -0.00998724 -0.490089 0.461205 0.0361774 -0.0859885 -0.467385 -0.176404 0.320219 0.209706 -0.367627 -0.211539 0.174943 0.431606 -0.0242308 0.42603 -0.449939 -0.318777 -0.191213 -0.0502853 0.378212 -0.306721 -0.354185 0.313922 0.0683263 0.154075 -0.346989 -0.171703 0.22427 -0.274211 0.397666 0.370194 0.247657 0.433984 -0.0776275 0.407865 0.318699 0.289189 -0.473322 -0.302776 0.389567 0.12127 0.442165 -0.0438563 -0.108779 
Crispy Sausages and Greens 0.00158306 0.483425 -0.327339 -0.14923 -0.136614 0.154765 0.44461 0.483942 0.21541 -0.326988 -0.331175 0.301827 0.137894 -0.46047 -0.461918 0.182373 -0.0473647 -0.137577 -0.371308 0.14573 -0.491057 0.136236 0.0863751 0.16447 0.0648801 -0.367668 -0.107874 -0.0922264 -0.369793 0.386376 -0.147995 0.235482 -0.463071 -0.0484874 0.096739 -0.418273 -0.387078 0.180679 -0.350177 0.485148 0.289998 0.314552 0.413151 0.19326 -0.48691 0.267529 0.480618 0.388768 -0.471056 -0.26598 -0.326533 -0.0271814 0.489845 0.192544 0.196321 0.278658 -0.161038 -0.211097 -0.474713 -0.18403 -0.350015 -0.0160105 -0.472163 -0.265198 -0.247139 -0.425737 -0.1378 -0.0658288 -0.0150314 0.148955 0.133369 -0.185395 0.495102 0.459601 -0.376552 0.432487 0.449039 0.4775 -0.183119 -0.118432 0.0245278 0.0551772 0.203693 0.259572 -0.290438 0.387378 0.403195 -0.00568514 0.226314 0.389855 -0.137644 -0.093769 -0.491278 0.14664 0.297456 -0.44083 -0.219358 0.432959 -0.321872 -0.159354 
Beef Mechado 0.077038 0.349912 0.38186 0.326287 -0.310532 -0.115914 -0.385744 0.0517865 0.167009 -0.420326 0.335579 0.171066 -0.0941256 0.0305967 0.0258061 -0.0333117 -0.341973 0.3569 0.365578 -0.441864 -0.11182 0.405732 0.0886242 0.126554 -0.324073 0.231296 -0.261029 0.39512 0.158697 0.374257 -0.258876 -0.147907 -0.180587 -0.195923 -0.0423374 0.396978 0.242855 0.110186 -0.470793 0.412118 -0.314316 0.0258109 0.0943509 0.220639 0.110499 -0.356221 0.262287 -0.137778 0.362773 0.24312 -0.389674 -0.177971 0.159552 0.49578 -0.0652517 -0.128017 0.167144 0.435883 -0.0768034 -0.162202 -0.257656 0.0794379 0.228683 -0.358149 -0.408073 0.13031 0.359881 0.266157 0.438937 0.281195 -0.478203 0.437181 -0.157332 0.277404 0.171494 0.179913 -0.297678 -0.121995 -0.0128823 -0.437306 -0.387089 0.296694 0.269486 0.468129 0.471673 -0.197919 0.345904 -0.48475 -0.369586 -0.0117086 0.239203 -0.458667 0.37714 -0.406576 -0.397921 -0.281049 0.0884243 -0.356582 0.301676 -0.0983333 
Corned Beef and Cabbage -0.063205 -0.167027 0.302538 0.280266 -0.234699 0.066177 0.158409 0.118844 0.196351 -0.466408 -0.253612 0.0403571 0.398214 0.0107832 0.0313619 0.209292 -0.0989868 -0.453469 0.0344166 -0.41882 -0.211695 0.330762 -0.122682 -0.35187 0.422295 -0.331168 0.383759 0.256227 -0.466977 0.428011 0.284493 -0.186991 0.0654245 -0.303408 -0.44159 -0.185184 -0.0886022 -0.259201 0.362668 0.0776251 0.0378603 0.0318812 0.49294 0.234884 -0.263671 -0.427655 0.425269 0.329354 -0.0244387 -0.115576 -0.373098 -0.448635 0.163793 -0.489503 -0.405653 -0.309816 -0.327017 -0.27264 0.00137361 0.233234 -0.111527 0.41731 -0.0187495 -0.428207 -0.325966 0.32892 -0.10485 0.113535 -0.234347 0.490307 0.0373664 -0.228412 -0.0180514 0.366088 -0.341437 -0.153733 0.484356 0.0296647 0.193576 -0.17445 -0.0812865 -0.146135 -0.469775 -0.417405 0.399277 -0.16502 -0.476961 0.462903 -0.316318 0.387178 0.0293565 -0.327649 0.438684 0.0589361 -0.299695 0.147268 0.0266638 0.260198 -0.242882 0.347626 
Beef Banh Mi Bowls with Sriracha Mayo, Carrot & Pickled Cucumber -0.208317 0.48887 0.175721 0.260122 0.290531 -0.476489 0.329004 -0.494989 -0.255278 -0.112441 -0.349779 0.146833 -0.0188071 0.404394 0.0358013 -0.132103 0.370014 -0.47514 -0.0977069 0.255591 -0.0247697 -0.310054 -0.48811 -0.216339 0.0378969 -0.0979707 0.393309 0.426929 -0.496926 0.433965 -0.447887 -0.302759 0.410757 -0.0381397 0.426771 -0.113444 0.472279 0.112415 -0.375216 0.270907 0.438902 0.438138 0.211547 0.0974294 -0.492008 -0.130193 -0.25012 -0.317808 -0.34566 0.265404 -0.38812 -0.208817 0.231606 0.27443 0.393512 0.271115 -0.028876 -0.0664724 0.264101 -0.476421 0.0571901 0.0806045 -0.364583 0.426669 -0.00391162 -0.427613 0.116899 -0.304758 -0.217645 -0.389026 0.418963 -0.224101 -0.165693 0.123438 0.0461408 -0.0224851 -0.0037872 0.127068 -0.2746 -0.315376 -0.170975 0.226233 0.0706618 -0.383307 0.374467 0.117285 -0.373783 0.0801212 0.279787 0.131083 0.141721 0.317413 -0.0437805 -0.0183813 -0.102945 0.280591 -0.306022 0.466513 0.0721038 0.111474 
French Onion Chicken with Roasted Carrots & Mashed Potatoes 0.448078 0.44073 0.457989 -0.200324 -0.487293 0.229667 -0.0118027 0.320682 -0.108979 -0.493376 0.35528 0.233117 0.15074 0.0303146 -0.295355 0.490544 0.018622 0.484854 -0.313048 0.469659 -0.395934 0.444973 0.0801585 -0.467276 -0.346491 -0.119271 0.2229 0.350994 0.072751 -0.491416 -0.184609 -0.150132 0.141852 -0.046319 0.27482 -0.198752 0.470018 0.206755 0.45432 -0.304694 0.439342 -0.339554 0.156575 -0.0350832 0.290559 -0.49017 0.318907 -0.183281 0.308183 -0.288875 0.206294 0.225459 -0.133571 -0.217099 0.0215195 0.220924 0.410423 0.469769 -0.175411 0.484015 0.0380699 0.40579 -0.120697 0.489547 0.281625 -0.31834 0.404372 0.0876489 0.468558 -0.0857446 0.29694 -0.463528 -0.0223092 -0.078165 0.0490024 0.433872 -0.45312 -0.190761 -0.161552 -0.176298 -0.016474 0.395101 0.0398766 -0.234598 0.187751 -0.266765 -0.365233 -0.306466 -0.324304 -0.133869 -0.226524 -0.016235 0.424813 -0.00520341 -0.353399 0.455131 -0.231878 -0.397792 -0.474113 -0.383459 
BBQ Pork Sloppy Joes -0.439338 -0.234423 -0.353344 -0.470222 0.290337 -0.44032 0.220596 0.363438 0.4661 0.344718 0.298473 0.129828 0.338899 0.290716 0.228701 0.231235 -0.24628 0.312063 -0.258043 0.274275 0.450982 -0.336395 -0.141659 -0.11948 0.354465 -0.0358363 -0.303485 -0.32572 0.39192 -0.211612 -0.214533 0.0105583 0.22113 0.241192 0.14414 -0.355197 -0.0385458 0.269429 0.437305 0.414209 -0.238084 0.472691 0.0974955 -0.175266 -0.338071 -0.438233 0.447352 -0.468639 -0.240737 -0.0524829 -0.27618 -0.2726 0.25741 0.429759 0.0967008 -0.404476 0.496981 0.428502 -0.379421 0.0311174 -0.23096 0.385941 -0.170536 -0.397493 -0.180935 0.406664 -0.207899 -0.456601 0.392136 0.0981119 -0.188246 -0.376131 0.170547 -0.0827287 -0.143607 0.191439 -0.423422 -0.100843 -0.398297 0.145122 -0.480073 -0.210706 -0.03485 -0.27289 -0.0601911 -0.0900895 -0.350707 -0.105941 0.100065 -0.107552 -0.363502 -0.219872 0.123883 -0.141677 -0.164977 -0.341887 0.323119 0.376678 -0.188679 0.348483 
Honey Balsamic Chicken with Crispy Broccoli & Potatoes 0.334379 0.301969 -0.485027 -0.0357143 0.0724217 -0.254462 -0.497548 -0.168111 0.0671015 0.284553 -0.33794 0.444437 -0.254397 -0.496341 -0.432361 -0.447285 -0.353977 -0.282266 0.247656 0.346771 -0.193423 0.406143 0.440008 -0.0507269 0.355228 0.119181 0.407788 0.0575045 0.182821 0.385097 0.303482 0.322965 0.342214 -0.0943604 0.305443 -0.340297 -0.234976 0.238794 -0.0707155 0.494753 -0.381069 -0.0980807 -0.28073 -0.350678 0.255162 -0.0828115 0.3268 -0.425599 0.411698 0.0780997 0.323039 -0.445205 0.300482 0.134146 0.274595 0.267824 0.15264 -0.159489 0.374952 0.0355416 -0.225707 -0.260075 -0.0988658 0.374577 0.211307 0.328727 0.0209727 0.447046 -0.341589 -0.230613 0.215347 -0.387815 0.285504 -0.0332854 0.308478 -0.136404 -0.48315 0.0770798 -0.371308 -0.137147 -0.488597 0.0539664 0.200047 0.141393 -0.375279 -0.116935 -0.346452 -0.169916 0.444227 0.120443 -0.0461106 -0.0150294 -0.452458 -0.0617528 0.29376 0.280292 0.283871 -0.29401 -0.0725244 -0.404713 
mincemeat 0.210952 -0.280434 0.319593 0.197248 0.0570806 -0.323414 -0.123243 -0.338628 0.376877 -0.274426 -0.414936 0.140369 -0.074791 0.0676246 0.41577 0.295359 -0.498581 -0.28195 0.200944 0.415194 -0.0371937 0.0710112 -0.340029 0.0793862 -0.0442541 -0.0265943 0.494735 0.000361048 0.232117 -0.184139 -0.480197 0.203333 -0.0692503 0.146709 -0.169677 -0.338748 -0.245963 0.32807 0.132052 -0.250777 -0.143478 -0.375217 -0.0279551 0.320179 0.397113 -0.0698241 0.466435 -0.305677 0.44294 -0.443446 -0.327742 -0.309041 -0.38048 0.174203 0.281548 0.10856 0.262326 0.278825 0.0560868 0.255282 -0.400194 -0.158253 0.0135951 -0.114171 0.241462 0.48037 -0.108606 -0.370594 -0.0201731 -0.28027 -0.343883 0.428641 -0.0327185 0.253293 -0.0446983 0.495714 0.487501 -0.154089 -0.373962 0.0827686 0.485135 0.0797156 -0.18286 0.339566 0.297857 0.124384 -0.0703482 -0.309428 -0.315272 -0.0826197 -0.0728595 0.262886 0.35073 -0.232099 0.220783 0.0953746 -0.449782 0.282475 -0.065752 -0.352967 
Mince Pies -0.0835472 -0.349969 0.0575047 0.292463 -0.154382 0.00872863 0.157859 -0.466473 -0.245434 -0.267622 -0.010094 -0.131843 -0.134293 -0.0208598 0.417404 0.471969 0.440726 0.453857 -0.0991227 -0.446252 -0.133969 0.493589 0.299912 0.111 -0.38324 0.0646142 0.103694 -0.0922383 -0.234824 -0.200059 0.0161617 -0.396559 0.121298 0.285654 0.0800992 0.0638664 0.100558 0.209391 0.122342 0.276003 -0.121648 -0.284264 -0.0339304 0.478156 -0.283938 -0.238011 0.25678 -0.105507 0.236251 -0.116638 -0.228232 0.0420208 0.48241 0.0286491 -0.0884806 0.203417 -0.328383 -0.110049 -0.0186238 0.387798 -0.309822 0.0501056 0.347814 -0.20029 -0.0612481 0.287732 -0.14257 -0.203885 0.485527 0.451292 -0.0621038 -0.0810387 0.397817 0.16038 -0.439931 0.0835995 -0.189437 -0.302152 0.460958 -0.472332 0.0770462 -0.00499887 -0.300721 0.315028 0.0580027 0.177039 -0.162421 -0.377943 0.118206 -0.132402 0.0210615 -0.485287 0.396833 0.276934 -0.00235048 -0.309805 -0.473624 0.498264 -0.246132 -0.283984 
sherry 0.34998 -0.255538 -0.435932 -0.491739 -0.480996 -0.274661 0.39701 -0.392069 0.356237 -0.214163 0.098616 0.337445 -0.495679 -0.0496614 0.497557 0.463226 0.156964 -0.462089 -0.299865 -0.411953 0.260388 0.196922 0.007814 -0.183335 -0.499041 0.411862 -0.437854 0.134265 -0.35729 -0.0489018 -0.2447 0.0018632 0.0906205 -0.242575 -0.178572 0.161595 -0.337809 0.256381 -0.0726531 -0.26708 -0.128956 -0.308453 0.0184925 0.0113758 -0.215589 -0.429875 -0.360772 0.244518 0.324012 0.0261953 -0.331563 -0.208103 0.458221 -0.0567219 -0.299091 0.334603 -0.0116742 0.411026 -0.236727 -0.304052 -0.182259 0.109201 0.190868 0.4782 0.349292 -0.356633 -0.269622 -0.00739682 0.098506 0.40033 -0.190586 0.264508 -0.376949 0.368527 -0.00470926 0.469707 -0.243026 0.468919 -0.205058 -0.34842 0.168672 0.412618 0.190038 -0.276781 0.440124 0.20274 -0.0756459 -0.295421 -0.105258 0.188017 0.276293 0.16902 0.115336 -0.302135 0.362591 0.133372 0.0892887 -0.240557 0.0909858 -0.00311936 
rose water 0.413614 0.0678 -0.0570378 -0.117713 -0.132581 0.410158 -0.168696 0.441342 -0.390393 -0.375686 -0.472538 -0.473443 -0.477824 -0.207957 0.429866 -0.00560088 0.0683138 -0.0793246 -0.00559253 -0.275305 -0.354608 -0.096749 -0.121149 0.101252 -0.28645 0.0679419 0.393021 -0.188688 0.150841 0.408708 -0.0884091 -0.273818 0.0609722 -0.430335 -0.203184 -0.473116 -0.236553 0.0445233 0.337298 -0.266968 0.494847 0.249352 0.494211 0.279053 0.279484 0.0480193 0.251721 0.335609 -0.488509 -0.11207 0.46754 -0.0407569 -0.454669 0.452201 0.0852364 -0.483577 0.145854 -0.45818 0.215787 0.0753273 -0.258532 -0.404839 0.241167 -0.161591 -0.297511 -0.141888 -0.0983841 -0.43815 -0.377879 -0.128711 -0.417469 -0.462228 -0.177411 -0.182614 0.159637 -0.237733 0.165995 -0.290938 0.496918 0.00277819 -0.284088 -0.0494054 -0.237295 0.0576582 0.231362 0.432434 0.462481 -0.174091 0.214189 -0.458581 -0.483218 0.0799059 0.258851 -0.0207176 0.165636 -0.296749 0.43868 0.00650546 0.0297239 0.148795 
Christmas cake 0.11426 0.150622 -0.13591 -0.280196 -0.203248 -0.456086 -0.463358 -0.47629 0.301284 0.349378 -0.169223 -0.357953 0.499078 -0.204626 -0.0155082 -0.26548 0.00805786 -0.315969 -0.0190568 -0.10687 -0.06703 0.0243109 0.336606 0.18993 -0.263257 0.280244 0.0977729 0.276616 -0.221124 -0.153161 -0.210497 -0.0697887 0.125997 0.284955 -0.024695 0.145083 0.458837 0.189556 -0.378907 -0.304295 -0.317579 0.0596696 0.206465 0.39163 -0.17195 -0.131149 -0.0626297 0.429477 0.405075 0.129321 -0.279544 0.294246 -0.0546413 -0.179479 0.30511 0.388616 0.125049 0.062979 -0.0169545 0.126841 0.329956 0.0494384 0.426509 0.386888 -0.410929 -0.224973 -0.340189 -0.21478 0.150698 -0.342121 -0.115685 -0.441062 0.214274 -0.414504 -0.315602 0.14739 -0.487444 0.20021 -0.263857 -0.410342 0.0558492 0.363521 -0.141412 0.0343926 -0.147317 0.186731 0.338625 -0.183623 0.298538 0.352757 0.321813 0.219431 -0.0610313 0.0504416 0.275686 -0.490384 -0.0335772 0.0188725 0.157186 0.164676 
grand marnier 0.417108 0.427418 -0.450475 0.491249 0.155327 -0.290978 0.46642 0.0124734 -0.363619 0.254732 -0.443719 -0.052487 -0.116273 -0.123787 -0.375267 -0.352693 -0.139363 -0.151825 0.347987 0.126762 0.336903 0.45098 -0.185371 0.457489 0.470466 0.331846 0.103715 -0.375694 -0.388523 0.435364 -0.302238 0.0500754 -0.140822 0.421354 -0.00239984 -0.446886 0.153742 -0.394446 0.415015 0.334354 -0.304876 0.0661737 -0.186125 0.492824 0.174985 0.131056 0.198132 -0.369422 0.292315 -0.118365 0.344211 0.0515272 0.348117 -0.317583 0.233122 0.150337 -0.3149 -0.238367 -0.140201 -0.457363 0.215566 -0.203057 0.0780628 0.352634 -0.378325 0.480496 -0.24865 0.11168 -0.13488 0.475377 0.303468 0.439196 0.36873 -0.194932 0.369267 0.306416 -0.28819 0.0245409 -0.4699 0.1897 0.450626 0.165835 0.127139 0.0420832 -0.460235 -0.138853 -0.275716 0.262914 -0.407006 -0.364903 -0.100852 -0.271865 0.417255 0.0699532 0.280723 -0.283649 0.488123 -0.175637 -0.0219445 0.187535 
Classic Christmas pudding -0.0550303 -0.270804 -0.0825924 -0.167684 0.483813 0.352355 -0.483361 0.314312 0.273454 0.369587 -0.236602 -0.198382 0.4632 -0.17933 0.454654 0.22215 0.0182465 0.176353 0.423517 0.0594983 -0.444317 0.203907 -0.112355 -0.00493102 0.4127 -0.0675005 -0.493753 0.160611 0.265982 0.184549 0.447571 -0.165732 -0.314717 -0.23707 -0.385113 -0.473602 0.155188 -0.0474032 -0.49806 -0.436364 -0.429163 0.0839346 0.139835 0.41548 0.0535211 0.220197 0.215579 -0.0224915 -0.27913 -0.485249 -0.342596 -0.282527 0.107848 -0.13721 0.0126999 -0.354969 0.370443 -0.300326 -0.234032 -0.0304112 0.470519 -0.333028 -0.252765 -0.149593 0.369866 0.196325 0.124663 -0.432904 -0.0234631 -0.243335 0.187496 -0.305686 0.0630217 0.0743256 -0.00920227 -0.00447347 -0.214359 0.258877 -0.292063 0.237082 -0.167931 0.114661 -0.169485 -0.404262 -0.115436 -0.388695 0.0481891 -0.226065 -0.2626 0.455357 -0.125912 -0.453559 -0.035316 0.393359 0.301279 0.366641 0.0520036 -0.103127 0.000735363 -0.221489 
Spaghetti alla Carbonara 0.386006 0.358386 -0.255848 -0.139935 -0.313266 0.0682167 -0.313539 -0.182148 0.391223 0.388519 0.238526 0.123524 -0.0800764 -0.18766 0.0192115 -0.0129754 -0.238897 -0.0670005 0.339367 -0.230292 -0.409188 0.0562919 0.36095 -0.0546296 0.209794 -0.253383 0.257499 -0.0942289 -0.0555056 -0.28734 -0.219492 -0.145597 0.0275703 0.0277194 0.405242 -0.228879 -0.174377 0.100358 0.231041 -0.0688434 0.498309 0.0598953 0.257 -0.475928 0.156071 -0.19153 0.237104 0.350855 0.161327 -0.483972 -0.0456693 0.0583492 -0.188687 0.0851507 0.414318 0.370452 0.19427 -0.169166 -0.441806 -0.0260958 -0.0716078 0.0497524 -0.275266 0.426547 -0.290323 0.473176 -0.0959842 -0.4056 -0.252876 0.0328483 -0.0901558 0.482857 0.416127 -0.338252 0.243843 0.47421 -0.0481797 0.0579348 -0.0879024 -0.163446 0.261915 -0.194712 0.202487 0.434327 0.251901 0.128258 0.404861 -0.0553085 -0.0707227 0.155126 0.113649 -0.164346 -0.191693 -0.29474 -0.35405 0.333826 0.295322 -0.0161578 -0.292971 0.344466 
orange blossom water -0.0511627 0.216976 -0.321132 0.293038 -0.386206 0.0769902 -0.295613 0.336975 0.332729 -0.151618 0.327655 0.0138985 -0.0121815 0.456873 -0.246533 0.388852 -0.0224497 0.0519518 -0.335055 -0.405807 -0.487111 -0.0986471 -0.454742 -0.137789 -0.401312 -0.494097 -0.271083 -0.466689 -0.372351 -0.390758 -0.142512 -0.0623862 0.228211 -0.313558 -0.263087 -0.0983184 0.307615 0.358683 0.290174 -0.146619 -0.18439 -0.35739 0.354456 -0.147987 -0.154527 0.469391 -0.33636 0.268904 -0.304494 -0.43513 0.0232306 -0.051262 0.493646 -0.499313 0.0930233 -0.461837 -0.0320615 -0.0845441 0.283843 -0.347397 0.310249 0.0894536 -0.338967 -0.499008 -0.254873 0.035703 -0.389935 0.154162 -0.138558 -0.0167321 -0.1086 -0.209241 -0.174029 0.207074 -0.457411 0.304712 0.446996 -0.359458 0.223405 0.131754 0.0756663 0.301975 -0.0108928 -0.399063 -0.419934 0.126607 -0.129869 -0.011603 -0.331193 0.255799 0.0949459 -0.291326 0.106013 0.211396 -0.0977877 0.16716 -0.00373174 -0.484658 0.324459 0.125573 
Potato Salad (Olivier Salad) 0.360645 -0.478411 -0.347169 0.429042 -0.456211 -0.190399 0.133018 0.287936 -0.272858 0.282989 0.157832 0.392209 -0.263413 0.0084465 -0.299532 -0.115152 -0.142451 -0.427955 -0.0684222 0.47373 0.488241 -0.125497 0.278834 0.431313 0.0236248 0.242614 -0.0722427 0.402465 0.0146219 -0.243705 -0.26233 0.199244 0.413584 0.497488 0.449034 0.441241 0.205845 -0.131585 0.255763 -0.129681 -0.0605711 -0.264397 -0.422516 -0.348087 0.291705 0.126165 -0.0016723 0.483318 0.157407 -0.408197 -0.176591 0.363964 0.0824302 0.0822244 -0.490161 0.0388838 -0.382065 -0.111197 0.0818204 0.302605 -0.221936 -0.0490826 -0.347159 -0.0092946 0.235978 -0.407669 -0.377139 -0.0556359 0.0480528 0.240235 -0.223707 0.0494779 0.114696 -0.329556 -0.236602 -0.134787 -0.460301 0.492447 -0.328806 -0.137399 -0.239447 0.0717504 0.00168905 -0.0690782 0.487838 0.370129 -0.0595429 -0.460497 0.324473 0.476591 -0.193885 -0.135126 -0.302652 0.32566 -0.281105 0.325525 -0.31299 -0.125235 -0.389354 0.307853 
Leblebi Soup 0.349136 0.492848 -0.390875 0.389431 0.161332 0.270974 0.139122 -0.331217 -0.103109 -0.271398 -0.499399 -0.168586 -0.0408372 0.196077 -0.0563002 0.478758 -0.0983244 -0.317515 -0.408625 0.0824663 -0.371514 0.150765 0.31709 -0.146943 0.412711 0.20015 0.263469 0.077651 -0.301084 0.129409 0.237822 -0.187824 0.0573124 0.11298 -0.163136 0.115693 -0.405591 -0.162966 0.477528 0.437774 0.00353053 0.401015 0.329487 0.266892 0.23179 0.482153 0.0910472 0.0657151 -0.408229 -0.172768 -0.463323 0.283371 0.454795 0.373002 0.420315 0.255503 -0.222941 -0.282426 0.275124 0.413404 0.398846 0.396933 0.272193 0.174305 0.215623 0.0663491 0.258703 0.147713 -0.285403 0.168936 0.408002 -0.231715 -0.191399 0.400054 -0.149349 0.0466041 -0.0833177 -0.272717 -0.096658 0.419649 -0.279884 0.128884 0.273958 0.30744 -0.287721 -0.123406 -0.321735 0.321169 -0.385884 -0.34894 0.234466 -0.174494 -0.0232932 0.0793987 -0.251514 -0.127962 -0.0920106 -0.0757095 -0.300287 -0.330193 
Beef Asado 0.15349 0.396309 0.0419873 -0.219223 0.482924 0.167961 -0.254872 0.354367 -0.190973 -0.160462 -0.328588 -0.232047 0.106396 -0.102251 0.198476 0.279302 -0.441735 -0.157016 -0.0780853 0.34683 0.0280001 -0.245257 0.468936 -0.276491 0.377532 -0.103474 -0.00591044 -0.438648 -0.386173 0.277153 0.147998 -0.0857355 -0.037825 0.342364 -0.225971 0.182604 0.286864 -0.189748 -0.387725 0.180436 0.0462212 -0.261069 -0.426858 0.0287303 -0.0250741 0.0416594 -0.0265933 -0.17287 -0.0672548 -0.129796 0.0904614 -0.151699 0.0261981 0.399076 0.120926 0.412216 -0.360569 0.0624594 0.48828 0.136638 0.290668 0.221062 0.399361 0.210607 0.336702 -0.2947 -0.130327 -0.120248 0.422792 0.0083317 0.215708 -0.297574 -0.274819 -0.231146 -0.169287 -0.16681 -0.435879 0.00464111 0.47578 0.0818662 -0.306063 0.455314 0.283934 0.376365 0.302136 0.122363 -0.499037 -0.0715871 -0.437876 0.016349 0.257175 -0.359334 0.245865 -0.441164 0.497573 -0.430781 0.255716 0.381513 -0.0362151 -0.0294995 
Tunisian Lamb Soup 0.280556 0.211312 -0.0979144 0.465675 0.0928917 -0.43538 0.0647065 0.392522 0.0782614 -0.363869 -0.314746 -0.0926978 -0.202704 -0.0295256 -0.0717228 0.0068718 0.465345 -0.49917 0.40094 0.417706 0.438791 0.176792 -0.151036 0.334512 -0.261774 -0.353823 -0.172038 0.391963 0.334748 -0.0407173 -0.354319 -0.195815 -0.445252 0.241388 -0.0805917 0.442984 0.203859 -0.304709 0.280515 -0.454103 0.371488 0.158118 0.322544 0.327347 -0.213314 -0.464081 0.462786 -0.343184 -0.282538 -0.047722 -0.107788 -0.166486 -0.274 -0.00219875 -0.220756 -0.0424892 0.188904 -0.0765704 -0.363006 0.305907 0.409807 0.307763 -0.184028 -0.207903 -0.435019 0.450523 0.338461 0.425642 0.418415 -0.151915 -0.252589 0.390455 -0.0646134 0.161978 -0.194467 -0.157967 -0.148162 -0.291454 -0.0472379 0.0791115 0.367605 0.215433 0.0621687 0.236369 -0.388821 0.384398 0.0515098 0.232582 -0.313976 0.175532 0.0528017 -0.0617898 -0.328078 0.339101 0.0872921 -0.258566 0.0177761 -0.355788 0.105867 0.0195925 
ras el hanout 0.175222 0.0362047 0.264539 0.227398 -0.445779 0.333328 0.103188 0.261855 0.301863 -0.388824 -0.323813 0.0672058 -0.0178891 -0.0539271 -0.334621 -0.4234 -0.361211 0.140705 -0.0793209 -0.248551 -0.172623 0.125188 0.304202 0.11199 0.456698 0.102026 -0.146846 -0.399465 -0.415548 0.400224 0.352533 0.0215604 0.026386 0.0726114 -0.279467 0.0167775 -0.353234 -0.350142 0.358267 -0.136914 -0.270983 -0.0288624 -0.456195 -0.332185 -0.380813 0.325882 0.300834 -0.178462 0.00921464 0.385051 0.044563 -0.140806 -0.418786 0.336849 -0.17206 0.0514502 -0.05278 -0.147309 0.31158 -0.30161 0.484238 0.40054 0.0424007 -0.23555 -0.41855 0.0161142 0.279894 0.356327 0.363138 0.20386 -0.427738 0.494806 0.0511853 0.4356 0.214209 -0.382521 0.354077 0.0955929 -0.219323 0.0508219 0.19039 0.214948 0.292999 0.23942 -0.191359 0.0401 -0.167705 0.3181 0.0731412 0.466621 0.234786 0.481093 0.152488 -0.0688583 -0.295622 0.466692 0.217323 -0.105808 -0.159594 0.202856 
Kafteji -0.230338 0.102695 -0.102886 -0.0776589 0.375715 0.351627 -0.139541 0.227012 0.481979 -0.259092 -0.0251367 0.28839 0.320112 0.283855 -0.123727 0.13285 -0.0474964 -0.34257 -0.357707 -0.0608569 0.372084 -0.325005 0.417835 0.453373 -0.189582 0.0933515 0.318944 -0.0882829 -0.401694 -0.294626 -0.271881 -0.186048 0.236376 0.119694 0.121048 -0.380608 -0.050807 -0.191943 0.341174 -0.285281 -0.495292 -0.0278136 0.400304 -0.317326 0.266288 0.315007 -0.113967 -0.387354 0.0693574 -0.270032 0.399166 -0.398212 0.443766 -0.0680975 -0.429551 -0.166393 -0.17336 -0.265202 -0.195841 0.487255 0.0140161 0.407734 -0.0687564 -0.192128 0.00244467 -0.0948717 -0.31904 -0.215094 -0.320075 -0.102332 -0.286821 -0.463372 -0.27926 -0.311456 0.395643 0.34569 0.22758 0.0721277 0.0253754 -0.251202 0.0830496 -0.168147 0.0431746 -0.48083 -0.425904 -0.20878 0.414692 0.435177 -0.25746 0.147499 -0.201231 0.233642 0.235193 -0.00536444 -0.488219 -0.0161903 -0.259775 -0.0364501 -0.102001 0.0855849 
Chakchouka  -0.0974564 -0.0958816 0.475296 0.280884 -0.0755057 -0.128053 -0.235411 0.415734 0.137111 -0.45697 0.215272 -0.173784 -0.0225319 -0.397717 -0.346177 0.223092 -0.332949 -0.337727 -0.177522 0.0307649 -0.282718 0.476571 0.156638 -0.354104 0.256051 -0.369483 -0.332732 -0.393962 -0.365771 -0.480957 0.265315 0.284265 0.278051 -0.354758 -0.45932 0.409456 -0.484234 -0.25705 0.171523 -0.188778 0.476755 -0.178463 -0.428819 -0.110435 0.413389 -0.368151 -0.0760223 -0.0518711 0.361455 -0.120435 -0.330511 0.27268 -0.0459499 0.334912 -0.427385 -0.472204 0.105016 -0.0461848 -0.266869 0.400453 -0.0159109 -0.0146921 0.261326 0.319102 0.249519 -0.0702569 -0.0883558 0.411439 0.267717 0.0987235 0.176585 0.0227301 -0.0958444 -0.180018 0.163119 -0.432804 -0.349494 0.469873 -0.0316256 -0.00328675 0.34107 -0.0229738 -0.28638 0.272732 0.399879 0.132143 -0.116417 0.345542 0.273326 0.243613 0.159595 0.145869 -0.307862 -0.342605 0.136166 -0.194709 -0.427609 -0.3907 0.309328 0.144682 
Home-made Mandazi 0.451054 0.301047 -0.169665 0.467379 -0.0221425 -0.46921 0.156975 -0.0305862 -0.433393 -0.195195 -0.474089 0.0835259 -0.183769 -0.000653963 -0.446992 0.491655 -0.416779 -0.476184 0.196917 0.372769 0.274992 0.0261348 -0.144109 -0.100736 0.228692 -0.217502 0.134513 -0.269638 0.108332 0.246918 -0.000170447 -0.105439 -0.354413 0.32163 -0.0494771 0.0225665 -0.273209 -0.0160466 -0.486017 0.213656 0.0686955 -0.132837 0.00374354 -0.0577818 -0.0925677 0.453739 0.246039 0.445386 -0.394376 0.178801 0.173008 0.162361 -0.219669 -0.39545 0.43796 0.242161 -0.352274 -0.338023 0.453164 0.125292 0.487777 -0.27647 0.0749641 0.479054 0.311655 0.441627 0.489204 0.117168 0.233579 0.134232 0.10424 -0.301844 -0.0150335 -0.35111 0.132679 0.191206 0.254359 -0.356416 -0.245401 -0.243135 -0.429626 0.0358147 -0.235289 0.260453 0.25165 -0.424174 -0.429744 0.132852 -0.364468 0.0311432 -0.116732 -0.186199 -0.298899 0.459874 0.34835 -0.290409 0.329029 -0.357989 -0.0744606 -0.374034 
rice krispies -0.172573 0.318733 -0.286674 -0.394785 -0.276341 0.298224 0.442889 0.372925 0.0374982 0.464851 -0.316365 -0.0239566 0.271867 -0.305017 0.186562 -0.406186 0.412593 -0.441487 -0.458066 -0.419856 -0.263473 0.438299 -0.109932 0.0958295 0.0500329 -0.177892 0.206127 -0.073499 -0.185393 0.0718049 0.453745 -0.455158 -0.372872 -0.133116 0.193064 0.119234 0.458473 0.13219 -0.352898 0.0540177 -0.440304 0.0475291 0.423707 -0.0869719 -0.144405 0.203624 -0.262347 -0.393455 0.170839 -0.0699306 -0.0879191 0.152982 0.414189 -0.312767 0.268329 -0.265205 -0.242546 -0.244742 -0.456064 0.195661 -0.359671 -0.0434304 -0.121593 0.246841 0.431077 0.0581672 -0.287831 0.154945 -0.0546581 0.360235 0.275843 0.393214 -0.257172 -0.391351 0.469523 0.0364879 0.261971 -0.0860294 0.416468 0.288791 -0.0814837 -0.161707 -0.432297 -0.230958 -0.0644761 -0.235001 -0.218275 0.44808 -0.471899 0.0436552 -0.0619196 0.00643921 0.0440002 -0.343876 0.287474 0.205518 0.150698 0.0418882 -0.330567 -0.377794 
mayonnaise 0.192519 -0.190898 0.159133 0.26229 0.24273 0.128578 -0.105843 -0.314901 0.448694 -0.400579 0.385654 0.105928 -0.169081 -0.0952068 -0.250571 -0.414186 0.103341 -0.351986 0.342064 -0.363275 0.175384 -0.179293 0.234274 -0.0742276 -0.177097 -0.0904696 -0.334919 0.235282 -0.453245 0.00643406 0.20913 -0.134583 -0.116739 0.14472 0.467662 0.0880587 -0.179527 0.0835702 0.166052 -0.463411 -0.245475 -0.408795 0.314381 -0.406361 0.244041 0.207751 0.203141 0.252394 -0.168164 -0.0596905 -0.436992 0.0895958 -0.0661484 -0.00442072 -0.0606341 0.10067 -0.00398716 -0.435303 -0.438301 -0.112291 -0.221098 0.206937 -0.149582 -0.235294 0.106545 0.385257 0.433108 0.202297 0.03153 -0.043802 0.222687 0.155918 0.160612 -0.0874641 -0.459627 -0.241054 0.0580111 -0.329742 0.269513 -0.442324 0.167046 -0.0358508 0.316656 0.129034 0.490226 0.360064 -0.363645 -0.387211 -0.277474 -0.479512 0.107759 0.126486 -0.0180373 0.285831 -0.228168 -0.42349 0.0927684 0.46136 0.27688 -0.176222 
Lasagna Sandwiches 0.359929 0.430702 0.278414 0.0793285 -0.210089 -0.0935323 -0.286737 -0.321635 0.125112 0.214679 -0.028653 0.0125892 -0.443423 0.136646 0.150533 -0.316002 -0.213494 0.388103 -0.115927 0.0951962 -0.338714 -0.214718 0.0718228 0.317842 0.439467 0.330148 -0.244053 0.0246918 -0.491182 0.343848 0.109527 -0.226769 0.274368 -0.354377 0.148172 -0.207006 0.213751 -0.445809 -0.324384 -0.444898 -0.207478 0.013002 0.412716 -0.326059 0.491887 0.422049 -0.283652 -0.29413 -0.357401 -0.40112 -0.212263 -0.311689 -0.0763508 0.122522 0.196717 -0.320451 0.469108 0.336753 -0.145825 -0.472291 -0.00750675 -0.474057 -0.181465 -0.294253 0.203285 0.389484 0.0319929 0.176865 0.318365 0.361475 0.286643 -0.193764 0.273468 0.29593 -0.42992 0.413311 0.247812 -0.0297369 0.338401 -0.21958 0.185855 0.440622 0.189138 -0.479639 -0.374601 -0.325721 0.305051 0.0808258 -0.053009 0.495503 -0.327569 -0.178528 0.381098 -0.0961539 -0.244756 0.187537 0.21984 -0.0681015 -0.424643 -0.0456551 
Chocolate Caramel Crispy -0.21826 0.22637 0.408354 0.287822 -0.463448 -0.494596 0.0278356 0.260967 -0.178293 0.395041 0.144436 -0.405865 -0.0579766 -0.194005 -0.460136 0.193867 0.423933 -0.481788 -0.48582 -0.197355 0.412901 0.106327 -0.359186 -0.0077125 0.343479 0.00964584 -0.0969773 -0.0986754 -0.0584298 0.0244929 -0.302739 0.466141 -0.0359129 0.445049 0.403915 0.490892 -0.0228734 0.400102 -0.4437 -0.382835 0.0596685 0.014991 0.345666 0.486227 0.49196 0.433585 -0.300905 0.0888803 -0.0868396 0.391075 0.142879 -0.260469 0.451227 -0.31231 0.407566 -0.409757 0.269447 -0.0299616 -0.398851 0.316589 0.178063 -0.0257222 -0.353355 -0.476017 0.287354 -0.435746 0.305887 -0.402489 0.204235 -0.435304 0.355274 -0.0547385 -0.0319368 -0.474089 0.112367 -0.0839925 -0.442244 -0.0631861 -0.255851 -0.194116 -0.493504 0.363628 -0.177679 -0.0901948 -0.0192374 -0.351815 0.464097 0.193853 0.070662 -0.31502 0.164851 -0.172286 0.452179 0.165581 -0.191373 0.0852594 0.334071 0.311243 0.268359 -0.144249 
Breakfast Potatoes -0.119893 -0.244855 0.0589893 0.0748768 0.481396 0.404784 0.460742 0.351046 0.0807044 0.2802 -0.368132 0.0553109 0.127344 0.351236 -0.376452 -0.292505 0.480645 -0.273905 -0.163099 -0.298256 0.334177 0.430506 -0.481558 -0.414135 0.179769 0.148377 -0.104465 0.416725 -0.436864 0.00235648 -0.0365681 -0.0675254 0.104607 0.491198 0.410105 0.446473 -0.075385 -0.198876 -0.270942 0.144279 0.461696 -0.140156 0.0309406 0.313106 0.262116 0.396314 -0.472399 -0.236912 -0.0627642 0.0832471 -0.407486 0.353105 0.455806 0.0594593 0.191383 0.179794 -0.372843 0.436507 -0.129475 0.233787 0.392774 0.091498 -0.280819 -0.00496251 -0.25177 0.22113 0.0187814 0.0805089 -0.124791 -0.114616 -0.0765383 0.215096 0.187819 0.358725 -0.148514 -0.0763197 -0.0802512 -0.470201 -0.0977226 0.0675789 0.352672 0.183203 -0.0423514 -0.228064 -0.118981 -0.427874 -0.295024 0.274424 -0.3635 -0.363076 0.38121 -0.333869 -0.126655 -0.0730884 -0.293782 -0.12922 0.124841 -0.0235472 0.369745 -0.0334654 
Smoked Haddock Kedgeree -0.468186 0.0914094 0.418844 0.0103868 0.0407253 -0.331955 -0.194451 0.285645 -0.0565449 0.418699 0.212666 0.34309 0.00415645 -0.00181729 -0.306239 -0.275519 0.488916 0.395382 -0.0283522 -0.0739242 0.398742 0.29034 0.0623415 0.0172812 0.156128 0.000893448 0.0160566 -0.315308 -0.0632842 -0.188577 0.0125368 0.273222 -0.184269 0.486296 0.244296 0.39507 0.109548 0.402375 0.0665118 0.252759 0.202485 -0.417088 -0.475075 -0.314405 -0.296767 -0.296663 -0.163826 0.349807 -0.104049 0.0452017 -0.492171 0.455769 -0.229796 0.120939 -0.352132 -0.314204 0.172106 -0.00242868 0.023281 -0.424878 -0.193733 0.286505 -0.000770631 -0.319047 -0.0883476 -0.108199 -0.278943 0.434689 0.236662 0.474704 0.350596 0.129223 0.0445491 0.133019 0.4318 -0.18221 -0.0882092 -0.286772 -0.136539 0.0981717 0.106844 0.293205 0.275051 -0.145836 -0.00839784 -0.212381 -0.194161 -0.308823 -0.135944 0.0842054 -0.346351 -0.495258 -0.0260986 0.227814 -0.0164386 -0.154547 -0.0462956 0.291073 0.0526092 -0.390359 
Shakshuka -0.487959 -0.4112 0.246792 0.0206609 -0.414365 -0.048823 -0.23635 -0.0949615 0.334764 0.354596 -0.0344851 0.474824 0.265884 -0.109601 -0.316299 0.377933 -0.269616 -0.470887 -0.351405 0.0634467 -0.432482 -0.417817 0.0114184 -0.00562832 -0.0858613 -0.0758965 -0.329177 0.446495 0.0175063 0.0459397 0.166676 0.403463 0.198003 0.258045 0.23899 -0.0634654 -0.277304 -0.265199 0.371291 0.115268 -0.168459 -0.365065 0.142267 -0.304886 -0.239014 0.345573 0.266561 -0.133327 -0.373883 0.115612 0.182435 0.00686218 -0.447669 0.0823548 -0.201054 0.466979 0.357025 -0.368373 -0.237979 0.377019 -0.267811 0.0197611 -0.462412 0.226165 -0.379153 0.263116 -0.446048 -0.396325 0.175218 -0.436553 0.260821 0.37274 -0.372302 0.130519 -0.0463971 -0.0798439 0.293905 -0.391489 0.121758 0.121122 -0.303913 -0.420266 -0.457605 0.0314158 -0.370966 -0.135666 -0.394937 0.377447 -0.173265 -0.130713 0.29456 0.382598 -0.232929 -0.120817 0.417697 -0.078921 -0.049266 0.230342 0.147652 0.0429732 
white wine vinegar 0.162723 0.474739 -0.494785 0.0669175 -0.111703 0.122788 -0.359448 0.405751 -0.247291 -0.166218 0.422994 -0.133062 0.233646 0.481193 -0.370929 -0.278561 -0.411523 -0.0567261 -0.143877 -0.23047 0.316996 0.019152 0.0821995 0.162066 -0.390033 0.193283 -0.215215 -0.481922 -0.31303 -0.215325 0.441261 0.268704 0.318884 -0.491451 0.0397454 -0.424826 0.159473 -0.030901 0.0534474 0.149758 -0.129782 -0.0386256 -0.156808 -0.472884 0.346489 -0.170365 -0.383724 -0.451395 0.249681 0.276025 0.447531 0.452075 -0.439541 -0.299111 0.0945037 0.103419 0.0690572 -0.339737 0.365864 -0.480434 -0.0335226 -0.251575 0.238295 0.0210895 0.463495 -0.324343 0.27942 -0.314267 -0.0463174 -0.209819 0.106655 -0.274319 0.115269 0.295818 0.434202 0.162561 0.012215 -0.184606 0.439585 -0.415539 -0.388588 0.0732642 0.338086 -0.468788 0.202936 -0.424095 -0.0994162 0.315942 -0.0492823 -0.406839 0.0921809 0.121635 0.210555 0.117287 -0.130883 0.0404578 0.0202249 0.463023 0.223814 0.44441 
smoked salmon 0.492735 0.0456319 0.295664 -0.138394 0.198514 -0.153258 -0.0876357 0.418526 0.14018 0.189298 -0.44542 -0.344264 -0.0890108 -0.0359765 -0.383797 0.450357 0.0292435 0.191221 0.276956 -0.414402 0.282074 0.275377 0.158686 -0.0876514 0.203581 0.397374 -0.0330569 0.183309 -0.335596 -0.454643 0.152702 -0.126628 0.413325 0.165302 -0.30423 0.0626003 0.45842 -0.446554 -0.241713 -0.128897 -0.39146 -0.220344 -0.392431 0.191985 -0.382809 0.0576545 0.288917 -0.369394 0.332501 0.112035 0.0871437 0.249047 0.130897 -0.344001 0.274585 0.144568 -0.167339 -0.257916 -0.390355 -0.330049 0.352612 0.10167 0.270769 -0.450468 -0.0864165 0.000881998 -0.235078 0.395248 0.168242 -0.114236 -0.216389 -0.136534 -0.243322 0.217942 -0.0387067 -0.121866 -0.257904 -0.170157 -0.0582715 -0.306686 0.328149 -0.342488 0.467462 0.0624429 0.0822047 -0.243899 -0.110263 -0.163463 -0.304539 -0.133676 0.0241871 -0.0128693 0.360815 0.041895 0.0750942 -0.469889 -0.0368304 -0.384386 0.124551 -0.365298 
Salmon Eggs Eggs Benedict 0.464006 -0.000630476 0.0559659 -0.112991 0.446661 0.102405 0.237202 -0.304257 0.0231027 0.0444863 0.137007 0.28804 -0.329242 0.138419 0.368197 0.0949825 -0.240466 -0.00835664 0.0149719 0.372459 0.477677 0.273504 -0.178141 -0.215829 -0.142645 -0.157896 0.232461 0.048419 -0.180093 0.157337 -0.00847529 -0.314229 0.0331974 -0.162775 0.442076 -0.168862 0.36148 -0.459537 0.297146 -0.11912 -0.0836982 0.181479 -0.383226 -0.449357 -0.441362 -0.00764575 0.258476 0.385809 -0.0132294 0.341458 0.188597 0.152674 0.127887 -0.0656418 -0.385447 0.282431 -0.426177 -0.481042 0.121325 0.492132 -0.254128 0.139125 -0.190324 0.31482 0.134984 0.264755 -0.186257 0.292868 0.310704 0.126369 0.0343316 0.405565 0.162039 0.0443181 -0.0552512 0.492509 0.332371 -0.252147 0.236889 -0.108487 -0.362683 -0.14436 -0.384367 0.249972 -0.0630298 -0.101171 0.294427 -0.0414907 -0.202007 0.288668 0.359645 0.394012 -0.160404 0.0916267 0.140888 -0.425027 0.0859024 -0.132718 -0.150289 -0.31169 
dark rum 0.346415 -0.218218 0.0855114 0.372676 -0.056754 -0.385796 0.310568 -0.198122 -0.249972 0.00637962 0.126318 0.0784937 0.364787 0.070671 -0.478802 0.12 -0.00496913 -0.166033 0.171102 0.0106008 0.156723 0.260607 0.0709936 -0.0722432 0.0516449 -0.365069 0.126843 0.389017 -0.118076 0.196315 -0.390954 0.258928 0.227276 -0.114822 0.0819312 0.480023 -0.362687 0.207896 -0.434762 0.312175 0.00727736 0.065786 0.0361762 0.181966 0.102162 0.326732 0.0359663 -0.159098 -0.287006 0.342637 -0.243374 -0.153344 0.239626 -0.00420239 -0.437125 -0.326328 0.229482 -0.0339348 0.260654 -0.226831 -0.0525052 -0.327717 0.152721 -0.185391 0.179508 0.466246 -0.482592 -0.23831 -0.057074 0.269303 0.0074035 0.101074 -0.0266393 0.313644 0.224615 0.395534 -0.0930826 0.492197 0.193463 -0.426569 -0.485971 0.0315712 0.364263 -0.225431 -0.446051 0.273561 0.0990857 -0.178713 0.0501887 -0.0492695 0.32925 0.0159603 -0.0921896 0.457781 0.453547 -0.467071 0.153791 -0.397756 0.247824 0.12061 
Budino Di Ricotta 0.248499 -0.268858 0.383232 0.260236 0.316049 0.0287837 -0.357021 -0.0358406 0.0274054 -0.0276492 0.130222 0.126956 0.317062 0.0888034 0.0782044 0.49479 0.41244 -0.191166 -0.38668 0.462171 -0.485045 0.197318 0.0679575 0.311357 -0.176843 0.338215 0.429021 0.336033 0.0437846 -0.23831 0.472205 0.246493 0.242342 0.222814 -0.324528 -0.0843345 -0.264577 0.25712 0.352648 -0.320444 -0.254172 -0.417997 -0.424843 -0.050594 -0.12146 -0.10369 0.136504 -0.359303 -0.362469 -0.483098 0.306568 -0.29089 0.0958667 0.317047 0.486189 0.0610942 -0.339746 -0.455589 -0.477462 0.241612 -0.0778243 0.150238 -0.317822 0.198373 0.0732987 -0.397999 -0.478806 -0.411316 0.0369317 -0.490568 0.00109837 0.403569 -0.196904 -0.102708 0.339863 0.0336316 0.122498 -0.415882 -0.176326 -0.0995782 -0.0767302 -0.377424 0.355809 -0.182552 0.177389 0.434286 -0.309942 -0.288637 0.110912 -0.0547295 0.273438 -0.0674247 0.365195 -0.0270849 0.379495 0.274589 -0.381455 -0.000558774 0.113046 0.375672 
Peanut Butter Cookies -0.436787 0.0126438 0.314626 -0.0907021 0.40211 -0.249444 0.496021 -0.411069 0.246235 -0.180559 0.334441 -0.117122 0.386076 0.483596 -0.446672 -0.449636 -0.192107 -0.243316 -0.0676201 -0.237714 -0.0430742 0.161055 0.424292 -0.292137 -0.29973 -0.23045 0.208872 0.320362 -0.0359928 0.210472 0.478053 -0.208441 0.170332 0.364273 -0.00695472 -0.21544 -0.20197 -0.492617 0.251944 0.209465 0.0245812 0.206463 -0.280638 -0.48496 0.358168 -0.263897 0.155349 0.200186 -0.423629 -0.344118 0.450671 -0.133524 0.044073 -0.126947 -0.0120318 -0.0903729 0.0113762 0.198481 -0.381918 -0.22279 0.446074 0.490564 0.23404 -0.362726 0.319353 -0.313947 0.0186482 0.300033 0.0577268 0.273707 0.431467 0.0264637 0.314162 0.216533 -0.34931 0.126951 0.0371849 0.232473 0.108238 -0.466742 -0.27933 0.155333 -0.114672 0.209048 -0.0311673 -0.173013 0.365068 0.154313 -0.432643 0.384112 -0.128169 0.457944 0.422578 0.446982 0.149291 -0.292019 -0.181303 -0.139287 0.163079 0.224979 
Fruit and Cream Cheese Breakfast Pastries -0.437115 -0.250337 0.00237793 -0.485282 -0.431898 -0.102556 -0.247891 -0.0922574 0.400485 -0.441969 0.49993 0.361402 0.365635 0.0202359 0.277846 0.0589377 0.397942 0.00923067 -0.426592 0.0753544 -0.470817 0.499092 0.139791 -0.263451 0.196355 -0.123624 -0.137249 0.355607 -0.150987 -0.239431 -0.0762919 0.202678 0.250664 0.248966 -0.0180014 -0.256872 -0.212694 0.146878 0.497463 -0.153119 -0.293673 0.0940866 -0.10176 0.130219 0.285456 0.364451 -0.0867425 -0.292347 0.251473 -0.10061 0.362328 -0.227095 0.0513346 -0.0979132 0.20554 0.379819 0.459239 0.364663 0.169676 0.30853 -0.486746 0.460534 0.0295968 -0.166586 -0.0861081 0.13253 -0.102045 -0.199953 0.258266 -0.29913 0.319558 -0.227391 0.100439 0.350223 -0.0105769 0.0741196 0.19791 0.440469 0.437895 0.0204524 -0.172126 0.249567 -0.4176 -0.00346216 0.476259 0.397234 0.481069 -0.41563 -0.112006 0.489611 0.468423 0.0549177 -0.433267 -0.489362 -0.265061 -0.090346 0.32177 0.38619 -0.129806 -0.379109 
Chicken Congee -0.0758456 0.310407 0.145943 -0.433775 0.304545 -0.25474 -0.0519391 0.29443 0.148045 0.395938 -0.102189 0.0362045 -0.217474 -0.20271 -0.130944 -0.330553 -0.357608 0.2769 0.193851 0.132191 0.31208 -0.142852 -0.137564 0.345325 0.397503 -0.185986 0.218499 0.0601612 0.178687 0.313092 0.275995 0.472189 -0.0702734 -0.10451 -0.307033 0.485011 0.14137 -0.168246 0.450162 -0.363422 0.0767356 -0.445051 -0.450119 -0.344784 -0.147278 0.366502 0.41842 -0.220261 0.0200449 -0.0997393 -0.157684 0.391751 -0.240865 -0.187152 -0.491286 0.320839 -0.00522362 -0.0411017 -0.291393 -0.308891 0.304414 0.331747 0.101324 0.407642 0.014788 -0.39304 0.111408 -0.151197 0.0593011 -0.272921 -0.488174 0.403826 0.0473802 -0.281706 0.390288 0.175092 -0.484884 0.406681 -0.385157 -0.232113 0.100339 -0.0217567 -0.462472 -0.306632 -0.416836 -0.243245 -0.126781 0.0970164 0.486781 0.0602006 -0.407495 0.272049 0.0923008 0.419024 -0.222678 -0.023091 -0.474501 0.289762 0.192374 -0.186535 
Shrimp Chow Fun 0.191992 -0.48819 0.497314 -0.210571 -0.359166 0.267828 0.021575 -0.208525 -0.433962 0.2018 0.262851 -0.290063 0.0328088 -0.156971 -0.0554658 -0.456322 -0.0699883 0.167793 -0.417757 0.00520761 0.218861 -0.0549908 -0.0993841 -0.205868 0.208113 0.0773845 0.383491 -0.280733 -0.185921 -0.412269 0.459846 -0.231188 0.257764 -0.0526412 0.376633 -0.0318061 -0.026166 -0.472406 -0.247084 0.16011 0.322532 0.298464 0.0910015 0.400359 -0.00184409 0.29944 0.033438 -0.269135 -0.305668 -0.408592 -0.0443858 -0.329936 0.455113 0.00863046 0.0459853 0.326214 -0.410688 -0.31588 -0.313345 0.314434 0.0276445 0.287379 0.408805 0.123033 0.149779 -0.472327 -0.493301 -0.181074 -0.146996 0.280882 0.356487 0.489105 -0.405993 -0.287335 0.0268516 -0.102928 0.400474 -0.00397666 0.399508 0.415425 -0.487843 -0.427409 0.205205 0.28669 -0.461341 0.494406 0.0178468 0.0597756 0.360825 0.0266686 -0.165224 0.364882 -0.490224 -0.462603 0.474643 -0.136657 -0.402544 0.271729 0.0919632 0.210371 
Beef Lo Mein -0.0122338 -0.263669 0.223404 -0.443385 -0.347183 0.0601311 -0.00239247 -0.335237 0.12668 -0.489486 0.164618 -0.411796 -0.463122 0.308111 0.438235 0.347414 0.220763 0.0563204 0.0774071 0.386199 0.175569 0.0275543 0.176981 0.367315 -0.0323174 -0.0960006 0.178941 -0.0611826 -0.445388 0.306474 -0.111063 0.498777 0.231674 0.297318 -0.279462 0.353994 0.294416 -0.426603 -0.276224 0.268627 0.0761133 -0.150512 -0.110471 0.255485 0.081693 -0.415554 -0.0629622 -0.285053 0.270772 0.0673027 0.076623 0.39927 0.218891 -0.224732 0.169254 0.313995 -0.178865 -0.474827 0.473509 -0.0130848 -0.199128 0.0769009 -0.376481 0.211727 0.0622812 -0.286318 -0.186149 0.172142 0.336187 -0.441302 -0.473816 -0.479141 0.38191 -0.241587 0.221769 0.132226 0.100926 -0.481331 -0.392284 -0.317694 0.0546706 0.0663882 -0.0616187 -0.241673 0.164677 -0.483855 0.297106 -0.338839 0.267794 -0.233831 0.474434 -0.0954619 0.48375 -0.355213 -0.160868 -0.35874 0.4717 0.391879 -0.0196709 0.327283 
gochujang -0.409496 -0.265108 0.223119 0.0149814 -0.438939 0.383812 -0.250176 -0.244559 -0.411317 -0.461224 0.48827 0.220496 -0.270397 0.259967 0.0423521 0.165502 0.267181 0.245837 0.169394 0.458778 -0.123614 -0.087316 -0.236917 0.0351116 -0.273144 -0.0323888 -0.442746 0.0609621 -0.168018 -0.166749 0.171275 0.179526 0.384209 -0.347471 -0.104065 0.466048 0.0601439 -0.185503 -0.050714 0.0596919 0.208828 0.439698 -0.121721 0.0944653 0.0536214 -0.123383 0.236309 0.120081 0.425085 -0.296788 -0.0755828 0.076436 -0.441088 -0.162685 -0.35143 -0.46191 0.29593 -0.0948983 -0.389819 -0.0549272 -0.327533 0.364605 -0.120565 -0.17705 -0.415916 -0.251895 -0.186186 -0.479757 0.132159 0.287406 0.338318 -0.331787 -0.302274 -0.20061 -0.275487 -0.31161 0.022527 0.222444 -0.171751 0.310288 0.233252 -0.398957 -0.165317 -0.205604 -0.495202 0.100477 -0.457493 -0.360422 0.473889 -0.455456 -0.158667 0.0558214 -0.317149 -0.380818 -0.328276 0.495388 0.0288563 -0.348082 0.150911 0.241125 
Coddled pork with cider -0.0511377 0.067095 -0.0352723 0.237017 0.0225227 0.363238 -0.286711 0.359754 -0.350525 -0.206277 0.189469 -0.404718 -0.494476 0.469619 0.264977 0.499942 -0.28095 -0.0269907 0.134854 -0.367883 -0.484163 0.132269 0.1227 0.429179 0.0465524 -0.246958 0.111125 0.348149 -0.239042 -0.00755186 -0.224216 -0.0332427 0.318959 0.366809 0.0355835 0.362194 -0.47776 -0.442362 -0.284841 -0.0524827 0.00131629 0.194589 -0.0254667 -0.0206084 0.0923335 -0.254312 -0.442535 -0.428742 -0.139249 0.482209 -0.380101 0.142961 0.165738 -0.107075 -0.134472 0.206293 -0.395726 0.0595587 -0.492413 0.411665 -0.266113 -0.149583 0.322139 0.367046 -0.147888 0.211382 -0.425532 0.352753 -0.180318 -0.230659 0.33609 -0.37212 -0.287635 0.130383 0.40079 -0.304724 -0.429832 0.0477945 -0.325496 0.0219711 0.117822 0.120621 0.321017 -0.0467856 0.409537 -0.202234 -0.314233 -0.442688 -0.309083 0.228316 0.498333 0.195331 -0.133478 -0.417072 0.130136 0.4987 -0.29294 -0.134584 -0.0222077 0.238886 
duck sauce -0.432789 0.00377697 0.303105 0.317703 -0.0283562 0.301792 -0.0822283 -0.454192 0.17976 0.409288 -0.169454 -0.481753 0.391115 0.334789 -0.487039 -0.202133 -0.462867 0.174829 -0.30234 0.0793393 -0.054863 0.468813 -0.270798 0.23376 -0.293464 0.383379 -0.0351978 -0.447548 0.246111 -0.0108276 0.23828 0.0191698 0.35655 0.145591 -0.234626 0.150348 0.237192 0.0876898 -0.46134 0.0650393 -0.334827 0.289531 0.491498 -0.165366 -0.243116 0.348448 -0.490785 0.0924306 -0.0232254 -0.408569 -0.454372 -0.288658 0.183594 -0.149129 -0.0482298 0.324163 -0.473283 0.351534 0.451228 -0.464711 0.175486 0.347311 -0.16248 -0.334382 -0.333565 0.119385 0.171332 -0.365319 -0.327771 0.261038 -0.334583 -0.160389 0.405452 0.283512 -0.227717 -0.381322 -0.0049619 0.484279 -0.450999 0.227805 0.246911 0.106588 0.0878354 -0.201939 -0.234053 0.180065 0.119949 0.282467 -0.36975 -0.126698 0.316612 0.047669 0.400634 -0.0383891 0.231229 -0.221541 -0.0184693 0.231291 0.428 0.0512517 
General Tsos Chicken -0.375723 0.0985043 -0.267245 0.210289 -0.207522 0.0312054 -0.460591 -0.423065 -0.0244625 0.306578 -0.25225 0.096045 -0.416957 -0.333146 -0.0579098 0.427855 -0.264111 -0.235017 0.283026 -0.0470942 -0.129581 0.310188 0.0244359 0.441931 0.427155 0.284966 0.180394 0.0505057 0.19384 0.49686 0.299155 -0.00115771 0.209937 -0.424008 0.257757 0.213808 0.311867 -0.428456 -0.246451 0.361888 0.0889166 0.103034 0.183597 0.399922 -0.45929 0.31357 0.0435015 0.364953 -0.304203 -0.311284 -0.359137 0.158397 -0.245749 0.48733 0.374277 -0.147718 0.0743436 0.111714 -0.477728 0.208376 -0.306893 0.482271 -0.383213 0.0415498 -0.334172 0.142164 0.109794 -0.266512 -0.000832135 -0.435492 -0.221822 0.419348 0.305848 0.00107177 0.280488 0.294062 0.138161 0.375883 -0.277656 0.253489 0.170886 -0.354367 0.257007 -0.436915 0.0329732 0.127595 -0.0850404 -0.134548 0.439437 -0.439988 0.012985 -0.345743 0.342418 -0.218047 0.48573 0.213459 -0.11786 -0.244617 -0.180788 0.357445 
green pepper 0.0697915 -0.113169 0.225147 -0.265534 -0.289875 0.343356 -0.0991815 -0.353517 -0.0591296 0.137948 0.474819 -0.254828 -0.476869 -0.0472243 0.266278 -0.296175 0.259 0.274097 0.191243 -0.23188 -0.304451 -0.074518 0.0896673 -0.22957 0.40014 0.12912 -0.498384 0.000357226 -0.430048 0.215578 0.302802 0.0817366 -0.0285402 -0.222873 0.0624398 -0.117935 -0.432675 -0.313016 0.101628 -0.273526 -0.174884 0.257941 -0.400354 0.198669 -0.191616 -0.216352 -0.150833 -0.00548622 -0.329809 0.01186 0.0665305 0.0148475 -0.445297 -0.0481237 -0.153797 0.417459 0.299526 0.166824 -0.0678333 -0.367099 0.0391761 0.106146 -0.318814 -0.152922 -0.372101 0.309038 -0.197944 -0.209514 -0.019176 -0.121382 0.363743 0.246958 -0.433448 -0.0362968 0.00475373 -0.320931 0.368173 0.286906 -0.0397227 0.368975 0.342448 -0.2255 0.292323 0.353488 0.12461 -0.336755 -0.334782 0.143607 -0.134789 0.398275 -0.272078 0.0750006 -0.013786 -0.329793 -0.26894 -0.354193 -0.400674 -0.202538 -0.0613995 -0.380989 
cooking wine -0.240569 -0.0383399 0.330084 -0.376453 0.238525 -0.0325074 -0.332851 -0.089623 0.202326 0.45363 0.0538263 0.159525 0.0163112 -0.42269 0.0916895 -0.230779 0.463031 0.291669 0.421088 0.37027 0.107294 0.062755 0.362379 0.225177 0.0721079 -0.042176 -0.415555 -0.20839 0.0530036 -0.0375805 0.308767 0.123701 -0.224492 0.434233 0.311139 0.0715827 -0.142614 0.498941 0.0257181 0.164694 -0.3671 0.456562 0.235055 0.204834 0.203511 0.0745919 0.296494 -0.430335 -0.0311678 -0.0991586 -0.375834 0.256452 0.478609 -0.186182 -0.0540788 -0.472844 -0.381146 -0.444423 -0.0534936 0.485498 0.164546 0.257975 -0.113323 0.349843 0.224149 -0.0718508 -0.108153 -0.139393 -0.398063 0.0518632 -0.37388 -0.0444522 -0.436249 -0.497143 -0.280258 -0.155998 0.0498187 0.227225 0.326048 0.334994 -0.0851052 0.46616 -0.223086 -0.104827 -0.154998 0.0399466 -0.295136 -0.110452 -0.389896 0.0793668 -0.303122 0.232959 -0.00184531 0.459662 0.121993 0.371552 0.141962 0.304178 0.201218 0.298567 
Sweet and Sour Pork -0.181192 -0.114428 0.320376 0.102344 0.428315 0.292296 0.342487 0.40222 -0.358031 0.215141 0.404538 -0.133977 0.154494 0.141225 0.234546 -0.181972 0.22857 -0.498532 -0.434346 -0.117375 0.344185 0.239132 -0.288301 0.0742252 0.448366 -0.259031 0.223721 -0.364658 0.364582 -0.146202 0.143819 0.367156 0.223974 -0.210686 0.395689 0.433281 0.133861 0.298902 0.10951 -0.332576 0.113978 -0.171415 -0.366883 -0.272658 0.448838 -0.0339462 -0.310551 0.183339 -0.0492233 0.348555 0.131857 0.424156 -0.284046 0.286713 0.0350173 0.196347 -0.000163471 0.462166 -0.316787 -0.450799 0.0228463 -0.343159 0.103461 -0.0912588 -0.0474206 -0.459817 0.432256 0.409167 -0.127129 -0.137765 0.267407 -0.00996567 -0.265129 -0.488734 -0.117434 -0.035709 0.311634 -0.251801 -0.195905 -0.488238 0.235453 0.121429 -0.452703 0.0413512 -0.102467 -0.085879 -0.198032 -0.0189842 -0.492544 -0.256228 -0.418847 0.276523 0.322724 0.016266 0.0964822 0.442392 -0.461445 -0.203152 -0.266166 -0.161166 
Piri-piri chicken and slaw -0.470172 -0.108461 0.261711 -0.00308263 0.404351 0.427754 -0.40289 -0.0940878 0.292043 0.221174 0.429945 0.30649 -0.257541 0.271061 0.230968 0.261587 -0.185922 0.418842 0.228478 0.267195 0.452116 -0.230612 -0.179797 -0.110361 0.438815 -0.182111 0.396382 0.298362 0.171879 0.339053 0.470795 -0.265313 -0.390808 -0.0644718 0.118731 -0.102847 -0.479813 0.400885 0.165131 -0.334328 -0.196356 0.4934 0.310841 0.45502 -0.314076 -0.346409 -0.30505 0.347134 0.304259 -0.268128 -0.391204 0.36331 -0.0689071 -0.184923 -0.293358 0.130269 0.245298 0.302647 -0.283215 0.112922 -0.0612028 -0.32006 0.289508 0.48219 -0.315081 -0.338042 -0.417002 -0.11615 0.0931174 -0.229502 -0.366543 0.296013 0.107493 -0.113176 -0.189553 -0.192975 0.0254154 -0.318363 -0.163401 0.452734 0.417037 0.279622 -0.0742479 -0.0392557 0.462925 -0.305259 0.0465494 -0.169602 0.389537 -0.13748 -0.424318 0.0190944 -0.115261 0.260995 0.0742303 0.444835 0.253164 -0.0783927 -0.401684 -0.0747433 
wonton skin 0.0601535 -0.11871 0.232774 -0.442396 0.0460263 -0.00924664 0.365081 -0.361381 -0.0188659 -0.347528 -0.453051 0.0877256 -0.365467 0.109991 0.0124797 0.287224 -0.020774 -0.036703 0.149933 -0.162274 -0.0999596 -0.263708 -0.489464 -0.459427 -0.231079 0.0833292 0.202217 -0.485579 0.441029 -0.395668 -0.173568 -0.107077 -0.339147 -0.226497 0.499551 0.330269 -0.431992 0.0803988 0.29761 0.181472 -0.382105 0.180815 -0.281975 0.483927 0.15928 -0.0826624 -0.455712 -0.209914 -0.147922 -0.346201 0.0577528 0.264561 -0.334616 0.240143 -0.127995 0.0106922 0.49682 -0.124392 0.203882 0.153078 0.0466765 -0.271075 -0.192409 -0.453225 0.297615 -0.399824 0.442755 -0.422316 0.261895 0.410722 -0.363899 -0.130053 -0.464853 -0.253551 -0.338413 -0.285246 0.0351709 0.430292 -0.253681 0.271348 0.499079 0.315082 -0.40445 -0.134411 0.162358 0.179322 -0.245358 -0.139874 -0.341904 -0.052019 0.0138073 -0.161838 -0.336864 0.472661 0.449512 0.112652 0.433148 -0.144613 -0.0698707 -0.146088 
tofu 0.116504 -0.143367 -0.403536 -0.294687 0.0928122 0.355757 0.0960305 -0.107503 0.248991 -0.110544 -0.179693 -0.315142 -0.0404164 0.497481 -0.450621 -0.120536 -0.496566 -0.114872 0.0842083 0.422514 0.361317 -0.436388 -0.473382 0.487625 -0.20514 0.202256 -0.434218 0.204764 -0.292163 0.275356 0.469074 0.186296 0.28377 -0.467197 0.499915 -0.345817 0.0101229 -0.317647 -0.452019 -0.182445 -0.284428 -0.0839183 -0.266512 0.437044 -0.409877 0.27267 0.0316517 0.488667 -0.106685 0.358224 0.13323 -0.164417 -0.471371 0.214604 -0.266761 -0.401078 -0.44487 0.292824 -0.32462 0.3271 -0.308629 -0.00791762 -0.289904 0.258186 -0.0204119 0.249703 0.349459 0.0203408 0.408588 -0.345319 0.074723 -0.156891 0.446347 -0.24587 -0.0838958 -0.170493 -0.175551 0.386843 -0.0618649 -0.268701 0.411224 0.473884 -0.275561 0.00874722 0.0940599 0.177593 -0.146389 -0.419043 0.452769 -0.185601 -0.292218 0.373257 -0.332588 0.279353 -0.0867781 0.0352345 -0.317752 -0.232629 -0.214963 0.341749 
scallions -0.296417 -0.404566 0.472075 0.46164 -0.349283 -0.154152 -0.195863 0.230857 0.0681841 -0.166354 0.203108 -0.0789626 0.337808 0.307307 -0.381667 0.452139 -0.280207 -0.392696 0.351442 -0.402852 0.247814 0.439922 -0.33198 0.165859 -0.160349 -0.477525 -0.426855 -0.472956 0.465959 -0.0410565 0.262414 -0.155324 0.284161 0.433314 0.189629 0.30527 -0.131814 -0.370757 0.0286894 -0.0936113 0.46217 0.284725 0.277212 -0.0993916 0.219583 0.06884 -0.194883 -0.228668 -0.424121 -0.114764 0.2879 0.0540353 -0.102703 -0.30068 0.0876442 -0.277003 0.157234 -0.236188 -0.330261 0.224259 0.40862 -0.294401 -0.102665 0.426451 0.183703 -0.250585 -0.289102 0.211032 0.434937 -0.487499 0.0654404 -0.311748 0.482757 -0.0854813 -0.269269 0.486929 -0.252624 -0.393699 -0.0122491 0.455351 0.0779748 -0.370125 0.385997 0.0474437 -0.131226 0.215528 -0.455464 -0.0977682 -0.196564 -0.17158 0.19374 -0.332796 -0.258594 0.479247 0.454289 -0.444232 0.399511 -0.467487 -0.0475722 -0.377537 
fermented black beans -0.441388 0.252752 0.187966 -0.499866 -0.111196 0.14576 -0.212663 -0.386913 -0.468907 0.0845089 0.484743 -0.0536232 0.411326 0.35184 0.0539706 -0.432144 0.398476 -0.187215 -0.415884 0.110053 -0.0827244 0.41777 0.412376 -0.024173 0.292472 0.151681 0.231859 -0.26282 0.317708 0.15874 -0.426386 0.494305 -0.456642 0.187369 0.346088 -0.134541 -0.214336 -0.241293 -0.0392994 -0.25858 0.00437696 0.191607 -0.370867 -0.0286705 0.16013 0.477483 -0.483025 0.410728 -0.193505 -0.264372 -0.0634506 0.488129 -0.363539 0.0158043 -0.275023 -0.314071 -0.230383 0.442031 0.0173837 0.433202 0.481899 0.244131 -0.113471 -0.495804 -0.368544 0.277876 0.0329027 0.287357 0.0212133 0.126784 -0.480022 0.484309 0.476389 0.386604 0.0356131 -0.0706221 -0.126422 -0.360417 -0.0295484 -0.47408 0.0525015 0.393092 -0.0980738 0.453165 0.122322 -0.184942 -0.49889 0.283724 -0.00986916 0.283775 0.457857 0.0791363 0.282538 -0.259147 0.194228 -0.298859 0.22833 -0.353946 -0.159056 -0.241929 
Ma Po Tofu 0.352701 0.252044 0.349463 0.0467136 -0.28625 0.290599 -0.354034 -0.127686 -0.110662 -0.0432098 0.246287 -0.117706 -0.428747 -0.379681 0.316486 -0.198048 -0.376416 0.306934 -0.454399 0.109032 -0.0211915 -0.39757 0.366554 -0.275797 0.445379 0.387807 0.296166 0.0851493 0.347782 0.0897251 0.189956 -0.0433914 0.271205 -0.0375035 0.0867282 -0.3631 -0.28438 0.32459 0.226493 0.355238 0.414641 0.0400866 0.0432149 -0.0913472 0.2088 0.0612044 -0.161452 0.158488 0.132574 -0.370123 0.142881 -0.319746 0.211889 0.00143742 0.303259 -0.238798 -0.196836 0.280915 -0.179055 0.0130788 0.125519 -0.460655 0.0806713 -0.107275 -0.490418 -0.0149596 -0.381803 -0.309539 0.226341 0.0401198 0.43069 0.0309386 0.27907 -0.429649 0.499323 -0.444304 -0.20005 -0.320168 -0.161963 0.238085 0.343282 -0.163709 0.178069 0.479693 -0.290804 -0.377354 -0.268762 -0.434669 -0.294048 -0.0755876 -0.396666 0.146961 -0.18059 0.35841 -0.455936 0.394614 -0.251598 0.361401 0.0848532 -0.0594137 
chilli 0.0649395 0.487983 -0.0354476 -0.161765 -0.248345 -0.142904 0.293764 -0.299253 -0.381612 -0.191025 0.423081 0.320552 0.205205 -0.215312 0.0899502 0.138326 0.076772 0.128488 -0.280711 -0.187719 0.268509 -0.338766 0.497235 0.0370231 -0.385049 0.390342 0.493702 -0.309142 0.484215 -0.134044 -0.187086 0.146745 -0.423591 -0.448788 -0.0383688 0.0680185 -0.323888 -0.0841903 -0.193865 -0.35358 -0.278428 0.175729 0.205135 0.419863 -0.0671017 0.203373 -0.355005 -0.204316 0.367205 0.0925988 -0.285703 0.485335 0.0777096 -0.381307 -0.37507 0.0298709 0.262396 0.2765 0.304032 0.438781 -0.0757494 0.458097 0.0231698 0.224467 0.409998 -0.347496 0.0353988 -0.472281 -0.45088 0.096014 0.399367 0.22253 -0.376515 0.17213 0.115458 -0.0596743 -0.00432849 0.182148 -0.112852 -0.166502 -0.168345 -0.0980235 -0.0250556 0.0965408 0.097529 -0.45452 0.471427 -0.376817 -0.293034 0.419868 -0.261949 0.139475 0.13774 -0.00319243 -0.101489 0.0650489 -0.475679 0.46751 -0.337733 0.151302 
Kung Po Prawns -0.120564 0.476104 -0.366679 -0.0590703 0.213756 0.223114 0.439183 -0.209764 -0.294642 0.164606 0.0792163 0.390614 0.330183 -0.123499 -0.19787 -0.434307 0.228157 -0.487242 0.345009 -0.167427 -0.163639 0.000944382 -0.380676 -0.163878 -0.307484 0.0341536 -0.278505 0.0359987 0.313181 0.0934425 0.271904 -0.400991 0.308825 -0.453831 -0.463796 -0.0911451 0.429706 -0.195507 0.193435 -0.054751 -0.117813 0.447141 0.18648 0.411038 0.277828 0.310925 0.187379 -0.243775 0.0803965 -0.32148 0.292491 0.211943 -0.113667 -0.179324 0.193084 -0.0608364 0.480114 -0.245344 0.351033 -0.234714 0.097791 -0.134875 0.18584 -0.324467 -0.304289 0.0390941 0.379326 -0.388892 -0.0778996 -0.403936 -0.134457 -0.319158 -0.286443 0.197484 0.46667 -0.482174 -0.137735 -0.456638 0.140762 0.146981 -0.247704 -0.0784767 0.257442 0.0883168 -0.0688762 -0.471968 0.128156 -0.316187 -0.377237 -0.374811 0.143463 -0.0889147 -0.428859 0.108941 -0.046442 0.227335 0.233446 0.175297 -0.310742 0.480991 
rice vinegar -0.280116 0.0754663 -0.12573 0.426647 0.382082 -0.384911 0.00534366 -0.306342 -0.456498 -0.326629 -0.0535932 -0.11133 0.322897 0.0750193 -0.483147 -0.0607434 0.416371 0.0358077 -0.113579 0.35021 -0.126859 0.324278 0.0340625 0.348552 0.423803 -0.0902771 -0.397835 0.161803 -0.00071923 0.216621 0.0891645 0.263665 -0.154901 -0.359378 -0.0259402 -0.35202 0.247037 -0.121889 0.291253 0.165328 -0.196603 -0.202953 0.448606 0.234614 -0.430325 0.373588 -0.414573 0.151876 0.453541 -0.297593 -0.331265 0.073437 0.432812 0.091367 0.329473 0.125959 0.217953 0.49862 0.246069 -0.021495 -0.203294 0.473872 0.32284 -0.0647577 -0.184666 -0.479661 0.435536 0.00917405 -0.264723 0.226916 0.347146 -0.157726 -0.0837255 0.171698 0.0574456 0.0456707 -0.0519354 -0.0562615 -0.230265 0.0132859 0.0306443 0.350917 0.302954 0.260093 0.43628 0.338852 0.426066 -0.267354 -0.0361341 -0.142113 -0.152578 -0.0597771 -0.254814 0.413157 0.211439 0.0850535 0.452563 -0.461033 0.376022 0.150535 
red snapper -0.347125 -0.169523 -0.0662334 0.436299 -0.0637862 -0.0857949 0.448835 -0.023313 -0.251228 -0.333168 0.14268 -0.228589 -0.0258504 0.450476 0.150268 0.0783781 0.400453 -0.215736 -0.263726 0.331937 -0.185724 0.229366 -0.118514 -0.0771046 -0.310611 0.266189 -0.280258 -0.384321 0.109241 -0.0973266 -0.198948 -0.146435 0.395706 0.309733 0.128974 0.301648 0.00865886 -0.122005 0.104509 -0.184709 0.248878 -0.0670863 -0.0781157 0.407805 0.0536699 -0.117308 0.496888 -0.0163575 0.197304 0.2582 0.066842 -0.0385935 -0.0716675 -0.0201442 -0.146614 0.287492 -0.108501 -0.143944 0.302669 0.149046 -0.13974 -0.0509181 -0.112886 -0.294188 0.0142082 -0.226159 -0.197795 -0.132605 -0.281677 0.18598 0.40537 -0.0518234 -0.0644343 -0.00852426 -0.406484 -0.118477 0.461681 -0.117926 0.309886 0.302796 -0.477545 -0.331587 0.24724 -0.0155025 -0.0782256 -0.250249 0.397246 -0.406465 0.375155 0.366246 0.447973 -0.0632599 0.13783 -0.210081 0.373973 0.18801 0.414677 0.196427 0.0220759 -0.431366 
Escovitch Fish 0.0167498 0.226043 0.185162 0.0744153 0.457239 0.477188 -0.201093 -0.425036 -0.0729828 -0.184249 0.284859 -0.385598 -0.306367 0.0817404 0.478282 -0.0588981 -0.296028 -0.0859517 -0.424345 -0.147249 -0.273959 -0.335751 -0.46546 -0.245193 0.0501606 -0.465645 0.170207 -0.392485 -0.252251 -0.140255 0.316119 -0.192134 -0.213651 0.0636592 0.409334 -0.211492 -0.0545942 0.241728 0.306836 -0.230218 0.323288 0.000555353 0.347286 0.463158 -0.475314 -0.310583 -0.438026 0.4192 -0.437978 0.0124235 -0.0622936 0.254308 0.347875 0.333196 -0.207099 0.120587 0.265436 -0.114792 -0.322575 -0.415458 0.0878558 -0.265237 0.288117 -0.420962 -0.0527937 0.0109639 -0.175301 -0.0808719 0.284268 -0.264459 -0.187266 -0.347041 -0.198238 -0.464524 -0.218734 -0.496871 -0.0785364 -0.0407768 0.276391 0.467518 0.184858 0.029607 -0.436724 0.0209821 0.0903841 0.466172 0.0520117 -0.367854 0.106668 -0.00860631 0.424472 0.480179 0.166805 -0.00785038 0.029779 0.254536 0.124012 -0.327452 -0.126981 -0.2167 
scotch bonnet -0.309507 0.421999 -0.291792 -0.00410861 -0.200442 -0.355158 0.485445 0.0355013 0.148668 0.308169 -0.0911565 0.410021 -0.401784 0.108614 -0.0491314 0.0980306 0.0809294 -0.343627 -0.466591 0.00328739 -0.449678 -0.212847 0.0708732 -0.0167169 -0.217541 0.274123 0.134487 0.0467209 0.196207 -0.33817 -0.148706 0.247764 -0.0690005 -0.327606 0.483042 -0.215957 -0.020652 -0.210753 0.408933 -0.284089 -0.182665 0.262889 0.0224661 -0.265684 -0.458346 0.184411 -0.283672 0.480379 0.245943 -0.43732 -0.374774 -0.198726 -0.00793969 0.397391 -0.254265 -0.0583336 0.2085 0.122506 -0.0826988 0.105415 0.221919 0.273075 0.323158 -0.338946 0.229518 -0.184808 -0.082278 -0.19544 0.346138 -0.310241 0.367792 -0.368884 -0.195044 -0.368524 -0.017561 -0.344561 -0.323816 0.18992 -0.171923 0.16742 0.371185 -0.428325 0.350903 0.336476 -0.0536626 0.346074 0.384812 -0.138928 0.0392605 -0.195904 0.182996 0.323763 0.142372 -0.342344 -0.0581726 -0.15277 0.0220652 0.144076 0.251925 0.0539822 
broad beans 0.459475 -0.303074 0.200995 -0.33045 -0.285926 0.0401574 0.100826 -0.256088 -0.484838 0.0836748 0.02399 0.379029 -0.247164 0.484874 -0.363302 -0.0912156 -0.370742 0.0095878 -0.229967 -0.168419 0.430668 -0.031547 -0.294674 0.370693 -0.172913 -0.446449 -0.11341 0.140723 0.252713 -0.065474 0.0996037 -0.150134 0.261596 0.126929 0.273748 -0.284186 -0.0238299 -0.109011 -0.333679 0.310896 0.199338 -0.274845 -0.0475444 0.296877 -0.487162 -0.102784 -0.267302 -0.268671 -0.4732 0.066186 0.359179 0.187106 -0.0541692 -0.271336 -0.386958 0.0674699 -0.280544 -0.270863 -0.485258 0.15186 -0.346458 -0.237614 -0.0625803 0.37959 -0.492732 -0.307704 -0.456755 0.300333 0.401111 -0.18486 -0.454783 -0.0801693 -0.0525022 -0.328966 -0.478832 0.408422 0.20645 -0.0665901 0.248183 -0.147072 -0.263032 -0.277549 0.401937 -0.0710221 0.0974028 0.304112 2.84127e-05 -0.156088 0.267124 0.404233 -0.229868 -0.245608 0.44965 -0.0653901 -0.0778536 -0.291319 -0.0874567 -0.219569 0.0479441 -0.177171 
Oxtail with broad beans -0.307556 0.494715 0.39449 0.0710361 0.375424 -0.235994 0.321664 0.296988 -0.117051 -0.0345089 -0.152196 -0.139878 0.0425076 0.0783145 0.020087 0.447152 0.362727 0.216684 0.454421 0.234423 -0.387052 -0.163301 -0.374767 0.0281313 -0.105768 0.399308 0.415522 -0.268925 0.44443 -0.0935856 -0.124209 0.177902 0.379685 0.151579 0.487881 0.192421 0.0101666 0.212198 0.254019 0.304111 -0.20865 -0.486297 0.450242 -0.207206 -0.0320227 0.140054 -0.415403 0.13313 -0.189393 0.497369 -0.222291 0.333592 -0.313246 0.179906 0.255307 0.299963 0.22165 -0.25275 -0.458359 -0.395805 -0.424548 0.459484 0.200561 0.285398 0.172214 0.0726668 0.40038 0.22468 -0.0792036 -0.440623 -0.0157149 -0.0449792 -0.221811 0.12575 -0.156487 -0.234338 -0.198406 0.320977 -0.420628 0.487783 0.32329 0.293319 -0.349299 -0.0773385 -0.391464 -0.131852 -0.176592 0.489777 -0.397504 -0.227209 0.488372 0.154915 0.0956256 0.419591 0.274877 -0.38477 -0.0674343 -0.130965 0.336754 0.111339 
Roast fennel and aubergine paella -0.431937 -0.124545 0.434746 -0.447541 0.447599 0.342391 0.204136 0.075069 -0.351978 0.434944 -0.245876 -0.0742663 0.132621 -0.291915 -0.378609 -0.170277 0.0771789 0.0300436 -0.23888 -0.359624 0.164751 0.244273 -0.0642821 -0.227909 -0.460204 0.427268 0.382431 -0.0347636 -0.376177 -0.00253667 -0.0636382 0.444129 0.0467942 0.274122 0.455432 0.101936 -0.22249 -0.464233 -0.457532 -0.0128227 0.391756 -0.0266773 -0.325211 -0.0624585 -0.24954 0.456409 -0.399071 -0.386312 0.345741 0.136841 0.382289 -0.106538 -0.458668 0.248917 0.215726 -0.231214 0.194963 0.433872 -0.0963879 0.065876 0.0228565 -0.378718 0.436308 -0.0906495 -0.141644 0.200257 0.374035 -0.28357 -0.321783 -0.062501 0.323469 -0.420884 -0.0883949 0.448008 -0.0952653 0.213317 0.467179 0.211314 -0.187596 -0.444735 0.168678 -0.126635 -0.498499 0.441398 -0.279802 -0.182177 0.224723 -0.240051 -0.494902 -0.0312067 -0.244521 0.11286 0.243211 0.226198 -0.136948 0.193331 0.452552 -0.030674 0.357487 -0.166632 
Red Peas Soup -0.467712 0.291283 -0.194509 -0.340995 -0.371927 0.139283 0.343487 -0.0637655 -0.414952 0.319348 -0.258113 0.175654 0.35382 -0.474329 0.190575 0.380442 -0.43443 -0.313854 -0.0555119 -0.0712845 0.0260689 -0.451123 -0.0568551 -0.342642 -0.40018 -0.0612702 -0.438698 -0.294746 -0.216542 -0.393596 -0.150996 0.378742 0.461952 -0.32158 -0.0115453 0.142199 0.0527633 -0.331745 -0.196387 0.151597 -0.304147 0.365091 0.297942 -0.0899214 -0.106147 0.358791 0.190125 -0.286068 0.245349 0.138929 -0.477323 0.231927 0.295947 0.315338 0.358008 0.194845 -0.445816 0.405497 0.00326586 -0.0470102 -0.232495 0.244567 0.104016 -0.266041 0.213491 -0.0304665 -0.404116 0.332153 -0.254284 0.409119 -0.0400781 -0.405602 -0.0394761 -0.454567 -0.344738 -0.162727 -0.494324 -0.178601 0.205179 0.465254 -0.117295 -0.0278449 0.377883 -0.448395 0.0781097 -0.402179 0.352025 0.288784 -0.144489 0.0453703 -0.134497 -0.0681564 0.0878594 -0.452765 0.20259 0.16961 0.185356 -0.315014 -0.140168 -0.043299 
Cashew Ghoriba Biscuits 0.0498666 0.419579 0.040602 0.201798 0.475906 -0.185712 -0.38502 -0.166192 0.242865 -0.048402 0.0763462 -0.0819845 -0.344428 -0.258024 0.331065 -0.445367 0.224752 -0.0361995 -0.0936142 -0.0151216 0.0369926 -0.479417 -0.0202962 0.0461816 -0.370802 -0.206612 0.481913 0.0311165 0.378086 0.499176 -0.2785 0.0844258 0.0863438 0.379756 0.302158 -0.15399 -0.0812183 -0.254785 0.398602 0.446515 0.0437037 -0.459843 0.463298 0.173379 0.172905 0.148363 0.216626 -0.185606 -0.406148 -0.455934 -0.133475 0.465782 -0.247116 -0.330937 0.0865436 0.214587 -0.189071 0.15815 -0.454521 -0.476084 0.230746 0.485204 -0.400619 -0.467605 -0.449939 -0.15943 0.142514 0.237344 0.349974 -0.493186 0.132703 -0.113831 0.0422723 0.0386579 -0.177689 0.408953 -0.369284 0.341375 0.148149 0.00575245 -0.280567 0.0656129 -0.377401 0.484486 0.263686 0.218113 -0.382889 0.187974 -0.1156 -0.323317 -0.297374 -0.271444 0.100759 0.481223 -0.0981017 -0.270423 -0.358515 -0.221978 -0.0682588 -0.461675 
Brown Stew Chicken -0.278841 0.459291 0.391198 -0.14153 0.253053 0.40779 -0.090736 0.318031 -0.00899332 0.368747 0.355537 0.187048 -0.47404 -0.236037 0.307711 0.242953 -0.158132 -0.0895414 0.199698 -0.11075 -0.34877 0.201156 -0.0536752 0.296515 -0.145941 -0.271897 -0.429835 0.393794 0.338929 0.365971 0.375566 0.360898 0.0140555 0.431632 0.228135 0.00595326 -0.477892 0.393655 -0.00933741 -0.4275 -0.490247 0.047984 -0.125652 -0.0739498 -0.265098 0.458455 0.121604 0.397343 -0.336978 -0.312367 0.0469432 0.396389 -0.239514 0.116275 -0.289782 0.205415 -0.48536 -0.0835159 0.250906 -0.307625 0.108151 -0.29082 -0.240948 -0.285283 0.162239 -0.204434 0.358418 0.461957 0.465336 0.415612 -0.329855 -0.0715706 -0.47246 -0.363085 -0.0322414 0.370242 -0.405177 0.238251 0.174834 -0.0537434 -0.49023 0.324085 0.36753 -0.212427 -0.356296 -0.290668 0.208649 0.361546 -0.277117 -0.103738 0.277953 -0.040049 -0.0483163 -0.181409 0.29419 0.459611 -0.0769319 0.432076 0.283591 -0.299478 
Tunisian Orange Cake -0.0224247 0.418838 0.357635 0.336703 0.418232 0.0363523 0.0587584 -0.0942809 -0.194121 0.237222 0.0981297 0.445964 0.0066216 -0.130535 0.0781979 -0.275078 -0.200344 -0.380733 0.357162 0.426839 0.0691342 -0.458735 -0.35383 0.283474 -0.484471 0.137195 -0.429566 0.445239 -0.391548 0.108856 -0.367141 0.347359 -0.198104 -0.152172 0.371933 -0.480964 -0.170751 -0.294711 0.269439 0.251783 -0.158901 -0.447798 -0.37445 -0.165946 -0.147306 -0.485496 -0.378477 -0.117154 0.178093 0.18351 -0.421716 -0.0947855 -0.0944376 -0.000578524 0.332376 0.106277 0.066202 0.00227195 0.119524 0.422126 0.129758 0.105956 0.000547764 -0.324047 -0.158042 0.146827 0.231126 -0.128151 0.490585 0.140337 0.488373 0.480366 -0.0736367 0.0129813 0.00964102 0.434613 0.203258 -0.0376818 0.343756 0.148245 0.351359 -0.133834 -0.189553 -0.333897 0.138995 0.385372 -0.0611105 -0.371979 0.324554 0.127491 0.167696 -0.291767 -0.363887 -0.407853 0.255634 0.443231 -0.170858 0.0327849 -0.405363 -0.206461 
Callaloo Jamaican Style 0.393909 -0.0338248 0.00610852 0.48375 0.264939 0.421303 0.426834 -0.00935422 -0.494736 0.285142 0.0299086 0.325581 -0.205871 -0.48255 -0.214441 -0.228673 -0.422499 0.393512 -0.252784 -0.475715 0.063735 0.479055 -0.151088 -0.254836 0.258579 -0.130347 -0.181543 -0.456382 0.435096 0.249423 -0.45165 -0.436511 0.0634988 0.300572 -0.317394 0.280063 -0.0557687 -0.240681 -0.311136 0.0903315 -0.196155 0.0680964 0.106539 -0.338221 -0.387421 0.209446 -0.242638 0.262946 -0.364783 -0.153595 -0.268323 -0.0260817 0.104954 -0.204859 0.174692 -0.419874 0.0840788 -0.453398 0.22635 -0.390554 -0.490517 0.0747419 0.169575 0.160711 -0.365354 -0.444508 0.442656 0.294138 0.0888568 -0.452004 -0.260449 0.216602 -0.347631 0.272314 -0.0671561 0.439067 -0.412837 -0.174096 0.488085 0.456403 0.464758 0.378134 -0.132106 0.115663 -0.312646 0.10507 -0.477012 0.255813 0.479498 -0.0321946 0.0463604 0.249141 0.496334 0.351463 -0.446348 -0.149777 0.483246 0.0238753 0.0480476 0.435427 
Jamaican Beef Patties 0.248423 -0.280021 0.277209 -0.0696454 -0.457321 -0.12981 -0.201654 -0.234555 0.316037 -0.0383242 0.419748 0.192883 -0.0398751 0.472462 -0.349532 -0.194696 -0.275885 0.152331 -0.0869641 -0.203396 0.435537 0.434882 -0.401235 0.448247 -0.30204 -0.0370487 0.462826 -0.425642 0.166295 -0.0591032 -0.401697 -0.431516 0.207608 0.119729 0.354371 -5.95979e-05 0.0704156 -0.0664593 -0.100942 -0.340221 -0.137633 0.235913 -0.228852 0.0559059 -0.256211 -0.33719 0.0510222 -0.379996 -0.243064 0.354651 -0.228825 0.202792 0.230481 -0.221548 0.42575 -0.0524422 0.310344 -0.123218 0.260928 0.315796 -0.331958 0.26119 0.41059 -0.00729878 -0.488663 -0.355743 -0.114945 -0.0904911 0.146984 0.00508232 0.187734 0.375114 -0.382221 0.168871 0.476303 -0.0140186 -0.450279 -0.295951 -0.429111 0.282673 0.140949 0.247286 -0.0914183 0.127039 -0.159946 0.0124283 0.361634 0.139648 -0.0267923 -0.401281 0.272724 0.390927 -0.481921 -0.360827 -0.109003 -0.298325 -0.301387 -0.0304501 -0.115503 0.395695 
Jerk chicken with rice & peas 0.0436459 -0.0569529 0.0641585 -0.221134 0.414805 -0.423564 -0.476358 -0.251758 0.290333 0.159902 -0.278853 0.257862 -0.0250389 -0.327621 0.464262 -0.198914 0.137468 0.404289 0.366396 -0.132806 0.380988 0.350396 0.437222 0.401727 -0.0400577 0.269589 0.136688 0.186039 0.327931 0.178054 -0.0765303 0.48434 -0.015173 -0.154801 -0.378884 0.192594 -0.269043 0.231471 -0.278914 -0.177964 0.357567 0.298175 0.378256 0.157964 -0.295941 0.44915 -0.275575 -0.370424 0.36528 -0.397609 0.15256 0.01428 -0.441539 -0.0542017 0.468723 0.0519875 -0.496001 0.00702464 0.14048 0.353879 0.0902804 0.000752992 -0.332368 0.42135 -0.0657788 -0.116532 0.398413 0.271164 -0.0662508 -0.39392 0.263484 -0.0285063 -0.0833637 -0.36622 0.120115 -0.362083 0.187055 0.0747959 -0.0539509 0.38067 -0.122413 -0.303898 0.140994 -0.110631 -0.128866 0.488131 0.0447769 -0.343314 0.444684 0.0535991 0.275124 -0.150629 0.444933 0.0486274 0.31772 0.0842376 0.0939578 -0.357176 -0.0143434 0.28011 
tabasco sauce 0.229897 0.404977 0.138911 -0.272444 -0.0558467 -0.370151 -0.0204917 0.194274 -0.162437 0.252988 0.102154 -0.413922 0.399682 0.262874 0.337833 0.1934 0.0439775 0.0257889 -0.199241 -0.0280398 0.390435 0.403902 -0.393409 -0.342953 0.109719 -0.492108 0.155861 -0.000530777 -0.440517 -0.202446 0.0463721 0.396016 -0.144391 -0.220164 -0.0188891 -0.0847203 0.334071 0.344777 0.0820202 0.452814 -0.126664 0.452649 0.0681859 0.116336 0.262286 -0.0232581 0.47554 0.0135841 -0.196762 -0.224847 0.0502663 0.407747 -0.212766 0.37477 -0.0757707 -0.318039 -0.00221165 -0.370572 0.394008 0.427994 -0.161716 -0.0746021 0.185981 0.142639 0.43911 -0.339106 -0.00261735 -0.484652 -0.405579 0.207538 0.0634951 0.152046 0.346564 -0.497509 -0.0870319 -0.314559 0.299525 -0.0293417 0.172318 0.252425 0.0528629 0.157351 0.16427 0.472103 -0.20244 -0.14275 0.270703 -0.123253 -0.31871 0.331079 -0.0705442 -0.35212 -0.336404 0.361651 -0.102237 -0.103503 0.145406 -0.154593 0.102599 -0.409922 
dijon mustard -0.288612 0.429843 0.274411 0.139681 -0.347213 -0.323557 0.365887 0.390204 -0.382466 -0.44687 0.0364496 -0.114153 0.135964 0.0460656 -0.167625 0.105416 -0.454381 -0.405844 0.210433 0.444082 0.250431 -0.431548 -0.101507 0.0320642 0.398329 0.262873 -0.0324446 0.141703 -0.0665785 -0.487826 0.120965 0.105095 -0.363128 0.27544 0.187888 0.461537 -0.215572 -0.199662 0.21826 0.209253 0.2295 0.200626 0.145338 -0.38669 0.0987687 -0.499495 -0.335575 -0.120199 0.193412 0.288325 -0.316543 -0.338782 -0.0271762 -0.415338 -0.242039 -0.320649 0.290904 0.428043 0.257209 0.070872 -0.32878 0.27691 0.470197 -0.499283 -0.0200675 -0.218346 0.114881 0.205182 -0.137033 -0.0672455 0.0982518 -0.312796 0.47664 0.401936 0.036553 0.108524 0.0298784 -0.346896 0.287922 -0.394334 -0.0588421 -0.344597 -0.287807 0.0118513 -0.137023 0.212229 -0.390633 -0.285841 -0.192573 -0.382279 0.420766 -0.0534935 -0.108595 -0.0522054 -0.165045 -0.291107 0.316828 0.369374 -0.349314 -0.178482 
canola oil -0.30646 0.199881 -0.215779 0.0267501 -0.134662 0.205929 -0.459004 0.20862 0.310943 -0.159986 -0.413716 -0.229321 -0.0865004 0.149842 0.214564 0.349138 0.49457 -0.349708 0.205664 -0.0204867 0.227061 -0.102224 -0.256208 0.101001 0.0163794 0.38786 -0.400678 0.486304 -0.34363 0.0580258 -0.264916 -0.363509 0.433026 0.170359 -0.442451 0.271992 0.0969183 0.154749 0.177018 -0.336299 0.0781351 -0.492813 0.408732 0.0291334 0.234993 0.318276 -0.418091 -0.393758 -0.390579 0.0991476 -0.205975 -0.437114 -0.0689368 -0.195894 0.452742 -0.00112446 -0.0712254 0.405963 0.476375 -0.0933548 -0.0725125 -0.463576 0.444246 -0.336406 -0.206701 0.106689 -0.437332 0.0787012 -0.0560694 -0.29509 -0.039721 -0.359628 -0.00567233 -0.0898989 -0.355567 -0.103143 -0.277461 0.367439 -0.344879 0.134212 -0.0964131 -0.496143 -0.204983 -0.0119641 -0.364439 0.199208 0.0831324 0.226779 0.0589726 0.105989 0.310007 0.171851 -0.0387525 0.24753 0.125203 0.415418 0.271223 -0.471236 0.0873297 -0.211365 
Steak Diane 0.414221 -0.101124 0.0576004 0.258752 -0.078883 -0.271053 -0.16746 0.40944 0.188051 0.397034 -0.11518 0.198776 0.330769 0.0826224 -0.0395946 0.0737459 -0.141714 0.221005 -0.426603 -0.475705 0.427826 0.309971 -0.291702 -0.339407 -0.0410412 -0.092054 0.103218 -0.206935 -0.486583 0.0634487 0.259242 -0.4328 0.00320528 0.360601 -0.449259 -0.221411 0.088893 0.449425 0.0658197 -0.00033459 0.48193 -0.232666 0.303246 -0.46785 0.450212 0.0527189 0.487853 -0.155667 -0.358493 -0.485819 -0.0800806 -0.208466 0.182763 -0.257183 0.27515 0.24804 0.441627 -0.317916 0.264556 0.11827 0.0992223 -0.384721 0.19424 -0.401327 0.403726 -0.410779 0.375304 0.497553 -0.227436 -0.134862 -0.0742532 -0.441631 0.167481 0.419874 0.26136 0.302737 0.0379562 0.402512 -0.219607 -0.147468 0.0300839 -0.0664271 -0.2582 0.0302867 -0.0712461 0.340506 0.229912 0.484568 0.464011 0.0453572 -0.496995 0.140713 -0.202093 -0.0314993 -0.173736 0.152273 -0.375641 -0.117681 0.185919 -0.074407 
sun dried tomatoes -0.135348 0.397254 -0.397513 -0.0107803 -0.389343 -0.0974817 -0.491609 -0.31717 -0.0200355 -0.364655 0.484453 0.0284255 0.389546 -0.236792 0.362159 0.211245 -0.0410644 -0.193798 -0.222773 0.467953 0.147621 -0.454861 0.294959 0.482846 0.300347 -0.209989 0.379923 0.36097 0.203362 0.195412 -0.109861 0.322329 0.116659 -0.369912 0.0342451 0.289914 -0.408423 -0.229379 -0.156239 -0.251635 0.212192 0.146001 0.351867 -0.45458 0.149059 0.425366 -0.276397 0.30231 -0.167982 -0.417191 -0.387941 -0.0905311 -0.105924 -0.0488531 0.338608 -0.396818 0.0653884 -0.163483 -0.0977224 0.0265692 0.0907692 0.351633 0.312352 0.4573 0.312664 -0.0856304 -0.192055 0.0226766 0.499179 -0.185218 -0.452961 -0.220295 0.322415 0.251954 -0.189082 -0.184389 0.30446 0.0149963 -0.204349 -0.263013 0.479848 0.0402697 0.259289 -0.190741 -0.409035 -0.190213 0.24862 -0.251061 -0.43508 -0.466627 0.107426 -0.307233 0.3958 0.326603 -0.167492 -0.0426926 0.296075 0.275364 -0.065329 -0.318485 
Chicken Basquaise 0.177284 0.0373405 0.0344249 0.237561 -0.486978 0.239605 0.0314736 0.10399 0.232594 -0.142077 -0.324473 0.353989 -0.384078 0.443698 0.384772 0.388351 -0.282311 0.354666 -0.370956 0.280727 0.10518 -0.0114932 0.173082 0.0472095 0.488184 -0.0560646 0.25412 0.0190895 -0.233539 0.126153 0.397937 0.385478 0.439033 -0.479367 -0.241167 -0.000883568 -0.178806 0.495157 -0.279659 -0.338725 0.366636 0.183944 -0.299262 0.162706 0.0881209 -0.203316 0.147091 -0.331267 -0.218638 -0.0541355 -0.041643 -0.0271041 -0.470338 0.459981 0.0580472 -0.31276 -0.0667516 -0.399056 0.280428 -0.214055 -0.167036 -0.42091 -0.0717734 -0.337668 -0.0744362 0.307541 0.290152 -0.0756587 -0.319956 -0.495291 -0.0721382 0.0574495 0.465437 0.466115 -0.27977 -0.461932 0.156117 -0.478564 -0.213964 -0.408333 0.486061 0.101068 0.0835913 0.0577414 -0.100563 -0.390232 -0.108983 -0.134333 -0.0633393 0.203335 0.145842 0.231969 -0.497909 -0.299705 -0.0427117 0.487596 0.130893 0.36899 0.378246 0.10334 
Rappie Pie -0.417302 0.224399 0.148716 0.140663 0.22417 -0.266686 -0.0446336 0.0406211 -0.249671 -0.154333 0.301152 -0.0331983 0.00170674 0.183031 0.0649997 -0.151423 -0.310084 0.457313 0.471864 -0.0943577 -0.35384 0.326667 0.100794 -0.492224 -0.0682338 -0.123286 -0.277693 -0.193362 0.276372 -0.467807 0.295621 0.28362 0.190565 0.457355 -0.0971415 -0.319647 0.047644 0.374495 0.404375 -0.285628 0.275652 -0.308603 -0.141469 -0.474629 0.324167 0.146997 -0.064915 0.483601 -0.464279 -0.0790953 0.389821 -0.108609 0.158025 -0.390958 -0.481942 0.184139 0.390702 -0.17538 0.171601 -0.0893688 -0.0767277 -0.35712 0.314153 -0.238273 -0.315336 -0.146388 0.339592 -0.404764 -0.136371 0.445428 -0.0695504 0.043815 0.391593 0.145214 -0.352844 0.238306 -0.457568 -0.289752 -0.0466899 -0.148761 -0.390041 0.2097 -0.280326 0.309728 -0.153687 -0.289039 -0.157163 -0.126183 0.240616 0.389165 -0.0366319 0.177828 -0.18162 0.294936 -0.100912 -0.455751 -0.220266 0.350246 0.381865 0.254125 
Pouding chomeur 0.00304623 -0.291704 0.387632 -0.264216 0.0927936 -0.452034 -0.231975 -0.34669 -0.327005 0.397947 -0.130874 -0.495165 0.352382 -0.159767 -0.111153 0.288467 -0.434334 -0.322727 0.222345 0.495184 0.202406 -0.185292 0.316221 -0.124082 -0.471088 0.311604 -0.363904 -0.237383 0.39937 -0.172988 0.0242154 0.272312 0.469442 0.394628 -0.0800727 -0.0153289 0.332912 0.121107 0.203114 0.0231441 0.413105 -0.00171961 -0.465949 0.341552 0.492003 0.342933 0.414729 -0.373385 0.106357 0.0840935 -0.196912 -0.422346 -0.146818 -0.361718 0.488728 0.110548 -0.128956 0.423435 -0.020926 0.371558 0.453622 0.464512 0.062131 0.301593 0.409611 0.0308367 -0.0226845 0.356859 -0.43832 0.467242 0.316967 0.416684 0.407543 -0.223056 0.409709 0.118906 0.206971 0.165602 0.19919 -0.245773 0.186292 0.145848 -0.212408 0.315953 -0.318731 -0.483283 0.376528 0.417125 0.0449544 -0.00537246 -0.0950817 0.193937 0.387199 0.197667 -0.252441 -0.342008 0.432512 0.347988 -0.118263 -0.00981479 
Sugar Pie -0.0487034 0.0337613 -0.0566762 0.315527 -0.169688 0.443995 -0.313512 0.319906 -0.436742 0.00901865 0.207693 0.42219 -0.274597 0.46669 0.0724269 -0.421156 -0.278135 -0.443449 -0.0752415 0.485918 0.353711 -0.392862 0.412846 -0.177343 0.380157 0.0546857 -0.326305 -0.330624 -0.368485 -0.357871 0.247451 0.455348 0.259936 0.246689 0.403715 -0.275997 -0.149493 -0.364855 0.391927 0.132706 0.00463387 0.115476 -0.258484 -0.369737 -0.460115 0.286945 -0.39289 -0.0176059 -0.478042 -0.144247 0.0663574 -0.259371 0.172348 -0.269886 0.432154 0.341646 0.476903 -0.195899 0.152877 0.123944 0.287893 0.167237 0.314113 -0.403437 0.0931194 0.196019 -0.441417 0.49078 -0.290289 -0.309299 0.101743 -0.216569 0.22616 0.299616 -0.26335 -0.410831 -0.36679 0.377594 -0.41014 0.0600702 -0.018236 -0.0277278 0.445415 0.0749902 -0.176488 -0.34038 0.480613 0.438345 0.40077 0.0696034 0.328848 -0.0369931 0.390108 -0.0133893 0.082734 0.176738 0.277008 0.0774729 0.463326 -0.380184 
creamed corn -0.405213 -0.368478 -0.400001 0.355376 0.46439 0.123067 0.0312492 0.303832 -0.49127 -0.495152 -0.280084 -0.246519 0.380699 -0.159741 0.178219 0.232874 -0.342876 0.152851 -0.143719 0.403253 -0.437072 -0.0660897 0.389205 -0.399714 0.0168817 -0.269227 0.0451132 -0.324915 0.351337 0.468659 0.0398325 -0.230815 -0.235445 0.357024 -0.0734854 0.451817 -0.404233 0.264966 -0.369436 -0.173037 0.261759 0.257027 -0.437306 -0.184824 -0.128149 0.231483 -0.348036 -0.127269 -0.128769 0.0771688 0.498442 0.331769 -0.0676407 -0.101781 -0.469208 0.347918 -0.331217 -0.281382 0.0694642 -0.0783215 -0.193078 -0.108828 0.0665797 -0.252414 -0.284617 -0.0528434 -0.434019 0.313806 0.0713343 -0.191165 -0.375918 -0.477126 0.245247 -0.129292 0.122847 -0.108653 0.200723 -0.470141 0.104056 -0.194189 -0.126068 0.0438821 0.300679 -0.355569 0.175947 0.229513 -0.346004 -0.458551 0.453898 0.0747078 0.288105 0.384553 -0.367385 -0.13043 -0.424255 -0.178462 0.064645 0.196842 0.155338 -0.303607 
Pate Chinois 0.022097 0.0165353 0.477037 0.031837 0.423743 0.307419 -0.388964 0.428708 -0.346919 -0.0659497 0.36144 -0.0650163 0.353863 -0.303813 -0.156019 -0.486703 -0.450281 -0.024337 -0.370378 0.334722 0.37521 -0.0501598 -0.479456 0.294989 0.313449 -0.0227814 0.47312 0.356582 -0.400024 0.0451111 0.278062 0.117754 -0.330945 0.457784 0.426585 -0.0558095 -0.451704 -0.34834 0.425834 0.153077 -0.270423 0.101257 -0.198233 -0.0600539 -0.00540022 -0.352642 0.0220252 0.0765718 -0.102865 -0.14496 0.000466253 0.0384408 -0.194434 0.0929335 0.393356 0.357958 -0.190015 -0.431034 -0.292869 -0.0255451 -0.272576 -0.0561357 -0.455269 -0.232473 -0.0797406 0.158285 -0.325507 -0.135163 -0.424051 0.261884 0.198845 0.098903 0.226928 0.303049 0.0336894 0.302753 0.200944 -0.115649 0.414321 0.156522 0.33509 -0.104395 0.0915468 -0.223662 -0.238244 -0.152838 -0.415237 0.36086 -0.132182 0.165498 -0.138164 0.277675 -0.327893 -0.117652 -0.140198 -0.466777 0.319305 -0.170246 -0.274336 -0.37977 
Montreal Smoked Meat 0.289829 0.325434 -0.0523929 0.169928 -0.217773 0.436515 0.105016 0.0540719 -0.234119 0.0283942 -0.399861 0.286602 -0.462815 -0.371522 0.351367 -0.211937 -0.221413 0.0454731 0.32989 0.0915232 -0.191085 -0.371228 -0.0631362 -0.0595231 -0.0506345 0.195576 -0.326765 0.190641 0.272165 0.31067 -0.396806 0.0861059 0.267493 0.476837 0.111859 0.248577 -0.0269632 0.287465 0.0573943 0.159871 0.207328 0.268915 0.0243127 0.072468 -0.420561 -0.0807974 -0.301949 0.0123512 0.223812 0.227223 0.489585 -0.495499 -0.0587518 0.0686665 -0.230175 -0.0796136 0.272278 0.0545312 0.27399 -0.165884 -0.320182 0.426896 0.266939 -0.149431 0.345153 0.395558 -0.161633 0.485396 0.47409 -0.454521 -0.152886 -0.326278 0.0725506 0.403732 0.287674 0.0551139 -0.38241 -0.203521 -0.14833 0.318372 -0.112274 -0.345866 0.0389889 0.336859 -0.175649 -0.373336 -0.134659 -0.451445 0.187488 0.387188 0.146701 0.115383 -0.017846 0.375316 -0.0695667 0.271968 -0.265118 -0.354185 -0.390157 -0.0171787 
Tourtiere -0.137438 0.276696 -0.187248 -0.231162 0.206389 -0.243688 0.242437 0.0412363 -0.237095 0.294923 -0.0274421 -0.200795 0.141476 -0.182961 -0.0845284 0.115123 0.0185236 -0.367417 -0.153884 0.219976 0.14362 0.25655 0.289182 -0.423715 0.0375411 -0.384967 -0.0897938 0.274737 -0.384814 -0.277209 0.463383 0.0784429 0.43363 -0.23762 0.139398 0.483496 0.0857843 -0.220396 -0.162147 0.135311 0.392382 -0.291715 -0.217107 0.332293 0.499013 0.23101 0.0496574 0.25366 0.167982 0.437523 -0.185224 -0.0753069 -0.253246 0.310562 0.0697038 0.318195 0.262716 0.360579 0.0776571 -0.292289 0.273602 0.345551 -0.34832 0.154546 0.161504 -0.361839 0.0443477 0.310543 0.0235181 -0.194624 0.295179 0.313469 -0.367737 0.160812 0.18959 0.38041 0.440983 -0.457202 0.285571 0.0287032 -0.0821205 -0.064752 -0.0813393 -0.241302 -0.357187 -0.235604 0.315143 -0.490427 -0.0459662 -0.463868 -0.204345 0.312785 0.250673 -0.281276 -0.155493 0.485484 -0.210966 0.0183799 -0.139611 0.167305 
frozen peas -0.27117 -0.434817 -0.36298 -0.48674 -0.169592 -0.263921 0.000957857 -0.203239 0.336339 0.495532 -0.336399 -0.00486829 -0.131859 -0.308229 0.498237 0.0266199 -0.254006 -0.23597 -0.34342 -0.252688 -0.292052 0.0807466 -0.233031 -0.373397 -0.269184 0.376008 -0.113083 0.261562 -0.484521 -0.483463 0.196398 0.187813 0.402577 -0.215272 -0.269129 -0.125201 -0.298675 -0.239185 0.357861 -0.0975589 0.38621 0.483354 0.291851 -0.427465 -0.0303233 0.327944 -0.49611 -0.241651 -0.181871 0.164051 -0.439319 0.1049 0.339613 0.00994845 -0.0815124 -0.182594 -0.460562 0.370532 0.287925 -0.129724 -0.0387377 -0.11701 0.139508 -0.479477 0.405208 -0.0698708 -0.035227 -0.259914 0.0781837 0.270863 -0.412921 0.452186 -0.34605 0.0568042 -0.154456 0.158447 0.488368 0.280944 0.0225438 0.0266048 0.13556 -0.109555 0.42429 -0.136421 0.013302 0.398149 -0.204325 -0.0950768 -0.321668 0.206449 0.135674 -0.17666 -0.185075 -0.0791968 0.123509 0.471088 -0.339757 0.0805944 0.00546677 -0.0559036 
Split Pea Soup -0.497071 0.256583 0.375011 -0.154509 -0.129069 -0.199837 -0.232136 0.0856507 0.298177 0.0774563 -0.408778 -0.069646 0.467447 -0.0218405 0.04322 0.399648 -0.278538 -0.119338 0.0905287 0.0333186 0.421308 -0.0345611 0.458625 0.0377429 0.358618 -0.0627279 -0.0168879 0.347488 0.456618 0.0822261 0.0728094 0.299607 -0.413382 -0.381187 -0.0441477 0.410299 -0.28092 -0.0738895 0.250839 -0.379873 0.316152 0.207165 -0.337472 0.243844 -0.183666 -0.279792 -0.0634258 -0.230821 -0.153712 0.409578 0.206174 -0.354119 0.118589 0.167503 0.206083 -0.469022 0.301576 6.39279e-05 0.0994763 0.054036 0.202415 0.103223 -0.153127 -0.183069 -0.285092 -0.373808 -0.158355 -0.0968434 0.24843 -0.49104 0.153767 0.43778 -0.399837 0.476779 0.142032 0.471617 0.435359 0.336741 0.424768 -0.420872 -0.354902 -0.424207 -0.478381 0.166493 -0.0518824 0.357755 -0.205529 -0.456575 -0.326657 -0.222189 0.34221 -0.279893 -0.395084 -0.23728 -0.0293862 -0.287144 0.254662 0.146099 0.222906 0.241796 
desiccated coconut -0.446646 0.323501 -0.307935 0.239421 0.0235755 -0.344511 0.367382 -0.257898 -0.198024 0.12967 -0.155122 -0.231857 0.0939028 -0.0175661 0.44976 0.487184 0.485339 0.141433 -0.303427 -0.456494 -0.272103 -0.465121 -0.243496 -0.449326 -0.225717 -0.320956 0.494593 0.431622 -0.176965 -0.0868657 -0.168849 -0.16707 -0.024353 -0.0341479 -0.432764 -0.0984938 -0.45572 -0.0252971 0.201868 -0.379427 0.295471 -0.213616 0.119929 0.293807 -0.152887 -0.114098 0.422074 -0.367154 -0.197415 0.45421 0.266794 -0.113443 0.212145 0.399343 -0.480597 -0.429136 0.216055 -0.331594 0.08867 -0.12729 -0.369714 -0.0940754 -0.306702 -0.113555 -0.454576 -0.399894 0.369316 0.0911132 0.133458 -0.391752 0.317159 -0.227627 -0.373965 0.269422 -0.184166 0.136086 0.103122 -0.233691 -0.495992 0.0305552 -0.225696 0.0141766 0.35177 0.173067 -0.17956 -0.00851553 -0.388334 -0.015005 -0.243167 -0.193132 0.454756 0.165609 0.403806 0.250036 -0.48875 -0.391971 0.042404 0.129662 0.0425382 0.0348882 
custard powder -0.313105 -0.0424899 -0.0670397 0.0461377 0.270337 0.236609 0.366336 0.0763578 -0.451877 -0.391984 0.371818 0.26191 -0.229063 -0.429021 0.263972 0.0499135 0.216286 0.154506 -0.0780163 -0.0905863 -0.0153133 -0.360395 0.223722 0.329162 0.267488 -0.285053 -0.174579 -0.406554 0.347623 0.134899 0.418939 0.323866 0.475221 0.358686 0.443924 0.249903 -0.178354 0.395527 -0.0186383 0.0348718 0.26518 -0.135977 -0.26348 -0.369795 -0.250263 0.270547 0.191223 -0.355738 -0.0354239 0.17021 -0.00224897 0.349557 -0.248666 -0.026627 0.115768 -0.448983 -0.113906 0.0496914 -0.150187 -0.379524 0.324677 -0.0646386 0.387622 -0.2417 -0.157009 -0.0788616 0.124891 0.0318589 -0.373193 0.35935 -0.0562886 -0.364983 -0.31128 0.188163 0.237679 0.0375424 0.0523781 -0.410774 -0.420582 0.115258 -0.202407 0.348642 -0.0850755 0.123871 0.325 0.364506 0.133863 0.238406 -0.29289 0.464867 0.170166 0.309091 -0.343612 0.16696 0.0380641 -0.18737 0.354362 0.199351 -0.153182 0.232649 
BeaverTails -0.174129 -0.0585503 -0.0612472 0.133423 -0.354179 -0.289615 0.486823 -0.126016 -0.0107265 0.220496 0.278871 0.255759 -0.0517939 -0.435564 0.439785 -0.49556 -0.213422 0.407646 -0.338343 -0.0974743 -0.303853 0.302627 -0.00689124 0.226613 0.232113 -0.290091 0.0169588 -0.063118 -0.252077 -0.130863 0.271517 -0.114405 -0.109067 0.471615 -0.324309 -0.030426 -0.114202 -0.249427 -0.285747 -0.055802 -0.0356263 0.212035 -0.236471 0.269342 -0.0413338 0.301929 -0.414393 -0.23844 -0.0261113 0.141594 0.496558 -0.243681 0.0850984 0.219928 -0.32501 0.23787 0.221559 0.305145 0.384232 0.13725 -0.217655 0.364688 0.313276 0.182761 0.133112 -0.18606 -0.080606 0.36599 -0.325246 -0.453219 0.0157128 -0.109646 0.0704602 -0.484844 -0.0722983 -0.291803 0.256831 0.20306 -0.363753 0.446979 0.210318 0.456977 0.211066 -0.0832434 -0.209409 0.208695 0.364521 0.309363 0.290604 -0.222555 0.393983 0.328531 0.368546 0.496212 -0.115847 -0.469182 -0.000755291 -0.0696924 0.222948 0.0642759 
Nanaimo Bars -0.438575 0.0227599 0.370207 0.383741 0.264065 -0.269429 0.0283797 0.486483 -0.198754 0.43251 -0.0358342 0.0349804 -0.0465179 -0.278353 0.126956 -0.276156 -0.37312 0.0082427 -0.207126 0.278661 -0.287225 0.392113 -0.218409 0.340245 -0.0996475 -0.00421046 0.144544 -0.274464 -0.114258 -0.0806134 -0.0325396 -0.193142 -0.152609 0.497632 -0.249148 -0.494525 0.0951758 -0.0677707 0.368622 -7.41988e-06 0.0111148 0.139473 0.494845 0.130169 0.13605 0.359819 -0.389295 0.492269 0.333252 0.402366 -0.379785 -0.0403252 -0.346606 -0.371705 -0.121527 0.255337 -0.323294 -0.248276 -0.0228884 -0.489049 0.0524643 0.151447 -0.213202 -0.36574 0.00245665 -0.416809 -0.00304681 0.291015 -0.204098 -0.0622773 0.179934 -0.130401 -0.271487 -0.283313 -0.154639 -0.113058 -0.224029 -0.211998 0.436762 0.17565 -0.134577 -0.190997 -0.459592 0.422511 -0.453938 -0.0852176 -0.259808 0.20683 -0.0512844 0.394498 -0.0293084 -0.0627983 0.466417 0.304951 0.468543 0.330754 -0.456397 0.0197944 -0.0890133 0.206796 
raisins -0.424841 -0.0560041 -0.120303 -0.358719 -0.333745 -0.229132 -0.411243 -0.209384 -0.364641 0.174654 0.0380549 0.278933 0.00712042 -0.378028 0.264914 -0.0705205 -0.0310932 -0.0893732 0.0972555 -0.0666529 -0.202566 -0.192458 -0.21637 0.465864 0.366935 0.13603 -0.0528269 0.00524528 0.0997707 -0.0939188 -0.177047 0.234268 0.124623 -0.215781 0.128945 0.346107 -0.43345 -0.142623 -0.374815 0.359489 -0.311844 0.375733 -0.109039 -0.259188 -0.336865 0.363551 0.335587 -0.402783 -0.289515 -0.227909 0.0881885 -0.331768 -0.0647725 -0.111698 -0.102809 0.49735 0.497289 0.00324898 -0.160293 0.158873 0.193022 -0.0631053 0.0511737 -0.11058 -0.234901 0.493575 0.280601 -0.218552 -0.414931 -0.432575 -0.0468607 0.0520595 0.087575 -0.261478 0.296115 0.343213 -0.302307 0.0437039 -7.0564e-05 0.487043 0.181584 -0.370821 0.0745617 -0.22064 0.499767 -0.367483 0.146053 0.459202 -0.405041 0.240419 -0.22901 0.111153 0.217008 0.433866 0.201155 0.488648 0.19066 -0.284783 -0.412799 0.233654 
tiger prawns 0.100224 -0.41893 0.347625 -0.38415 0.155856 -0.370592 -0.0853614 -0.396555 0.414907 -0.124594 0.00277747 0.490029 0.336141 0.470762 0.211671 0.130838 -0.0658611 0.0485701 0.43911 0.320491 0.270162 0.452941 -0.444478 0.15389 -0.325514 -0.173832 0.107279 0.106006 -0.115374 0.375523 -0.299451 0.0740673 0.215857 -0.435599 -0.152709 -0.45887 0.448337 -0.194426 0.270085 0.422321 -0.222508 0.342905 -0.263847 0.3051 -0.386949 0.0421706 0.234902 0.16011 0.115231 -0.398812 -0.072895 0.243465 0.360871 -0.307975 0.428392 -0.107327 0.0130146 0.0899029 0.235106 -0.355062 0.0621575 -0.142832 0.413909 -0.0806859 0.216905 -0.176479 0.0329374 0.269428 0.238355 -0.0799972 0.185586 0.443732 -0.0234222 -0.464806 -0.270564 0.229466 0.438181 0.25747 0.393831 0.466585 -0.285073 -0.386181 0.400083 0.400817 0.0520594 -0.449869 0.496623 -0.499824 -0.157868 -0.203985 0.379063 0.242821 0.0276713 0.340953 -0.0356063 -0.344569 0.448294 0.0630479 0.33642 0.406724 
Prawn & Fennel Bisque 0.208125 0.0805532 0.121989 -0.34448 0.301183 -0.344048 0.445563 0.380064 0.0317171 0.154852 0.432195 0.146577 -0.207503 -0.134946 0.232833 0.178677 -0.107305 -0.121541 0.14897 -0.29877 -0.145007 0.216271 0.494897 -0.478213 0.284552 0.0763172 0.430756 -0.0898506 0.453811 0.0509921 0.0158144 0.0411137 0.153296 -0.247264 0.172328 -0.105987 0.350967 -0.26614 -0.370668 0.168116 -0.0139822 0.202495 -0.337094 0.19524 -0.0535923 -0.107169 -0.309813 -0.0761391 0.0140432 0.276249 0.195919 -0.146668 0.351672 0.337814 0.325487 0.190296 -0.362827 -0.221859 -0.405443 -0.026967 -0.483997 0.404824 0.40087 -0.385526 -0.0904707 -0.442465 -0.307348 -0.289129 0.486912 -0.392496 0.285654 0.38384 -0.165164 0.206801 -0.15122 -0.484854 0.13146 -0.209749 0.431345 0.375658 -0.42829 -0.441832 0.351605 -0.294994 0.130397 -0.137676 0.356094 -0.0282427 0.403074 -0.338329 -0.19528 0.116937 0.394564 0.0033369 -0.431278 -0.32027 0.344278 -0.367966 -0.125994 0.258716 
Chicken Marengo 0.0832829 0.479178 -0.278748 -0.203582 0.333481 -0.231061 -0.312866 -0.0861016 -0.0246221 0.0150086 -0.261303 -0.0501911 0.266673 0.0807529 0.441618 0.328755 0.494342 -0.0108242 -0.142817 -0.0302118 -0.264063 -0.308523 0.345923 0.185936 0.0310551 -0.383191 0.0510445 -0.246095 0.263655 -0.376161 -0.324346 0.253736 0.197037 -0.355743 -0.0537898 -0.340115 -0.213848 -0.457387 0.447279 0.096527 -0.22934 0.485902 -0.352101 0.35305 -0.382168 -0.319108 0.146028 0.138017 -0.121943 0.368132 0.120365 -0.264201 0.0583959 0.106894 -0.494826 0.131482 0.338753 0.332616 -0.0273607 -0.210023 -0.116317 -0.467007 -0.219097 0.32724 -0.0627137 -0.165088 0.0786053 -0.360322 0.228314 0.210262 -0.394198 0.445672 0.108501 0.396415 0.0238001 -0.304738 0.439121 0.339832 0.0682047 0.374515 0.186266 0.146829 0.288967 -0.458727 -0.255914 -0.477009 0.467777 0.422168 0.280472 -0.320878 0.489053 0.131504 -0.0222158 0.430634 -0.0429907 0.0418123 -0.170746 -0.334559 0.233617 0.156752 
Fish Stew with Rouille -0.231801 0.243251 0.0500842 -0.0274523 0.435459 -0.281207 0.120899 0.363679 0.205961 -0.268039 0.162824 -0.162509 -0.000789207 -0.492954 -0.10076 0.390899 0.128637 -0.399623 0.198164 0.358643 0.0801837 0.0408766 -0.359148 0.0827507 0.389589 0.101924 0.430466 -0.480775 0.0214597 -0.308745 -0.48467 0.32251 -0.449863 -0.0593034 -0.126011 0.275063 -0.0462273 -0.196206 -0.333782 -0.224561 -0.485083 0.0978147 0.00231123 0.30502 0.440505 -0.378487 -0.472205 0.366714 0.238182 -0.481937 0.303637 -0.311394 0.0172175 0.0704629 0.415215 -0.165306 0.35362 -0.129136 -0.149401 0.35334 -0.0848994 -0.226095 -0.240726 0.198652 0.0132637 0.495874 0.183068 -0.341316 -0.493543 -0.345422 -0.234665 -0.288495 0.137515 0.398569 0.341572 -0.489275 0.388909 0.476843 -0.255536 0.464127 0.415253 0.164427 0.339372 0.0445493 0.325024 -0.175641 0.349424 0.400913 0.325031 -0.399172 -0.344379 0.471931 -0.242611 0.354058 -0.0981155 -0.311975 -0.0944307 0.0693717 0.226945 -0.146826 
White chocolate creme brulee 0.443237 0.359051 -0.11054 0.376303 0.375443 -0.00631289 -0.4459 0.0719122 -0.323794 0.0319034 0.317719 0.440281 -0.465871 -0.49926 0.0559635 0.150458 0.240685 -0.406547 0.0921223 0.19873 -0.427555 -0.0338638 0.0126165 -0.14207 0.304818 0.488587 -0.327529 0.165784 0.386609 0.493419 0.0366127 0.25922 0.261971 -0.0610046 -0.442812 0.161605 0.168768 -0.454988 -0.237451 -0.250801 -0.122194 0.0845014 0.141644 -0.109729 -0.177288 -0.329042 0.355351 -0.317442 -0.372408 -0.2023 -0.278936 0.307942 0.0247864 -0.348686 -0.370914 0.429189 0.290585 0.470968 -0.30178 0.118931 0.00635174 0.353556 0.0710459 -0.0648209 0.476666 0.261597 0.220054 0.26649 0.272493 0.303788 0.366367 0.134752 -0.181023 0.425866 -0.238759 -0.125673 0.124889 -0.431199 -0.00939897 -0.144639 0.466115 0.271062 0.105155 -0.258478 0.123511 0.440309 0.112447 -0.210495 -0.0786711 -0.423669 -0.492422 -0.264862 -0.479303 0.133976 0.275748 -0.0337234 -0.111244 -0.472833 -0.1373 0.335141 
Pear Tarte Tatin -0.492964 -0.492315 0.0931396 0.363827 -0.244313 0.41016 0.10461 0.0727498 -0.411994 -0.456798 0.343719 0.138395 -0.272369 -0.10584 -0.0145041 -0.329778 0.430114 -0.263388 0.376208 0.147987 -0.0195841 0.238761 -0.39372 0.203795 -0.426505 0.0851804 -0.401819 -0.246862 -0.46056 -0.164846 0.495425 0.0538161 -0.358 -0.271385 -0.0147483 -0.346575 0.390769 0.234831 0.364699 0.442444 0.379686 -0.213504 0.0281732 0.420447 0.0846515 0.243048 0.421895 -0.186922 -0.149395 -0.344728 0.239432 0.394267 0.179818 0.108218 -0.166269 0.220252 -0.0315942 -0.31032 -0.256018 -0.140345 -0.186108 0.124782 0.169976 -0.17607 0.428645 0.435002 0.134893 -0.391939 0.449179 0.454083 0.457231 0.0939553 0.235727 -0.492163 0.076708 -0.298269 -0.410078 0.242018 0.171266 -0.0407012 -0.356059 0.421945 -0.464099 0.236921 0.383435 -0.371867 0.292576 0.371574 0.391416 0.148363 -0.269391 0.486867 0.196528 -0.00196475 -0.456845 0.197755 0.216095 0.0575444 0.31514 -0.0205524 
chives -0.309494 -0.161982 0.331601 -0.446178 -0.351286 0.189163 0.16856 -0.255666 -0.180493 -0.106418 -0.242767 -0.361527 -0.397982 0.246808 -0.0769875 0.476296 0.179795 0.388919 -0.278436 0.278857 0.377714 -0.086693 -0.00774368 0.203941 -0.0301851 -0.22491 -0.302823 -0.400884 0.292547 0.440183 0.335199 -0.352498 0.0256697 -0.16145 0.0719345 0.364755 0.0647656 -0.142093 0.0803888 -0.214879 0.0158939 0.227736 -0.284391 -0.424199 -0.206009 0.106091 -0.206307 -0.466334 0.0267253 -0.121011 -0.252465 0.339405 -0.488396 -0.355008 -0.474838 0.470154 0.310055 -0.161946 -0.158799 0.238497 -0.0292444 0.0247755 0.0316237 0.329111 0.366392 -0.330506 -0.481665 0.180253 0.381323 -0.186354 -0.0603723 0.245858 0.0103448 -0.27628 -0.340494 -0.0152817 0.318496 0.48498 0.095832 -0.460507 0.231967 0.235917 0.108895 0.0501507 -0.142861 0.140551 -0.435419 -0.0259142 -0.123459 -0.150698 0.493647 -0.407063 0.330937 -0.258216 -0.180311 0.491599 -0.00644237 0.104427 0.147029 0.133182 
water chestnut 0.477813 0.133531 0.368533 0.136499 -0.172621 0.43672 0.463156 -0.273895 -0.0217632 0.0607965 0.260722 -0.093771 0.0816369 -0.349781 0.423138 -0.24619 0.495095 -0.120516 0.0154614 -0.231491 -0.24841 -0.0101339 0.342789 0.466701 -0.38521 0.0688982 0.160173 0.496473 -0.306871 -0.346291 -0.165414 -0.38004 0.445685 -0.246813 0.368619 0.0695287 0.433052 0.256089 0.293866 -0.251534 -0.0658842 0.222758 0.00901289 0.0329513 0.250858 0.448595 0.479225 0.443761 0.242991 -0.21172 -0.0724418 -0.36339 0.112702 0.481078 -0.335793 0.0884368 -0.386258 0.0429791 -0.43265 0.157944 -0.213875 -0.21748 0.480063 0.240008 0.416823 -0.445923 0.341851 -0.496664 0.360216 0.0536378 -0.390982 0.202413 0.46746 0.0202427 0.125731 0.298109 -0.461509 -0.326168 0.375437 0.374814 0.0719728 -0.417592 0.263874 0.293738 0.0409106 -0.316079 -0.419603 -0.314707 -0.309979 0.175017 0.24435 -0.0658185 0.369392 0.406705 -0.173083 0.370865 0.457191 -0.0937941 -0.170414 0.0100385 
prosciutto -0.275544 0.271461 0.262053 0.24965 -0.338582 0.0792392 -0.316326 0.232267 0.406754 -0.0702241 0.113371 0.426345 -0.475443 -0.0686898 0.152236 -0.268719 -0.240879 -0.00957939 0.223967 -0.114 0.344727 0.181957 -0.36794 0.0559897 0.130364 0.475538 0.0502752 0.22798 -0.3788 -0.416669 -0.0890258 0.0795651 -0.173747 0.0232917 0.365795 0.2555 -0.27972 -0.258659 0.401245 0.255214 -0.364522 0.469102 0.400594 -0.193982 0.0058158 0.224737 0.167962 0.333654 0.102405 -0.159664 -0.0679686 0.360181 0.0774787 0.268823 -0.0358488 0.250779 0.196282 -0.0774776 0.0795571 0.0894161 0.346064 0.473362 0.0138923 0.116818 0.0565097 -0.417099 0.040776 -0.258311 -0.428445 -0.35674 -0.319191 -0.365672 -0.378309 -0.48527 -0.491105 -0.277496 -0.46711 0.0178124 -0.481292 0.311888 0.0870441 0.187754 -0.448382 0.426186 -0.160937 0.362773 -0.324385 0.10559 -0.0486246 0.43516 -0.348846 -0.463003 0.260936 -0.0895094 0.295788 0.341055 -0.085016 0.0809986 -0.406762 0.439212 
brie -0.289134 -0.299128 -0.0648248 0.110766 -0.0159578 -0.125213 0.132216 0.0888752 0.230505 -0.105914 -0.0449665 0.362064 -0.244189 0.41332 0.329557 0.150235 0.305329 -0.0782463 -0.0288249 0.0457413 -0.0341138 -0.319844 -0.239168 0.229965 -0.408097 -0.48645 0.136717 -0.151371 -0.471737 -0.287396 -0.429651 0.44461 0.0288618 -0.0944494 -0.29654 -0.178027 -0.179362 0.361693 -0.0870642 0.113595 -0.297208 -0.260056 0.441157 0.0713968 -0.0260771 -0.0624282 0.198087 -0.427139 -0.28949 -0.29699 -0.265208 -0.240953 -0.204956 0.113369 -0.467643 -0.0356168 -0.0224738 -0.397829 -0.306379 -0.164516 -0.158915 0.237846 0.136331 0.446933 0.207687 0.27873 -0.0200303 -0.2191 0.147777 -0.416422 -0.370432 0.348163 -0.276381 0.347148 0.180395 -0.212757 0.338178 0.0323771 0.19283 -0.187344 -0.0841508 0.0805953 0.290252 -0.0788356 0.427995 -0.290312 -0.329024 0.299559 0.12146 0.150956 0.410578 -0.0909227 -0.179672 -0.275586 0.310499 -0.306315 0.286735 -0.235424 0.491112 0.371595 
Brie wrapped in prosciutto & brioche -0.25243 0.248841 -0.36729 -0.147625 0.119022 -0.309676 0.246601 -0.211311 -0.0306821 0.279903 0.0206864 0.414201 -0.35286 0.357163 -0.166567 -0.331151 0.444739 0.195658 -0.167106 0.164215 0.489735 -0.0182505 -0.00671788 -0.438701 -0.451623 0.244346 0.241266 -0.310195 -0.211503 -0.245262 -0.113806 -0.148963 -0.345619 -0.228527 -0.19125 -0.18889 0.0301914 -0.301831 0.184645 -0.444529 -0.387346 0.0282601 0.0625926 -0.102053 -0.444172 -0.398022 0.087211 -0.199819 0.210414 0.484077 -0.371292 0.112897 -0.360835 -0.447065 -0.232312 0.311899 0.261727 0.422105 0.0486612 0.146543 -0.217039 0.181069 -0.465808 -0.416192 -0.154352 0.16253 0.277707 -0.196017 -0.464425 -0.273338 0.336708 -0.272173 -0.252713 -0.0598076 -0.273074 -0.350622 -0.127897 -0.134942 0.255547 -0.00534651 -0.0202996 -0.068811 0.106817 -0.387121 0.443878 -0.345258 -0.00205685 0.420962 -0.129138 -0.159287 0.0474656 -0.462133 -0.423616 -0.39638 0.377378 -0.308046 -0.306021 -0.499609 0.293998 -0.128216 
Chinon Apple Tarts -0.195057 -0.0705492 0.218916 -0.343863 -0.465582 -0.340819 0.180447 0.336802 -0.281017 0.493635 0.396544 0.0368175 -0.242407 0.00395707 0.121122 -0.239974 0.0644664 0.377418 -0.388408 0.0607013 0.358372 0.315462 0.196441 -0.444286 -0.0211066 -0.185637 -0.459162 -0.196436 0.413822 0.413054 0.167911 -0.394894 -0.222495 -0.41622 -0.157001 -0.35679 -0.156003 0.481841 0.312875 0.0453485 -0.23452 -0.352981 -0.42102 -0.000379256 -0.359633 -0.0360195 0.176011 0.186238 -0.422981 -0.326857 0.400155 0.061189 0.246882 0.140443 0.0548952 0.183833 0.228274 0.143791 0.475712 -0.263531 -0.259599 0.111582 -0.116436 -0.436348 -0.159131 0.230299 0.309719 0.260314 -0.305481 -0.486215 -0.139004 0.459904 0.37687 -0.344032 0.0987287 -0.443281 -0.0881892 -0.497937 0.397564 0.156183 0.496556 -0.312125 -0.175157 0.372816 0.233987 -0.322007 0.196243 -0.0377802 -0.140835 -0.436889 0.0429406 -0.374715 0.446496 0.22462 -0.195146 0.304008 -0.188239 -0.481512 -0.389794 0.417783 
Ratatouille -0.133379 0.126766 0.486118 -0.396512 -0.0813061 0.216025 0.126778 0.224647 -0.146609 -0.262522 0.142259 -0.156056 -0.0906469 -0.29076 -0.419362 -0.373113 0.305826 -0.188446 0.0236166 -0.112466 -0.352113 -0.432745 -0.179154 0.312334 -0.238066 0.179536 -0.423716 0.109487 -0.105397 0.169549 -0.380788 -0.227996 -0.217027 0.0313342 0.162505 -0.0227999 -0.0778512 -0.339303 0.0805032 0.014281 -0.270742 0.156694 -0.186863 0.424412 -0.0451425 -0.422636 -0.279703 0.0011128 0.36501 -0.00526602 -0.214401 0.320844 0.362398 0.277619 -0.129893 -0.356435 0.444118 0.163684 -0.351386 -0.208529 -0.240521 0.164274 0.227236 -0.0792862 0.494249 0.104877 -0.163001 0.0228277 0.218294 -0.397547 0.29037 -0.200711 0.354816 0.092747 -0.462298 -0.328334 0.0510238 0.27003 -0.336417 0.188374 -0.235165 -0.0576767 0.0131494 -0.0912379 0.0500053 0.0290127 -0.228156 -0.337269 -0.420228 -0.449506 0.145486 -0.105076 -0.262451 -0.197526 -0.431105 0.362983 -0.347529 -0.210121 -0.483447 0.264854 
Egg Drop Soup -0.424514 -0.0630433 0.172999 -0.446754 -0.397302 0.24548 -0.258337 0.0276167 0.454494 -0.124318 -0.456003 0.109153 0.382179 0.140532 0.382509 -0.303035 -0.185362 -0.122459 0.459768 0.491819 -0.0314251 -0.126413 0.336443 -0.389524 0.0765227 -0.260278 0.0555709 0.273594 0.0587582 0.162194 0.0297657 -0.20631 0.27966 -0.402548 0.245012 0.378568 0.411206 0.0528868 -0.084091 0.0286828 -0.461046 0.0818117 0.149789 0.0733517 0.0777046 -0.357099 -0.0521973 0.329393 0.303888 -0.231248 0.257718 0.437689 -0.372441 0.179119 -0.0761557 -0.282735 -0.0520015 0.336988 -0.0599354 0.0478684 0.0907265 -0.375095 -0.438492 0.373893 0.389745 -0.0568658 0.312035 -0.375556 0.233955 0.0835614 -0.215085 -0.108701 -0.443239 0.0562686 -0.209951 0.167866 -0.200828 -0.294298 -0.0770297 -0.194313 0.0572088 -0.257219 0.363117 0.330939 0.0649533 -0.205826 0.189063 -0.335646 0.017322 -0.106697 -0.127302 -0.443609 0.0509189 0.0140068 -0.10563 0.0108373 0.0646552 0.0613705 -0.136331 0.232308 
Duck Confit -0.32454 0.166532 -0.105312 -0.155274 0.368064 0.381918 -0.0223923 -0.262663 -0.12693 0.370051 0.374144 0.0292322 0.423664 -0.0110854 0.18184 0.223437 -0.011083 -0.00393808 -0.352433 0.285604 0.185948 0.12006 -0.161831 0.336033 -0.334844 -0.493077 -0.225917 -0.395057 0.0461803 0.0380743 0.249356 0.281313 -0.355427 -0.166005 -0.327719 0.427807 0.424165 -0.246094 0.470425 -0.0254802 -0.350261 0.298398 -0.273695 0.244687 0.310002 0.349149 0.332667 0.116478 0.325895 -0.205475 -0.336914 0.35488 0.279014 -0.435636 -0.355784 0.361782 0.428394 -0.348004 -0.0280514 0.465626 -0.299976 -0.215434 -0.0579784 -0.400588 0.127545 0.246347 0.127866 0.305745 0.169005 -0.134894 -0.368259 -0.162942 -0.182864 -0.398018 -0.132818 0.125692 -0.306337 -0.180093 -0.0211218 0.394025 0.0802843 0.26011 0.452434 0.0573238 0.208772 -0.31 0.308697 0.430455 0.115 -0.316531 0.353356 0.430472 0.20673 -0.297795 0.0544354 0.11726 -0.0626475 0.107517 0.466234 0.260893 
single cream -0.0581049 -0.190693 0.00694925 -0.248966 0.401322 0.225524 -0.0505314 0.104094 0.143709 0.124392 -0.221431 0.154443 0.315017 -0.327109 0.102822 -0.182462 0.338525 -0.426317 -0.0824687 0.18492 0.455518 0.406305 0.128069 -0.154686 0.111256 -0.0946316 0.228471 0.371356 -0.150604 -0.247429 -0.02953 0.263859 0.0188275 0.2423 0.44882 0.377545 0.282485 0.354645 0.0445685 0.239672 -0.121472 0.0980025 -0.230841 -0.164268 -0.371689 -0.294939 -0.0926276 -0.0396126 -0.101036 0.0910447 0.367046 -0.494891 -0.209252 -0.369389 0.137654 0.0481371 -0.420111 0.450171 -0.337797 -0.37155 0.0846091 0.126743 0.417218 0.274693 -0.135849 0.116185 -0.276462 -0.233901 0.180494 0.333865 0.428516 0.333021 0.44711 0.335387 -0.16254 -0.376126 0.078396 0.212247 0.00968787 -0.312379 -0.209917 0.168361 0.46362 0.490285 -0.337369 -0.246068 -0.0481987 0.311486 0.27283 0.263099 -0.0279555 -0.109876 0.227973 -0.166562 -0.130165 -0.0801466 -0.138415 -0.0898836 0.190053 -0.469119 
Chocolate Souffle -0.233252 0.195128 0.0188641 -0.435944 0.108226 0.0167944 0.126165 -0.0571027 -0.328473 0.0466322 -0.245396 0.382526 -0.315723 0.433334 0.101838 0.0333155 -0.415844 0.31848 0.158485 -0.0870228 -0.230906 0.459024 -0.219616 -0.119572 0.310633 -0.328109 0.435361 0.43628 0.172561 -0.00930718 0.40032 0.452268 -0.464762 -0.191639 -0.00706658 -0.195974 -0.0164127 -0.152744 0.186687 0.261608 0.0324374 -0.22451 0.193417 0.141275 -0.486762 -0.106451 -0.255962 0.465303 0.354463 0.133425 -0.195393 0.229026 -0.305241 -0.40004 -0.147594 -0.0583815 -0.427641 -0.494609 0.00104864 0.483173 -0.444492 0.245784 0.376748 0.179274 -0.351875 -0.371565 0.140028 -0.188884 -0.159275 0.164623 0.0425367 0.0932891 0.171405 0.290705 -0.4386 -0.024056 -0.0220969 -0.130524 -0.243209 0.38751 0.495577 -0.152525 -0.494765 -0.0994208 -0.35664 -0.302035 -0.190886 -0.339169 -0.101326 0.012714 -0.213161 0.139109 0.0362654 0.0868139 -0.0439659 0.0243013 0.0765884 0.35082 0.190893 0.114418 
bouquet garni 0.244462 -0.458001 -0.193986 -0.0763318 -0.300449 0.258022 -0.438424 -0.158901 -0.0340715 0.265273 -0.191211 -0.309387 -0.11016 0.0776376 0.0366812 0.464728 -0.446213 0.476202 0.150757 -0.476742 -0.207256 -0.270049 -0.081797 -0.262547 0.450955 -0.454784 0.0631922 0.160041 -9.29566e-05 0.0978864 -0.38596 0.319827 -0.171943 0.26738 -0.194733 0.128866 -0.076844 0.268823 0.285441 -0.285773 -0.0591688 0.160096 -0.438052 -0.41944 -0.378177 0.0151124 0.0631944 0.447768 0.181203 0.35549 -0.275169 0.262331 -0.448774 0.464175 -0.00925965 -0.0907285 -0.0836149 0.107938 -0.00247587 0.378444 0.346703 0.139202 0.172692 0.0252334 -0.415943 0.477688 -0.336691 -0.390039 -0.157134 -0.249691 -0.168362 -0.0309382 -0.0566598 0.49328 0.270272 -0.479626 -0.453983 -0.457624 0.388352 0.165107 0.277922 0.337524 -0.273083 -0.347564 -0.0497063 -0.242874 0.447451 0.0107282 0.283916 0.0274714 0.243047 -0.461677 -0.0946269 0.463867 0.41496 0.465443 0.29889 -0.406953 0.0729187 -0.0984579 
beef shin -0.385216 0.470702 -0.486887 0.00437709 0.285263 -0.0315296 -0.28218 -0.40002 0.0608799 -0.00760801 0.160063 0.181949 -0.0934837 -0.21394 0.158034 0.0195522 -0.39028 0.130125 0.421676 -0.290536 -0.172976 -0.420564 -0.259041 -0.492596 0.323312 0.332875 0.00161547 0.118866 0.345892 -0.24674 -0.188914 -0.0237562 0.265857 -0.400882 -0.240234 0.443678 -0.311971 -0.377711 -0.273383 0.201663 0.336101 -0.0558258 -0.350397 0.250184 -0.253872 0.0463211 -0.0155907 -0.311495 0.392422 -0.116134 0.0269075 -0.443069 -0.410225 -0.400862 0.0318342 -0.429049 -0.0524903 -0.484613 0.272535 0.246857 -0.165976 0.296114 -0.246002 0.133189 -0.314098 0.180163 0.215839 0.368597 -0.163252 -0.473484 0.0119463 0.227883 -0.438903 -0.301377 0.307583 0.349994 -0.107473 -0.382086 -0.436945 -0.347586 -0.361535 -0.000496752 -0.237413 0.445393 -0.0438013 -0.316852 -0.00387056 0.49531 0.0960829 0.0490063 -0.174859 0.373388 0.190567 -0.41339 -0.494744 0.00338586 -0.337459 0.4027 0.399373 0.395177 
pita bread -0.123072 -0.420423 -0.212449 -0.0206962 0.0623616 0.188217 0.495822 0.279375 -0.182763 0.0300808 -0.0526658 -0.0562871 -0.127119 -0.473061 -0.273297 -0.403439 -0.116592 -0.35889 0.25196 -0.211569 -0.466095 -0.17883 -0.208315 0.259486 -0.458046 -0.444052 -0.458929 -0.173955 -0.204157 -0.133925 -0.201072 0.0244292 -0.0414008 0.301096 -0.273419 0.329076 0.109609 -0.28048 0.203849 0.00765749 -0.40161 -0.0640825 0.288072 -0.0887579 0.0274673 0.450564 -0.357548 -0.0142831 -0.49709 0.21143 0.086892 0.367693 -0.0852696 -0.271579 0.476157 0.446644 0.0555015 0.439426 -0.48817 0.115166 0.174274 0.327867 -0.46348 -0.351414 -0.484327 0.0786218 -0.111154 -0.398752 0.356173 -0.302426 -0.283058 -0.0132087 -0.120801 0.0291644 0.0193639 -0.327236 0.204984 0.21595 -0.0192369 -0.420978 -0.0811155 0.130366 -0.231168 -0.299715 -0.122706 -0.182719 -0.12992 0.179393 0.391396 0.0156529 -0.0815383 -0.155899 -0.00200124 -0.20484 0.328266 0.165704 -0.249181 0.498193 -0.201048 0.239631 
Beef Bourguignon -0.295834 0.0170497 0.0608253 -0.415526 -0.0493649 0.233332 0.461339 -0.18857 -0.328987 -0.0841712 -0.406063 -0.0441761 0.289844 0.474532 0.226153 -0.285537 0.00654555 -0.276708 -0.0372982 -0.346267 -0.422497 -0.228577 -0.282973 0.0060309 -0.155542 0.250399 -0.228589 -0.496227 -0.1641 -0.451547 -0.436245 -0.106218 0.138016 0.0620834 0.434345 0.117562 -0.405823 -0.212567 0.036896 0.242575 -0.193111 -0.314716 -0.315616 -0.358095 0.385606 -0.365487 0.0778818 -0.358684 0.435644 -0.239617 -0.147067 -0.0373654 -0.0699482 -0.222567 -0.107184 0.0387426 -0.211627 -0.0498176 -0.252781 0.186637 -0.39762 -0.277379 -0.280897 0.0212545 -0.116584 0.0637889 -0.494252 0.0075775 -0.173631 -0.231843 -0.2072 -0.396633 0.0899599 0.222668 0.0527381 0.264707 0.154672 0.452923 0.390999 -0.430753 0.250889 0.452592 0.162987 -0.359425 -0.113876 0.333467 -0.142984 0.43034 -0.41859 0.382669 -0.00833734 -0.0337183 0.382879 0.18242 0.0412599 -0.00659664 0.345207 0.320774 -0.198779 0.422356 
Parkin Cake -0.471887 0.476879 -0.154282 0.0394298 0.127705 0.498815 -0.145455 0.463208 0.406856 0.409459 -0.422233 -0.220336 0.273866 -0.308934 -0.206849 -0.457113 -0.257185 0.0209571 -0.119595 -0.218914 -0.435478 0.0195554 0.404298 -0.0561138 0.210695 -0.0142073 -0.379758 0.22715 -0.400329 0.20604 -0.48992 0.145894 -0.0857148 -0.495392 -0.103184 -0.320629 0.336903 0.00250001 0.198182 0.369387 -0.200187 -0.431446 0.127957 -0.442247 -0.0866176 -0.356785 -0.497497 -0.407061 -0.0190371 -0.351569 -0.346588 0.48526 -0.266911 -0.112904 0.277339 -0.242563 -0.440732 -0.404969 0.154482 0.455343 0.0620777 -0.0858356 0.0968897 0.053063 -0.211991 0.118355 -0.0205519 -0.326355 -0.0379934 0.0197877 -0.31709 0.141562 0.0569378 0.434704 0.399836 -0.105095 0.0110887 0.181808 -0.333644 0.350306 0.207799 0.471946 0.0220398 -0.0299298 -0.293378 0.196164 -0.480877 0.0729646 0.183578 0.239748 0.261719 -0.234621 -0.0842886 0.0744529 0.265169 -0.0660088 -0.0278377 -0.420285 0.313057 0.207212 
cod 0.0173566 0.434714 0.329868 -0.340738 0.0615778 -0.381512 -0.27031 -0.475827 0.417347 0.106654 -0.467013 -0.0937566 0.437691 0.217807 -0.0316773 -0.228614 -0.372059 -0.407146 0.405167 0.177501 0.318381 0.430807 0.429145 -0.306327 0.137608 0.0175398 0.0566948 0.0137226 -0.381591 -0.367623 -0.00445466 0.465366 -0.320945 0.250513 -0.0958686 0.143443 -0.177487 0.163487 -0.343153 -0.193394 0.302436 0.111269 0.173521 -0.136202 -0.411675 0.261007 -0.0369343 0.00892813 0.445518 -0.0356043 0.0302134 0.275514 0.185692 -0.289138 0.214727 -0.393731 0.466643 -0.0434752 -0.080617 0.126492 0.200842 -0.138343 0.239312 -0.384447 -0.000589596 -0.110075 0.240741 0.0925878 0.314764 -0.13877 -0.221537 0.143258 -0.0458406 -0.0315276 0.434914 0.133949 0.0887281 -0.02749 0.294602 -0.016989 0.119745 -0.0279052 0.383405 -0.489351 -0.279254 -0.105964 -0.353719 0.0237051 0.165629 0.226175 -0.402199 0.166324 -0.00903086 0.134578 -0.311349 -0.39735 0.0581629 0.149227 0.362713 -0.133458 
caraway seed -0.23622 0.244195 0.0442985 -0.160684 0.208843 -0.431537 -0.270011 -0.195162 -0.36289 -0.0983149 -0.314317 -0.201636 -0.091398 0.249145 0.0613704 0.0615851 -0.498186 -0.237949 0.104582 -0.358046 -0.120926 -0.144448 -0.00824594 0.414112 0.478872 0.177757 -0.465301 -0.0931388 0.274218 -0.0728043 0.176967 0.376157 -0.0785601 0.104225 0.338285 0.458322 0.418111 -0.0184511 -0.487414 -0.486829 0.251356 0.121178 0.0600252 -0.14546 0.437022 0.0400563 -0.199895 -0.244881 0.0672595 0.0861308 -0.0853406 0.371073 -0.232653 -0.253802 0.275791 -0.276245 -0.281095 0.0117809 -0.263798 -0.168242 0.239517 0.389859 -0.36271 0.109624 -0.209929 -0.490588 0.411399 0.302034 0.34798 0.285134 0.382911 0.0286345 -0.0374094 -0.417861 0.219718 -0.465905 -0.494031 0.3301 -0.105732 0.201356 0.46387 0.239256 0.133809 -0.000624098 -0.27095 0.0178659 -0.469364 -0.487568 -0.274202 0.141791 -0.442699 0.348034 -0.420937 -0.173833 0.3966 0.327088 -0.288336 -0.176991 -0.0328937 -0.181807 
Soy-Glazed Meatloaves with Wasabi Mashed Potatoes & Roasted Carrots 0.136416 0.196654 0.0321032 0.317277 -0.186871 0.499043 0.435894 -0.324355 -0.240516 -0.459596 0.218898 -0.193538 0.189682 0.235365 0.483287 -0.36858 0.44073 -0.400401 -0.497437 0.135464 -0.145351 0.395345 -0.0833733 -0.326844 -0.253676 0.322903 0.414832 -0.039503 0.0320866 0.0759296 0.29667 -0.249113 0.359825 -0.187276 0.192084 0.488919 -0.429503 0.0197047 0.256013 -0.116602 -0.447393 -0.0912956 -0.196629 -0.398669 -0.156464 -0.110352 -0.466053 0.323049 0.152775 -0.459311 -0.290206 -0.199689 -0.206122 0.255372 0.396735 0.276265 -0.177849 -0.0902613 -0.483846 -0.132004 0.311249 -0.0088515 -0.140185 -0.453535 0.30204 0.169806 0.158886 0.160906 0.352075 -0.315751 0.43156 0.337346 -0.0473371 -0.262118 -0.00498589 0.235888 0.398006 0.0780359 0.283075 -0.0550963 -0.0106571 0.0577921 -0.0316111 -0.338111 0.209979 -0.00640126 -0.29272 -0.174174 0.258702 0.12253 0.104006 0.159439 -0.457291 -0.412851 0.117279 0.0311485 -0.424348 0.146793 0.129498 0.419822 
Rock Cakes -0.274997 0.308759 0.339599 -0.448802 -0.00797456 -0.388328 0.226804 -0.444512 0.277801 0.428679 0.189282 -0.241947 0.266539 -0.297978 0.0400943 0.445216 0.327373 0.430537 0.349203 -0.267392 -0.000440227 -0.259924 -0.391043 -0.24505 0.0345347 -0.437311 -0.109534 -0.299137 -0.233625 0.284871 0.152074 0.469802 0.481396 -0.191219 0.264462 0.0852287 0.336143 -0.0257012 -0.236816 0.276586 -0.0551999 -0.380856 -0.415955 0.183635 0.132434 0.16712 -0.294866 -0.0661395 -0.160382 -0.24901 -0.334259 0.393505 -0.0214323 0.0745625 0.390472 0.0624012 -0.495968 -0.19021 0.473785 0.0784355 -0.359513 -0.481467 -0.216868 -0.0711786 0.142203 -0.34363 0.314157 -0.449262 0.0297123 0.250919 -0.46937 0.0442092 -0.0339066 0.189104 -0.374841 0.115819 -0.280464 0.154499 -0.329898 -0.133478 0.109955 -0.280435 -0.272406 -0.101613 -0.496577 -0.185826 0.43343 0.0757602 0.0269276 -0.324435 0.260268 0.125947 0.402096 0.438797 -0.197203 0.371101 -0.104722 0.438989 0.210257 -0.0878019 
Egyptian Fatteh -0.0503817 0.163799 -0.403037 -0.0433056 -0.414353 -0.442707 -0.199926 0.151805 0.106265 0.237833 0.372088 0.239844 0.189595 0.37497 -0.0263497 0.397887 -0.318232 0.316491 0.110327 0.171457 -0.327936 -0.472696 0.262079 0.103242 0.498101 -0.454434 -0.137679 0.273072 -0.308257 0.140076 0.413724 -0.355821 0.483813 -0.328451 0.0621963 0.189499 0.195655 0.26229 -0.0146209 0.149862 -0.0153689 0.027701 0.397971 -0.397686 -0.179706 0.383171 -0.489404 -0.316551 0.144539 -0.0285345 0.455779 -0.33799 0.35775 0.0626418 -0.480175 0.0929266 0.375708 0.13259 -0.185238 -0.377151 -0.172105 0.359849 0.0498229 -0.0642195 -0.281415 -0.251288 0.0184818 -0.23247 0.00484645 0.00959519 -0.382958 0.315924 0.218159 0.157186 -0.39188 -0.0885637 0.31362 0.247119 0.0183138 -0.407179 -0.0982059 0.309515 -0.17534 0.274203 -0.349623 0.398828 0.298258 0.151811 0.42853 -0.0110004 -0.173388 0.301218 0.360871 -0.39625 -0.380594 -0.488671 -0.0901406 -0.466049 0.049684 -0.415614 
glace cherry -0.217475 -0.476202 0.299286 -0.335517 -0.025091 0.143842 0.326759 -0.499517 0.301857 0.0242716 0.436426 0.495213 0.359867 0.423741 0.135589 0.17544 -0.405446 0.189747 0.10954 -0.464091 -0.0898375 -0.0158367 -0.15121 0.317644 0.334586 0.33394 0.0713101 0.366875 -0.490768 0.16192 -0.410853 -0.384449 0.0248088 -0.0926314 0.166685 -0.159969 -0.344916 -0.433415 -0.388874 -0.0982502 -0.171844 -0.171233 -0.146274 -0.128039 -0.267025 -0.290982 0.0701143 0.0638476 0.0531528 -0.466489 -0.3615 0.389389 -0.257494 -0.34161 0.0107995 -0.117556 -0.344548 -0.132302 -0.168208 -0.252949 -0.374865 -0.020148 -0.236582 -0.0941688 -0.416195 0.0682739 -0.366986 -0.0362509 -0.237798 0.0407268 -0.0370961 0.0268539 -0.38549 0.342677 0.187118 -0.256737 0.341181 0.0649492 -0.399178 -0.367938 0.369617 0.207208 -0.0409859 -0.112814 -0.223562 0.297931 -0.183461 0.428479 0.171831 0.284493 -0.499929 -0.194953 -0.460391 0.448772 -0.151208 -0.261872 0.137594 0.326808 -0.29953 -0.0654758 
Dundee cake 0.262265 0.264545 -0.0651086 0.253567 0.367423 -0.0176888 0.347189 -0.484176 0.243089 0.150374 0.0735787 -0.359872 -0.470073 0.00913786 0.407609 -0.309437 0.15294 -0.450333 0.192559 0.247759 0.320448 -0.0751542 -0.308779 0.366092 -0.0848334 0.0715346 0.287623 -0.307319 -0.0229027 -0.198363 -0.220938 -0.0557974 -0.258439 -0.196811 0.0509231 -0.437473 0.136714 -0.189567 0.469208 -0.0332283 0.101252 0.14448 -0.00808972 -0.157184 -0.11622 -0.175454 -0.251222 -0.385716 -0.401864 0.213408 -0.472472 -0.0286351 0.222125 0.300541 0.103972 0.0515551 -0.194498 0.103364 0.473138 -0.0443055 -0.402228 0.467416 0.242619 -0.192891 0.00589803 -0.227246 0.232307 0.489899 -0.00248501 0.107823 -0.083238 -0.000258292 -0.0514828 -0.40855 -0.234074 -0.483991 -0.118788 0.425282 0.128163 0.221011 -0.0106821 -0.385201 -0.37116 -0.188804 0.46297 0.364789 0.35405 0.396842 -0.497802 -0.139964 0.122679 -0.140531 -0.0363815 -0.0311593 -0.223839 -0.13831 0.412542 -0.0610834 -0.138912 -0.297658 
yeast -0.244885 0.330207 0.00205059 0.105779 0.247315 0.00470014 0.0473339 -0.00630929 0.025825 -0.149069 0.0411241 -0.132482 0.146876 0.334673 0.430822 -0.213768 0.485961 0.172532 0.126025 -0.436808 -0.0177147 0.453119 -0.236166 0.135003 0.438662 -0.173844 -0.206231 -0.0968753 -0.0393195 0.0728298 -0.478374 0.432451 0.132664 0.348446 -0.457222 0.374583 0.46372 -0.281786 0.0855158 0.479318 0.262557 0.207148 0.220667 -0.338116 -0.187704 0.41204 0.471066 -0.349941 0.176051 -0.442517 -0.297222 -0.0216723 0.498554 0.112478 0.497768 -0.371042 0.0912223 0.275621 -0.38733 0.160842 -0.12664 0.293915 0.272871 0.172821 -0.435598 0.480988 -0.0816392 0.160058 0.0405545 -0.389517 0.0797499 0.415201 -0.228411 0.027808 -0.188253 -0.334532 -0.283974 -0.281582 -0.11897 0.298861 -0.330524 -0.126824 -0.201565 -0.0744517 0.230734 -0.300591 -0.197604 0.163837 0.165967 -0.117912 -0.159259 -0.0213007 0.124213 -0.0594371 -0.306481 -0.448721 0.320072 -0.06149 -0.353937 0.0535375 
Stuffed Bell Peppers with Quinoa and Black Beans -0.419774 0.212095 0.34497 0.487041 -0.332212 -0.104932 0.49845 0.0739863 0.139938 0.155799 0.109094 -0.0211753 -0.356391 0.225745 0.379724 -0.347015 0.439357 0.0635791 0.332884 0.0333106 0.017398 -0.432809 0.39409 0.182967 0.191672 0.082292 -0.125651 0.256193 0.279525 0.0904988 0.465791 -0.338263 -0.279752 -0.160304 -0.331877 -0.444298 -0.0762333 -0.185103 0.0161583 0.249178 -0.340725 0.0237369 0.0950829 -0.165627 0.365982 0.170932 -0.475985 0.486484 -0.216834 0.393437 0.136048 0.324564 -0.244123 0.078974 -0.478159 -0.251224 -0.147636 -0.156793 -0.331606 -0.231441 -0.0235848 -0.175109 0.427032 -0.203522 0.444387 -0.09781 -0.342241 0.377372 -0.0928662 0.184711 -0.158193 -0.266295 -0.397814 0.240805 0.0408036 -0.435154 0.268676 -0.018256 0.138955 0.0985855 -0.33694 0.0185863 0.195757 0.0863794 0.074415 0.277747 -0.345011 -0.296319 -0.289033 0.168574 0.175807 0.217488 0.220457 -0.110799 -0.317307 -0.348343 0.391985 0.399673 -0.140849 -0.122053 
white flour 0.155429 -0.0622025 0.175643 0.201034 0.28945 0.207245 -0.495944 0.365051 -0.46166 -0.306451 -0.350006 0.0363617 0.261437 -0.046491 0.398156 -0.000928474 0.23767 0.486985 -0.170875 -0.299966 0.126602 0.304937 -0.191597 -0.416037 -0.27107 -0.000806865 -0.40588 -0.113763 0.458553 -0.421427 0.0457629 -0.0706651 0.384212 -0.151148 0.125655 -0.0167944 -0.338502 0.237709 -0.0373225 -0.176585 0.371883 0.471795 -0.163104 -0.126525 0.236883 -0.0922571 -0.366157 -0.379274 0.0263813 -0.140543 0.0832919 0.0776893 0.308055 -0.438122 -0.0285714 0.403011 -0.203148 -0.288623 0.025618 -0.0635792 -0.198218 -0.432071 -0.439337 -0.482045 -0.496057 -0.139195 0.21542 0.190193 -0.451713 -0.269361 0.212522 0.126764 0.0145509 0.294341 -0.309543 -0.00454864 -0.227961 -0.173269 0.345447 -0.215298 0.29257 0.249135 -0.110716 -0.376772 0.174062 0.335745 0.0160054 0.341028 0.151763 -0.0288081 0.377617 -0.320908 -0.184299 -0.129531 -0.287058 0.110365 -0.0581496 0.417787 0.391337 0.391452 
Snert (Dutch Split Pea Soup) -0.070797 -0.402707 -0.192172 -0.23079 -0.0699479 0.229385 0.0600853 -0.350807 0.228943 0.468031 -0.000936427 0.440711 0.284082 -0.212736 0.0118047 -0.362753 0.153885 0.282183 -0.22504 0.236211 0.266934 -0.17058 0.100471 -0.0118966 -0.0112219 0.00921919 -0.175381 -0.357147 0.280036 -0.121855 -0.366629 -0.279941 0.166691 0.415111 0.140952 0.0286634 0.335517 0.153156 -0.236016 0.369852 0.408464 -0.121722 0.219058 0.410625 0.0508797 0.375338 -0.454341 0.392328 0.362742 0.486903 -0.460852 0.430871 0.206377 -0.205503 0.174075 0.0998003 0.284733 0.332555 0.306927 -0.339289 -0.494624 -0.281151 0.174683 0.112463 0.13946 -0.326392 -0.460006 0.327632 0.41572 -0.318168 0.167391 -0.468114 0.2835 -0.0830189 -0.131754 0.399747 0.43472 -0.185393 -0.113255 0.162832 0.0579053 -0.322159 -0.235805 0.00786921 -0.063173 0.0606002 0.212993 -0.237022 0.324008 -0.352217 -0.179478 0.0102222 -0.30118 -0.0936993 -0.469797 0.372243 -0.162534 0.294362 0.413258 0.126932 
dried fruit 0.125665 0.320894 -0.281239 -0.428706 0.173309 -0.347794 0.208408 -0.483608 0.180772 0.202071 -0.0188183 -0.237882 -0.0787696 -0.0351052 0.177679 0.246413 0.210374 0.280343 0.101383 -0.343658 -0.108131 -0.485253 0.0663097 -0.358069 -0.202869 -0.390199 0.310993 -0.423086 0.114254 -0.385199 0.130468 0.383181 -0.234079 -0.191326 -0.348264 -0.472131 -0.13592 -0.389907 0.271833 0.371634 0.48737 0.385131 0.232218 -0.353794 -0.105981 0.0494207 0.41367 -0.250631 0.192031 -0.0274499 -0.40488 -0.00773747 -0.318108 -0.434478 -0.0316707 0.2118 -0.487431 0.476872 0.0444113 -0.469125 0.210437 -0.4352 -0.288603 0.277354 -0.363141 0.2271 -0.179803 -0.155128 0.154837 0.0804886 -0.11536 0.122719 0.0932641 -0.246219 -0.499891 -0.253233 -0.157176 -0.15297 0.462822 0.122966 -0.185889 0.41014 0.403519 0.00103701 -0.278472 0.144414 0.396983 -0.232961 0.0282766 -0.217519 0.293691 0.4668 -0.42799 -0.34363 0.0764501 0.18239 -0.372145 -0.492922 0.159181 -0.048047 
Chelsea Buns -0.307892 0.312808 -0.213179 -0.480494 0.141763 -0.306335 -0.264394 -0.40118 -0.165043 -0.274276 -0.275651 -0.208695 0.388043 0.486286 0.0669865 -0.103767 -0.446669 0.254414 0.424908 0.158314 0.17514 -0.0645522 -0.346421 -0.357049 0.490259 0.13868 -0.416232 -0.182411 0.498349 0.230784 -0.212871 -0.289943 -0.362589 -0.268412 0.432747 -0.390633 0.326677 0.471485 0.0321049 -0.327397 -0.031657 0.140583 -0.354626 0.121174 -0.491968 0.0613727 0.115078 -0.134414 0.140147 0.241449 -0.0324343 -0.213926 -0.0341173 0.284539 -0.371328 -0.02677 -0.402046 0.178203 0.0820543 0.337412 -0.207916 -0.186218 0.160389 -0.0534122 0.259241 0.373473 -0.43052 0.0127345 0.243437 0.210699 -0.407128 -0.183033 0.496623 0.247704 -0.484336 -0.0482937 0.0796821 -0.0460928 0.0723528 0.260626 -0.23608 -0.265239 0.357122 -0.34562 -0.125989 -0.302247 0.334978 -0.289791 -0.0940483 -0.0150775 0.218614 -0.357075 0.00609804 0.0673572 -0.235179 -0.189757 0.0804867 -0.187277 0.31164 -0.276196 
walnuts -0.45714 0.185675 0.445365 0.312377 0.338356 -0.38381 0.28612 -0.0841475 0.151106 -9.28658e-05 -0.252245 0.0508158 0.0168686 0.206677 -0.467505 0.0914594 -0.129572 0.214694 -0.230031 0.319677 -0.365094 0.375948 -0.0887921 0.0761461 0.312726 0.250441 0.270693 0.0688684 -0.0521871 0.422244 -0.047204 -0.370781 0.436078 0.069116 -0.4356 0.148435 -0.483895 0.385289 0.150913 -0.192432 -0.239592 -0.441874 0.464656 -0.134394 0.406303 0.491775 -0.327911 0.230245 0.376338 0.0327521 0.196558 0.0804216 -0.269972 0.39868 -0.235138 0.00302889 -0.391254 -0.487579 -0.363049 0.390302 0.408994 0.0518242 -0.189788 0.172399 -0.14394 -0.132639 0.450935 -0.354825 0.497274 -0.282768 -0.42784 0.0302331 -0.0468563 -0.31202 0.384076 -0.433596 0.327955 -0.0946692 0.361982 -0.0398277 0.206263 -0.495661 0.180207 -0.331644 0.264714 -0.301185 -0.0788757 0.425306 -0.405541 -0.339886 -0.103406 -0.206122 0.0082815 -0.399382 -0.202898 -0.140534 -0.35173 -0.14917 0.476452 0.206597 
Portuguese fish stew (Caldeirada de peixe) -0.0920031 -0.496468 -0.44713 -0.019273 0.375072 -0.0152926 -0.242636 0.139386 -0.497087 0.161882 -0.316443 -0.0780081 0.392903 -0.419383 0.334673 -0.309919 -0.255524 0.238284 0.396707 0.449636 -0.425793 0.0489064 0.28809 -0.350818 -0.0062067 0.299771 0.189346 -0.0899033 -0.336927 -0.248983 -0.369649 0.323641 -0.196873 -0.457351 -0.21254 0.203239 0.401274 0.403634 0.224974 0.374412 -0.155092 -0.227142 0.0626224 0.395624 -0.0462797 0.457189 -0.322962 -0.397329 0.222312 -0.142854 -0.26682 -0.257073 0.0744709 0.199117 0.190295 0.065163 0.497882 -0.288184 0.387815 -0.456831 0.475794 0.157296 -0.348253 -0.0757264 0.345596 -0.449762 0.340986 0.0790648 0.0244133 -0.159906 -0.368016 0.446572 0.4403 -0.126204 -0.39807 -0.30062 0.142245 0.289628 -0.335975 -0.0857818 0.261376 -0.0444413 -0.193623 0.11936 -0.236032 0.0266834 0.28796 -0.177369 0.323799 -0.235259 -0.0545583 0.328217 -0.0759819 0.0397826 0.102136 -0.401736 -0.0971175 -0.261351 -0.214392 -0.164572 
Carrot Cake 0.445866 -0.46286 -0.349315 0.375478 0.403217 0.144387 -0.207422 -0.355636 -0.0895259 -0.118108 0.104042 0.116298 -0.319231 0.480988 -0.215961 -0.0329484 -0.37426 -0.111027 -0.0270656 0.12316 0.179499 -0.00385554 0.246667 -0.143912 -0.422439 -0.393416 -0.107254 -0.034352 -0.289964 -0.0150076 0.308382 -0.341088 0.256537 -0.371489 0.482898 0.0330568 0.482201 0.485321 -0.0528066 0.257325 0.208442 0.494646 0.438857 0.309694 -0.486765 0.175766 0.393602 0.110961 -0.352927 0.416452 -0.499916 0.385793 0.0270803 -0.340522 0.00640556 0.123429 -0.402409 0.29667 0.441077 0.242037 0.0148426 0.488727 0.486235 -0.0784166 -0.210981 -0.0370619 -0.0788194 0.369261 -0.055638 -0.138198 0.254751 -0.337066 0.394241 0.163939 -0.266419 -0.252763 0.412157 0.467527 -0.351296 0.0151689 -0.249325 -0.426216 -0.173577 -0.467882 0.442398 0.4099 -0.394556 0.0676463 -0.449454 -0.443094 0.123666 0.0983975 0.151123 0.140467 -0.115132 -0.0187802 0.364656 -0.339714 -0.182949 -0.407686 
English Breakfast 0.268055 0.00832833 -0.0909445 0.195718 0.176284 -0.394667 -0.366247 0.46741 -0.256541 0.0297385 -0.374561 0.141433 0.157909 0.138545 0.415653 0.194294 0.164373 0.375585 0.145916 -0.410898 -0.195951 0.484293 -0.145152 0.0440827 -0.0902156 0.00861828 0.332825 -0.374736 -0.19341 0.371774 0.467426 -0.423696 -0.0330458 -0.372676 0.101236 0.198522 0.043351 -0.386664 0.319165 -0.161938 -0.28104 -0.197855 0.159454 0.164092 0.459799 0.106426 0.336867 -0.358013 -0.335365 -0.0953889 0.241251 -0.27023 -0.301717 0.4093 0.493312 -0.470476 0.264962 -0.217005 -0.472466 0.394575 -0.177492 -0.290502 -0.491331 0.106559 -0.186398 -0.311501 0.170071 -0.242783 0.0370784 -0.25203 -0.0714238 -0.105513 -0.119547 0.318534 -0.279818 -0.0125819 -0.38637 -0.209327 0.224304 0.309086 -0.128433 -0.342307 0.379481 0.252336 0.0847644 -0.364787 -0.0418294 -0.421422 0.438409 0.388775 0.418527 0.0515607 -0.0279209 0.00998856 0.188945 -0.43618 0.0268709 -0.259351 -0.0700977 -0.161683 
pink food colouring -0.100853 -0.331457 0.238174 0.110336 -0.053667 -0.0615244 0.0288879 0.357741 -0.467583 -0.276593 0.0378963 -0.436278 -0.416022 0.233884 -0.220452 -0.0299949 0.432267 0.298878 0.191792 0.407647 -0.213937 0.321167 -0.156155 -0.306939 0.101887 -0.0613981 0.465389 0.36429 0.202423 0.0586531 -0.371326 -0.206636 -0.10097 0.0298469 -0.279133 -0.054633 -0.35837 -0.106095 -0.0497657 -0.412338 0.359819 -0.429774 -0.423038 -0.308507 -0.130698 0.413597 0.398305 0.236892 -0.119809 -0.238472 0.0456548 -0.303543 0.244681 -0.408784 0.242505 0.378469 0.451733 0.0776536 -0.00641221 0.412352 -0.459877 0.462803 -0.491069 0.388322 0.408702 0.268381 -0.0801991 0.0251465 -0.365647 -0.065634 -0.441309 -0.343066 -0.369847 -0.0825406 0.362073 -0.215622 0.169262 0.191754 0.384782 -0.286129 -0.387174 0.41509 -0.421814 0.0473759 -0.403987 0.358027 -0.21336 -0.426391 -0.270025 -0.0692034 0.499629 0.0416652 0.331988 0.126314 0.180186 -0.032548 0.131363 -0.141098 0.270931 -0.204629 
almonds 0.478358 0.387012 -0.306981 0.37932 -0.444952 0.230824 -0.0614388 -0.43182 0.342292 0.0479665 -0.00660849 0.155414 -0.279932 -0.30152 -0.217176 -0.124467 0.0437903 0.365799 -0.00378848 0.293546 0.0991347 0.043515 0.0892185 -0.134317 0.364977 -0.00976488 0.223732 -0.175898 -0.259412 0.466799 -0.307558 -0.353916 0.401871 -0.175771 -0.283558 -0.305226 0.00118544 0.0491874 0.167215 -0.267579 0.289864 0.0623222 0.34816 0.326782 0.0519267 0.407356 -0.0462098 0.312379 0.467267 -0.189645 0.445906 0.167113 0.388093 0.243175 -0.386442 0.41127 0.047493 -0.0417547 -0.367154 -0.275775 0.419589 0.152566 0.114478 -0.34577 -0.206026 -0.182336 -0.331486 0.262301 0.241393 0.0915529 -0.181678 0.311377 0.388706 0.0538591 0.36438 0.173808 0.193252 0.330558 -0.291788 -0.304062 -0.480846 0.334312 -0.153944 0.346087 -0.43775 0.36129 -0.157724 0.433543 0.456633 0.155905 -0.479038 0.0624505 -0.303456 -0.00578474 0.47727 0.254488 0.463033 -0.146925 0.110516 -0.340598 
braeburn apples -0.365837 0.455117 0.207895 0.479934 0.175908 -0.151647 -0.246129 -0.0308528 0.024424 0.0253807 0.457167 -0.462775 0.219006 0.398166 -0.49626 -0.453227 0.47939 0.278628 0.433908 -0.494352 -0.0731733 -0.424916 0.0572394 0.192316 0.459098 0.283318 -0.278947 0.456113 -0.174822 -0.421629 0.349444 0.449352 0.225611 -0.42559 -0.366855 -0.0185705 0.0699273 -0.245667 0.220063 0.321302 0.332216 -0.444895 -0.309329 -0.0595341 0.215342 -0.278804 -0.133461 0.125233 -0.316791 0.157243 0.379872 -0.0509809 -0.371975 -0.355248 0.429258 -0.35726 -0.412211 0.0600844 0.310541 0.0113792 0.11174 -0.0880996 0.185533 0.412505 -0.426102 -0.447982 0.225478 0.335726 0.363213 0.0410978 0.324799 0.121172 0.0458497 0.179995 -0.0358531 -0.136143 -0.324574 0.4166 -0.42282 0.0616543 0.361007 0.4497 0.024425 -0.252302 0.0516166 -0.206463 -0.0792223 0.085733 0.0983211 0.0600363 0.428529 -0.238791 0.23263 0.166478 -0.0518937 0.230338 0.107203 -0.403844 0.410846 0.0752287 
Apple & Blackberry Crumble 0.14098 0.264327 -0.490701 -0.0499289 0.220545 -0.481008 0.3955 -0.335288 -0.438017 0.294864 0.207779 0.33176 -0.23835 0.0927955 -0.143974 0.376156 -0.254924 0.424616 -0.39784 0.000606717 -0.376993 -0.13404 -0.182266 -0.137989 -0.138139 -0.357879 0.0386739 -0.407751 0.0861364 0.287318 -0.188088 0.130747 -0.328287 -0.348277 0.0939561 0.139976 0.25061 0.460855 -0.0534914 0.416838 0.497438 0.494416 -0.436475 -0.369219 0.1848 0.121467 -0.116713 0.312283 -0.210577 0.201109 0.199667 0.464051 -0.120497 -0.204901 -0.186795 -0.241139 -0.0906711 0.164239 -0.301319 0.442137 -0.00896805 0.0829801 -0.122905 0.036661 0.0100388 0.461725 -0.237606 -0.0126184 0.255557 -0.41675 -0.207863 0.429532 0.413688 0.248913 -0.0264567 0.093407 -0.329099 -0.0372415 0.246338 0.20112 0.153848 -0.3857 0.449749 0.00616312 -0.315977 0.368857 0.0427773 0.351481 -0.463226 -0.366862 -0.031182 -0.0333223 -0.038991 0.247004 -0.321707 0.255875 -0.248715 -0.462412 0.0942826 -0.246036 
Treacle Tart -0.119089 -0.488549 -0.122235 -0.0959296 -0.286127 0.490299 -0.492514 0.383403 0.090165 -0.0822618 -0.0988314 0.0171206 0.456056 0.412597 0.123549 0.252056 -0.471693 -0.351645 0.0596349 -0.491854 -0.0731438 0.470158 -0.434561 -0.0997401 0.128164 0.0620093 0.0638245 0.490416 0.020714 -0.211122 -0.272186 -0.392456 -0.379074 0.369815 -0.48965 -0.367039 -0.178339 -0.264059 -0.164 -0.215453 0.251348 0.180169 -0.171888 0.157312 0.444802 -0.237352 0.0322144 -0.295751 -0.242584 -0.0740375 0.435598 -0.301495 -0.0961613 -0.0648319 -0.176558 0.147961 -0.439805 -0.34783 -0.377644 -0.223376 -0.4127 0.161157 -0.166909 -0.41412 0.173868 0.398848 0.0278461 -0.084933 -0.309829 0.407958 0.234624 0.143507 0.227904 -0.358682 -0.0967922 0.172112 0.36901 0.301058 0.422217 -0.107723 -0.0280159 -0.141016 0.230766 -0.480089 -0.23346 -0.446735 0.0629539 -0.193744 -0.152818 0.276283 0.0664405 -0.369574 -0.403153 -0.398249 -0.179291 -0.17235 -0.142433 0.0295468 0.226488 0.273277 
Blackberry Fool -0.172184 0.156711 0.0197316 -0.0358518 -0.410353 -0.179301 0.195261 0.04887 -0.496222 0.231675 0.150484 -0.0428286 -0.497228 -0.0522202 -0.386778 0.334312 0.186458 0.0733085 -0.375344 0.400189 -0.104076 -0.177447 -0.217489 0.39519 -0.082553 0.0907925 0.00646157 -0.406809 0.373861 0.210948 0.151057 0.0586476 -0.273263 0.375335 0.300693 -0.0174081 -0.357176 -0.0268558 -0.29025 -0.20651 -0.220149 0.285552 -0.369867 0.454075 -0.341292 0.319757 -0.485685 -0.383532 0.105683 0.288502 0.377443 -0.438377 -0.0289221 -0.232955 -0.0233955 -0.00723475 0.0887448 0.496046 -0.00786597 0.486943 0.354869 0.275658 -0.112496 -0.318602 0.126081 0.0433718 0.411025 -0.0655571 -0.216432 0.215284 -0.0211839 0.275328 -0.440951 -0.218387 0.106811 -0.440398 0.486959 0.193094 -0.256775 0.254535 -0.0221039 0.194139 0.238173 0.297491 0.155136 0.294775 0.293547 0.050118 -0.0132248 -0.166671 0.456088 0.32519 -0.144264 -0.291576 -0.337997 -0.325751 0.279315 -0.131195 0.373146 -0.37656 
Jam Roly-Poly -0.141717 -0.282 0.368479 -0.431641 -0.470604 -0.152584 -0.429652 0.0387041 0.245613 0.32857 -0.118756 -0.145013 -0.324587 -0.360843 -0.0167353 0.280662 0.104849 0.00758579 0.0405271 0.161607 0.331745 -0.100567 -0.290792 0.10592 -0.0796849 0.343951 0.290161 0.180542 -0.439903 0.364965 -0.0398668 0.364986 0.172237 0.436454 0.418971 0.497971 -0.446587 -0.426579 -0.267791 -0.336487 -0.182018 0.13907 -0.384341 0.496082 0.231713 0.152672 0.194295 0.213705 0.372068 -0.32483 0.228779 -0.207331 -0.388256 0.147655 -0.128384 0.136741 0.0506306 -0.112996 -0.334343 -0.447806 0.264214 0.269004 0.29928 -0.491834 0.250883 -0.141601 0.413346 -0.139361 0.360408 -0.489197 0.0233224 -0.160864 0.329138 0.0291695 -0.191812 0.07945 -0.424273 -0.341607 0.112935 0.426232 0.236308 -0.08303 -0.436411 0.27804 0.398268 -0.381474 0.489824 0.0872977 -0.148983 -0.458685 -0.430307 -0.326348 -0.473862 -0.493409 0.388132 0.443967 -0.0633454 -0.464713 0.137103 0.349894 
blackberries 0.065123 0.447926 0.0495044 -0.172821 -0.317656 -0.0931038 0.397555 0.438991 0.429697 0.30311 0.496793 0.448628 0.454007 0.151023 -0.171734 -0.449584 -0.413351 -0.167105 0.0712474 -0.0331356 -0.438248 0.280705 -0.439663 -0.423579 0.125014 0.347456 0.234027 0.29389 -0.208004 -0.286042 0.241239 0.494964 -0.0617447 -0.237171 0.326334 -0.300267 -0.0195544 0.216543 0.454751 -0.0986278 0.260425 0.0755786 -0.418875 -0.267042 0.0106817 0.264267 -0.496658 -0.436545 -0.0834862 0.28099 0.210048 -0.442598 -0.172972 0.226993 -0.147008 0.418636 -0.495591 -0.150883 0.00461111 0.469157 0.133618 0.43795 0.384577 0.0410421 0.170758 0.339636 0.48441 -0.377701 0.285683 0.0978576 -0.0504588 0.139967 0.450709 0.053724 -0.42789 0.0709229 0.361543 0.0742637 0.0910383 -0.0129016 -0.44561 0.219405 -0.198375 0.461391 0.374032 -0.0312265 0.00330542 -0.464992 0.141363 0.235996 0.129226 0.177091 0.347879 0.250616 0.45401 0.377752 -0.270942 0.305534 -0.225049 -0.00972949 
Summer Pudding -0.43052 0.399528 -0.237088 0.469822 -0.386238 0.212696 -0.256017 -0.0798785 -0.252199 0.437456 -0.019766 -0.498959 -0.353404 -0.04212 -0.0297204 0.0645462 0.461344 -0.184969 0.223217 -0.315024 -0.154659 0.342414 0.303628 0.0132979 -0.0329101 -0.129674 0.208329 0.124377 -0.0992888 0.0579063 -0.230598 0.185642 -0.115002 0.0613047 0.054309 0.419247 -0.415201 -0.320857 -0.0236001 0.282399 -0.0644023 0.11137 0.0229791 -0.498213 -0.247729 -0.454747 0.136982 0.268501 -0.193064 -0.496987 0.0415886 -0.477254 0.187216 -0.350944 0.0142803 -0.417389 0.33169 -0.01152 -0.173628 0.311483 0.443154 0.064381 -0.0935873 0.417425 0.255581 -0.0856507 0.283405 -0.431065 0.39539 -0.377696 -0.287792 -0.220807 -0.255835 -0.30046 -0.214146 -0.158566 -0.0439823 0.418746 -0.14475 0.183748 -0.334823 0.181583 -0.396347 0.0557375 -0.393383 0.270837 -0.339836 -0.297 0.275294 0.079137 0.483052 -0.193646 0.45011 -0.0667595 -0.169083 0.197773 0.459696 -0.0382351 0.0693405 -0.0140703 
Tarte Tatin -0.382469 0.171059 -0.30065 -0.44474 -0.141949 -0.0622696 0.130327 -0.470718 -0.496953 -0.0722493 0.0127888 0.2279 -0.0556 0.326202 -0.158257 0.414681 -0.0461879 -0.467009 0.211677 -0.218663 0.2504 0.292339 0.277893 0.483273 -0.457742 -0.250501 0.177928 -0.0237293 0.41778 0.207929 0.0773066 -0.208535 0.25181 -0.286039 0.122529 -0.453583 0.429067 -0.0608278 0.193834 0.270692 0.21345 0.323418 0.267422 0.369019 -0.474711 0.0599031 -0.164979 0.214168 -0.0493135 0.190547 0.13505 -0.444216 -0.351321 -0.0945533 0.0983384 -0.285765 -0.170117 0.131042 -0.32925 -0.494501 0.212905 0.379403 -0.34751 -0.239168 0.137341 0.477265 0.256799 -0.212224 -0.361115 0.308038 0.408274 -0.0826399 -0.153612 -0.288294 0.29639 -0.363347 -0.295767 0.284087 -0.020259 -0.186022 -0.421074 0.488131 0.317237 0.00175571 -0.0400922 -0.369827 0.0345293 0.461271 -0.368364 0.336384 -0.42207 -0.0221081 -0.116675 0.364176 -0.100247 0.494425 -0.239177 0.14822 0.411931 -0.453379 
Eccles Cakes -0.00461654 0.0633093 -0.0768564 -0.0641443 0.410553 0.309177 0.473176 -0.381301 0.270737 -0.367753 0.467512 -0.494138 0.0218033 -0.0756558 0.162028 0.466326 -0.276856 -0.412224 0.0838488 -0.307709 -0.209262 0.441665 -0.176714 0.408571 0.28267 -0.145558 0.229052 0.167282 -0.144248 -0.411997 -0.200294 0.0360966 -0.415254 0.0427158 -0.111967 -0.0173348 0.216829 0.338509 -0.238485 -0.184616 0.180443 -0.499819 0.418619 0.383307 0.38401 -0.444689 0.286331 0.0424837 -0.19701 -0.251156 -0.418229 -0.418138 0.0753936 0.147175 0.0127352 -0.239108 0.433996 -0.282104 0.0408537 -0.0721907 0.255764 0.166397 0.323795 -0.419228 -0.18379 0.110785 0.332749 -0.00448637 -0.310309 -0.0641299 0.378251 -0.214005 0.0796865 0.412244 -0.473817 -0.163921 0.49854 -0.188677 0.395375 0.00473809 -0.201386 0.475641 -0.428 0.178979 0.295829 0.0688447 0.359019 -0.455972 -0.25938 -0.373517 0.220746 -0.418386 0.498253 0.111592 -0.398555 0.446977 -0.447873 0.285621 -0.183658 -0.456244 
Spotted Dick -0.148508 0.363406 -0.0120898 0.0873231 -0.185751 -0.161482 -0.258733 -0.312807 -0.241743 -0.359494 0.0253666 0.0745236 0.257622 0.121456 -0.0728023 0.182506 0.376379 0.423268 0.0559611 -0.159854 0.244793 0.495643 0.410088 -0.0695877 -0.324676 -0.4683 0.146002 0.457849 -0.483245 0.305392 -0.258253 -0.156441 -0.380105 -0.354821 0.0213004 0.165452 -0.311248 0.296765 0.259844 -0.262297 -0.442654 0.0894983 -0.180462 0.462142 -0.258496 0.373404 0.311856 -0.00992052 -0.0188792 -0.0651932 0.0704761 0.292915 0.46136 -0.237447 -0.256929 -0.405993 -0.386903 -0.189432 -0.404376 -0.488302 0.277164 -0.372889 -0.263948 -0.108047 0.429382 -0.306834 0.359818 -0.312657 0.485724 -0.368753 0.356263 0.222043 -0.19361 0.280124 0.326535 -0.45555 -0.20491 -0.0940841 0.278971 -0.164272 -0.0861565 0.435577 -0.0613024 0.407874 0.462131 -0.433868 0.322586 0.48832 -0.45755 0.454788 -0.386951 -0.418104 0.333053 -0.148024 -0.319721 0.409355 0.116164 0.354341 -0.251334 -0.347826 
cardamom -0.19287 -0.483794 -0.0217847 -0.142349 -0.0809044 0.122456 0.136192 0.052549 0.373362 -0.296514 -0.365002 0.220149 -0.232183 -0.573944 0.340916 -0.683416 0.119285 0.368134 -0.0443819 0.520387 -0.0704016 0.606712 -0.588009 0.113186 -0.527504 -0.594366 -0.0113065 0.577623 0.651286 0.18572 0.554499 0.467874 0.168134 0.646281 -0.503114 -0.529461 -0.34817 0.218867 -0.166816 -0.175672 0.460922 -0.0659686 0.158718 -0.157828 0.0187252 -0.145529 -0.215163 0.125298 -0.643904 0.510019 1.30012 -0.29353 0.115283 0.250852 -0.601618 -0.449783 -0.383856 0.265547 0.162001 -0.282313 -0.723578 -0.656344 -0.0957798 -0.556539 0.0933689 -0.530753 -0.0280794 0.174374 0.885374 0.103852 0.103554 0.141715 -0.471712 0.575704 0.403248 0.735918 0.273541 0.209157 -0.505798 1.15859 0.683586 0.666642 -0.53736 -0.261445 -0.101713 0.00717272 -0.0115868 -0.170736 0.193821 -0.959201 -0.494683 0.456229 0.290458 -0.446933 -0.0285725 0.615625 0.3667 -0.575169 -0.290782 -0.41945 
Lamb Biryani -0.094274 0.118895 0.458124 -0.23382 -0.0477796 -0.199864 0.291044 -0.00466869 -0.499345 0.116812 0.00317133 0.52247 0.331009 0.350165 0.20679 0.052102 -0.215692 0.2247 0.255211 -0.315509 -0.175279 0.381225 -0.0465919 -0.552262 -0.394339 -0.0512893 -0.130295 0.110335 0.312022 0.405055 -0.316137 0.0564978 0.0221921 0.238839 0.373366 0.391511 0.0360609 -0.14214 0.194117 0.49766 -0.0588293 -0.296982 0.0781768 -0.189103 0.259034 0.642065 0.205182 0.404814 -0.165093 0.0672937 0.277647 0.241154 0.326142 -0.0338436 0.221387 -0.155745 -0.168484 0.0399656 0.149907 0.178739 -0.606668 -0.17133 -0.0226355 -0.268382 -0.0464415 -0.458552 0.107374 0.113428 0.465043 0.227752 0.0731343 0.300985 0.069394 -0.211575 -0.268177 0.179878 0.0423707 0.501169 -0.17422 0.507387 0.44047 0.3639 0.186601 -0.132311 -0.205372 -0.609545 -0.0450822 -0.00502664 -0.0512142 0.0754594 0.0706207 -0.368853 -0.0531875 -0.480157 -0.175742 0.678003 0.143189 -0.450044 -0.115885 -0.00426869 
black pudding 0.299152 -0.490087 0.146673 -0.263986 0.187595 0.0862816 -0.466482 0.125993 -0.117263 0.149732 0.00689821 0.288689 0.136312 -0.234012 -0.375553 0.219849 0.473416 -0.220926 -0.0705219 0.379347 -0.0621109 -0.423793 -0.250056 -0.264987 0.242824 0.176198 -0.323004 -0.258034 -0.313306 -0.477829 0.452387 0.456093 0.0382511 0.023796 0.13423 -0.373583 0.103829 0.0385263 -0.384246 -0.148741 -0.255422 0.00137541 0.205238 0.0750343 0.322076 -0.0602422 0.37615 0.451309 0.364992 -0.4572 -0.0405973 -0.0869918 0.108113 0.339656 -0.325541 0.225765 -0.117977 -0.299637 -0.133813 0.0484503 -0.366881 -0.388398 0.173009 -0.320714 -0.342967 -0.460237 -0.450385 -0.43467 -0.3512 0.0714552 -0.323674 0.49158 0.42244 -0.0799306 -0.180041 0.210117 -0.0158993 0.0194133 0.0174902 -0.316873 0.435803 -0.159854 0.389187 -0.0671139 0.228701 -0.401961 0.254594 -0.0997299 0.485654 0.199512 0.0417604 0.229646 0.00319625 0.0267292 0.452534 0.130599 0.0118154 0.166409 0.257113 -0.0424087 
Tuna Nicoise 0.362483 -0.431213 -0.16616 0.190212 -0.339492 -0.353919 -0.115555 0.0694224 0.4813 -0.395559 0.412383 -0.200094 -0.446014 -0.0642803 0.485712 -0.477058 -0.067232 -0.407369 0.345218 0.148798 0.023171 0.138789 0.397007 0.44045 0.226293 -0.172911 -0.118932 0.166727 -0.286407 0.169295 -0.498787 -0.119319 -0.16684 -0.28647 0.309168 0.121755 -0.171986 -0.0155604 -0.0430157 0.0949088 0.0614674 -0.38413 -0.021244 0.323768 -0.240476 0.0986176 -0.384901 0.441381 -0.195856 -0.337769 -0.0667247 -0.196396 -0.0128556 0.175609 0.408528 0.138744 -0.0869485 -0.351438 -0.363474 -0.245376 0.359893 0.0601167 -0.499369 0.210754 0.285231 -0.404771 0.20706 -0.21765 -0.00495861 0.141064 -0.381068 0.0796607 0.0318125 0.0384331 0.167422 -0.122838 0.449312 -0.470741 0.0261463 -0.102184 -0.488097 -0.00952816 -0.0155142 0.453266 -0.481205 0.0610777 -0.435135 0.0364902 0.272546 0.0363115 0.120195 0.213585 -0.343395 0.163028 -0.480984 0.0525817 0.333313 0.484589 0.123561 -0.491428 
cheese curds 0.465536 -0.365614 0.202925 -0.248681 -0.345935 0.200887 0.0270736 -0.0973069 0.269537 -0.149418 -0.283422 -0.536649 0.260894 -0.414943 -0.348925 0.234216 0.0278741 0.253241 -0.258322 -0.512731 0.117842 0.382337 -0.407773 0.00926968 -0.0845239 0.0489443 0.0456517 0.196902 0.0203557 0.355181 -0.556052 -0.238636 -0.00735863 0.0561557 -0.205823 -0.384315 0.0759503 -0.109965 -0.165548 -0.256263 -0.306215 -0.532323 -0.243669 0.0337421 0.15021 -0.119881 -0.0511465 -0.468769 -0.325218 -0.122127 0.437071 -0.108292 0.635494 0.38443 0.343198 0.376972 -0.0134892 -0.0436694 -0.418747 0.0147949 -0.229536 0.185521 -0.368092 0.25099 0.48424 -0.04124 -0.0892276 0.535122 -0.51654 -0.0527365 -0.112194 -0.0383519 0.0148048 -0.117621 0.0407946 -0.356585 0.45513 0.0687458 -0.202571 0.284358 -0.43323 0.617476 0.5834 -0.0903669 -0.273616 0.493573 0.363395 0.218712 0.443626 0.427736 -0.37246 -0.444609 -0.410558 0.487323 0.50753 -0.276266 -0.133247 0.0178136 -0.183402 0.454822 
beef gravy 0.08776 -0.0539088 0.12983 -0.3233 0.175086 -0.43875 -0.168312 -0.20856 0.296275 0.422283 -0.283494 -0.00114114 -0.444651 -0.219995 -0.252858 0.213928 -0.110859 0.0569813 -0.597588 -0.215987 -0.383471 -0.323589 -0.103811 -0.00153664 0.335408 0.00837346 0.223877 0.424463 -0.293783 -0.0985143 -0.0137699 0.264585 0.078746 -0.0481392 0.513741 0.178683 -0.0616001 0.311451 -0.296152 0.331982 -0.526794 -0.203827 -0.468874 -0.255632 -0.284575 -0.064363 -0.481075 -0.471 0.146501 -0.252254 0.205739 -0.488832 -0.123911 -0.52593 0.305411 0.0536285 -0.418365 0.0597318 -0.322857 0.373524 0.176318 -0.0410701 -0.659651 -0.289736 -0.0727922 -0.454293 0.525251 0.57936 0.306739 0.0784153 -0.192539 0.317287 0.000112872 -0.2239 0.335076 0.277443 0.517714 -0.0318314 -0.0593824 0.619485 -0.0559185 -0.470587 -0.259006 -0.168481 -0.0099937 0.29844 0.539735 0.0727267 -0.41332 -0.0357417 -0.198556 -0.63095 -0.204974 -0.266223 0.623072 0.09078 0.17634 -0.563307 0.520235 0.24355 
salmon 0.101185 -0.210989 -0.390303 0.000268675 0.263954 -0.0181396 0.239872 -0.317945 0.064062 -0.00412015 0.0282781 -0.500561 0.447572 0.0540025 -0.0185598 -0.620237 -0.283745 -0.264562 -0.186028 0.254028 -0.0187752 0.559447 0.0736326 -0.563295 0.013384 -0.309093 0.180347 0.634851 -0.111493 -0.00481936 0.687514 0.107399 -0.12182 -0.328339 0.173271 -0.645485 0.399207 0.232413 0.528829 0.381764 -0.094048 0.259103 -0.510017 0.474949 -0.568418 -0.0692742 0.0751507 0.280746 0.0143148 0.0915285 -0.116029 0.000708356 -0.196124 -0.374432 -0.642899 0.271304 0.0983388 0.0977817 -0.415121 -0.353391 -0.500604 0.589713 -0.24038 -0.0601301 0.0480748 -0.0915349 0.218172 -0.391089 0.187001 -0.244112 -0.341941 -0.0808609 -0.359367 -0.341008 0.0905662 -0.161238 -0.0193789 0.052562 -0.0826656 0.107847 0.400808 0.423368 0.7688 0.140693 -0.0077561 0.0603867 -0.726537 0.273831 -0.626319 0.744363 -0.493849 0.073433 -0.0237096 -0.425544 -0.344354 0.191168 0.316601 0.342853 -0.0499129 -0.114637 
beef fillet -0.256533 -0.162627 0.198154 -0.0482187 0.0661179 0.193124 0.376289 0.128146 0.0964862 -0.152001 -0.787502 -0.087881 -0.217847 -0.317892 0.37174 0.304165 0.256197 0.0594983 0.156987 0.277821 0.01812 -0.959245 -0.168618 -0.47261 0.00540367 0.505601 0.179576 0.661757 -0.273071 -0.424287 0.0477748 0.228084 0.44195 -0.367799 -0.260725 -0.173285 0.00667451 0.127286 -0.256805 0.0797225 0.106945 -0.084801 -0.211091 0.584583 0.329209 -0.188731 0.128803 -0.101327 0.625205 0.443677 -0.335214 0.274087 -0.249609 0.0638983 -0.398804 0.218583 -0.324647 -0.110534 0.0796585 0.206629 -0.796579 -0.473008 -0.281107 0.157054 0.395632 -0.278496 0.855373 -0.305488 0.0924836 -0.685153 0.204145 -0.402268 0.121217 -0.136346 0.403878 0.177312 0.267599 0.108887 0.350065 0.082369 -0.134957 0.0686195 -0.188845 0.637888 -0.278534 0.401356 -0.599768 0.406475 -0.035284 0.175781 -0.130778 0.341967 0.60722 0.291335 0.316351 -0.303201 0.150321 -0.138901 0.463729 -0.217206 
pumpkin 0.433218 0.294755 0.162745 0.217499 0.186806 0.201577 -0.4739 0.124211 0.324946 0.355362 -0.332324 -0.204492 -0.204282 -0.368693 0.0209427 0.126609 -0.305043 0.00335844 -0.440896 -0.495966 0.147911 0.344754 0.244915 -0.384581 -0.334307 -0.352277 -0.0990679 0.453064 -0.0666637 0.204677 -0.372185 0.436446 -0.338198 0.393909 -0.173183 -0.309017 -0.132963 -0.42963 0.0782601 -0.403472 -0.475225 -0.381399 -0.2599 -0.336909 0.125624 -0.353374 0.106989 0.376243 0.296349 -0.367069 0.364305 -0.216515 0.485867 0.112744 0.181059 0.233165 0.482796 0.468227 0.351408 0.10976 -0.498989 -0.095043 -0.0935393 -0.00499182 -0.0816844 0.360725 -0.337835 -0.168877 0.218638 -0.452903 0.470816 0.469125 -0.443796 0.372504 -0.237848 0.224591 -0.354515 -0.284554 0.149595 -0.347811 0.271676 -0.474269 -0.108084 0.241259 0.410301 -0.191109 -0.1621 0.421852 -0.207132 -0.48861 -0.104014 0.371836 -0.180518 0.160235 -0.0280982 0.471002 0.316615 -0.0222114 -0.429536 -0.318252 
white fish fillets 0.0872786 0.325648 0.53685 -0.469897 -0.361811 -0.465596 -0.44788 -0.292682 -0.414309 0.0040853 -0.494294 0.469397 -0.466271 0.317452 0.468895 0.471563 -0.463559 -0.454451 -0.26885 0.0348609 -0.114544 -0.400279 -0.331272 0.0548574 -0.333737 -0.378963 0.0903937 0.347907 -0.539034 0.0346538 -0.370828 0.522705 -0.143124 0.0250966 0.368004 -0.498849 -0.454288 -0.204031 0.19156 0.307555 -0.357089 -0.348221 0.406721 0.084348 0.487404 0.299711 -0.0800176 -0.314974 0.149645 -0.18775 0.53034 -0.284151 0.0100645 -0.388975 -0.288618 0.151424 0.300078 -0.0873641 0.398285 -0.427838 0.0937883 0.053819 -0.484702 -0.187599 0.201714 -0.345668 0.0388643 -0.331319 0.480041 0.169148 -0.198985 -0.389346 -0.297 0.195725 0.210046 -0.14156 -0.241879 0.0545985 0.156905 -0.16998 0.186538 -0.0848838 0.0818812 0.0641227 -0.540843 -0.186765 -0.0944521 -0.182236 0.0454826 -0.279678 0.157832 -0.010628 -0.144005 0.108988 -0.655171 0.257419 -0.00188384 -0.494778 0.134045 -0.154072 
Mediterranean Pasta Salad 0.494148 0.167436 -0.19728 0.179293 0.112473 0.358375 -0.304364 0.235705 0.157033 -0.415282 0.247707 -0.137908 0.476884 -0.0721372 0.259844 0.496377 -0.587987 -0.122651 -0.27946 0.710513 0.229728 -0.532689 0.0885573 0.212965 -0.133504 -0.0367829 0.576327 -0.159316 0.454163 -0.0394066 0.193558 -0.131922 0.333583 -0.14921 0.340734 0.205888 -0.430934 -0.22679 0.327179 0.223282 0.280657 -0.278214 0.412077 -0.0225327 -0.333302 0.249179 0.205998 -0.127382 -0.00935115 -0.255168 -0.0729906 -0.422363 0.263325 0.149103 -0.0869453 -0.353963 -0.243988 -0.383454 0.459126 -0.23214 0.637317 -0.445819 -0.0699482 0.140408 0.293506 -0.21951 0.215581 0.417081 -0.167361 0.251063 0.420973 0.352013 -0.189685 0.420366 0.123461 -0.42779 -0.400923 -0.0878724 -0.219613 0.496048 0.251713 0.382678 0.440816 0.508893 0.344004 -0.288765 0.386902 -0.320777 0.272151 -0.0926945 0.213532 -0.659353 -0.0789758 0.193543 0.294506 0.0133056 0.114341 0.100862 0.261408 -0.230402 
Fish pie -0.187035 0.216825 0.14861 -0.389669 -0.328862 -0.299953 0.3767 -0.0280446 -0.0205785 0.414265 -0.1564 0.178794 0.389856 0.13537 0.246079 0.0169678 -0.341838 -0.556419 -0.388246 -0.349124 0.154303 0.317698 0.489145 0.0813259 0.657767 -0.3498 0.517134 -0.0560932 -0.288501 -0.325047 0.0379795 -0.284191 -0.399358 -0.54142 0.31249 0.128367 -0.194491 -0.344349 0.381585 -0.466275 -0.4339 0.510751 0.154315 -0.261008 0.396185 -0.201396 0.211954 0.236729 0.652688 0.511469 0.331992 -0.503194 -0.362482 0.337525 0.370756 -0.112062 -0.215062 0.349362 0.120314 -0.627441 -0.119861 -0.144003 -0.0834672 -0.040569 -0.121092 -0.303107 0.0302234 0.293733 -0.414039 0.200185 0.14416 -0.110724 -0.21357 0.431776 0.311407 0.348953 0.146412 -0.0431001 0.050471 -0.0784314 -0.456204 0.303402 0.0270645 -0.329431 -0.559643 -0.112309 -0.405035 -0.167816 -0.390784 -0.456198 0.50162 -0.335014 -0.392623 0.299664 -0.253231 0.172751 -0.0086473 0.519882 -0.256998 0.140871 
Baingan Bharta 0.268648 -0.087157 -0.0429637 -0.064065 0.247665 -0.261 0.1003 0.0706434 -0.105647 0.339373 0.164683 -0.0530368 0.359662 -0.458848 -0.417572 0.188799 -0.575818 0.161114 0.262549 -0.312891 -0.010192 -0.263488 0.126042 -0.0442403 -0.164881 -0.0625681 0.291754 0.0536591 0.10667 -0.580052 -0.405012 0.618664 -0.0709349 -0.335712 0.107647 -0.40618 0.017849 0.208917 0.22452 0.0814644 -0.254695 0.40262 0.642723 -0.330051 -0.125606 0.278473 -0.0960153 0.455937 -0.0856609 -0.106702 0.118922 0.138103 -0.375895 0.0791214 0.304901 0.427926 -0.130556 -0.176688 -0.14038 0.544135 0.158233 -0.321389 -0.14583 -0.527321 0.271903 0.459232 0.796329 0.335192 0.622352 0.154283 -0.16496 0.0575052 -0.260005 -0.00475658 -0.620435 0.282958 -0.632709 0.356957 0.399657 0.46749 -0.759563 0.373356 0.260801 0.280458 -0.137909 0.227977 -0.333621 0.116862 -0.458676 0.114276 -0.022507 0.234781 -0.43657 -0.345949 -0.0757507 -0.0610025 0.333899 0.188029 0.396169 -0.530586 
red pepper 0.109999 -0.406987 0.397135 -0.187321 -0.385495 0.0387633 -0.212855 -0.222432 -0.552515 -0.49956 0.469884 -0.337488 0.103328 0.0900897 0.159957 -0.113876 0.79824 0.223374 0.0564927 0.51747 -0.178184 0.0565298 0.435241 -0.250623 0.127327 -0.285032 0.0400978 -0.090631 -0.111681 0.374666 0.446067 -0.0912757 -0.755574 -0.210416 -0.281651 0.2835 0.271661 -0.122932 0.435205 0.416731 -0.131922 0.438454 -0.164829 0.457115 -0.212839 -0.525427 0.0235338 -0.539897 0.186714 -0.637518 0.199079 -0.559901 -0.395005 -0.194397 0.231744 0.567378 -0.0733596 0.204007 -0.450727 0.100662 -0.228065 -0.770878 -0.322886 0.174883 0.0203095 0.621063 -0.495261 -0.270918 -0.88734 0.0329457 -0.192992 -0.499614 -0.113728 0.482878 0.492554 0.0101031 -0.155687 0.367838 0.324528 -0.326661 0.619726 -0.0537392 -0.627666 0.296582 0.348634 -0.137207 -0.189518 0.196942 -0.800069 -0.0192478 -0.644777 0.387167 -0.13381 -0.0814817 -0.0215165 -0.036605 -0.0277586 -0.222927 -0.553517 -0.590052 
Spicy North African Potato Salad 0.452256 0.306307 -0.170399 -0.308871 0.263931 0.399966 -0.606543 0.393907 0.302066 -0.130838 -0.19856 -0.33682 -0.354212 0.069545 0.271596 0.231229 0.253841 -0.415423 -0.206004 -0.0514821 -0.153515 -0.203214 -0.370526 0.249569 0.323479 -0.29806 0.091506 -0.174211 -0.194207 -0.498632 -0.238927 -0.202397 0.29006 -0.0671198 -0.579071 -0.209231 -0.446925 0.0517586 0.132836 -0.26193 -0.405018 0.0673489 0.452047 0.259597 0.16112 -0.138794 0.512118 0.193214 -0.666177 0.147929 0.0991184 0.353437 0.412368 -0.304966 0.334913 -0.493599 -0.486949 -0.572897 0.500306 -0.364577 0.196611 0.216591 0.441127 0.0173564 0.213646 0.193571 0.0748423 0.635191 0.277302 -0.147897 0.424481 -0.188558 0.238842 -0.180629 -0.344147 -0.486265 0.516806 -0.222664 -0.453407 0.0532279 -0.0376767 0.067042 -0.633607 0.131347 -0.015671 0.413715 0.273223 0.0802065 0.27531 0.111698 -0.262857 -0.165805 -0.2817 0.0705912 -0.262493 0.12569 -0.573678 0.245551 -0.417955 0.43028 
Skillet Apple Pork Chops with Roasted Sweet Potatoes & Zucchini -0.226365 0.409656 -0.373127 -0.444153 -0.315519 0.148048 -0.439364 0.293398 -0.200903 -0.0425717 -0.204114 -0.11284 -0.107028 0.136773 0.302063 -0.224884 -0.49512 -0.478351 -0.137914 -0.384484 0.299557 0.322347 0.0931808 -0.280411 -0.361633 0.0565172 -0.213359 -0.218244 -0.286411 -0.442132 -0.00116336 -0.264198 -0.0606588 -0.249887 -0.167261 -0.0558109 0.415036 0.151844 0.390642 -0.343969 -0.161203 -0.176813 -0.307814 0.206136 -0.300876 -0.306743 -0.432655 -0.381006 -0.0900867 0.0867948 0.0429502 -0.458572 0.00756093 0.185716 0.161862 0.349113 -0.118718 -0.0220492 0.310484 -0.161243 0.413027 0.222414 -0.0612571 0.270802 -0.0829809 0.0172677 0.400237 -0.00312547 -0.414469 -0.0911319 0.446764 -0.253716 0.219081 -0.487975 -0.0313632 -0.462796 -0.452182 0.11942 -0.424706 -0.243745 0.00118378 0.143906 0.199743 -0.141466 -0.0458222 -0.138245 -0.162452 -0.441374 -0.274765 -0.152151 -0.34142 -0.333932 -0.495384 0.405331 0.416021 -0.0952151 -0.280889 0.320215 -0.464971 0.46173 
ground beef 0.135052 0.428221 -0.381044 -0.491236 0.168069 -0.200267 -0.16524 0.487742 -0.301804 0.208158 -0.151779 0.0703375 0.103464 -0.344979 -0.00544172 0.289688 0.159816 -0.412583 -0.351673 -0.126854 -0.139025 -0.477487 0.0382336 -0.0694981 -0.455801 0.245787 0.2139 -0.173767 -0.0517356 -0.2468 -0.270448 0.289364 0.0434532 -0.368317 0.188522 -0.496376 -0.191147 0.154032 -0.0245427 -0.395936 -0.466565 -0.172494 -0.0593665 -0.494741 -0.246518 -0.336424 -0.162201 0.260488 0.119201 -0.319799 -0.40699 -0.394451 -0.358169 -0.359382 0.11989 -0.344862 0.498402 0.267393 -0.27984 0.0583786 0.478064 -0.347227 -0.20229 -0.485478 0.491532 -0.345583 0.436071 -0.4785 -0.454625 -0.40822 -0.279024 0.221507 0.430825 -0.0108442 0.409095 -0.428861 -0.0964219 -0.295699 -0.203881 -0.223116 -0.346718 -0.14547 0.414711 -0.430706 -0.343888 0.333135 -0.414602 0.44377 0.215783 0.324198 -0.484267 -0.329678 0.289143 -0.259268 -0.355976 0.399673 0.361152 0.326656 -0.488491 -0.121128 
cumin seeds 0.372782 -0.175212 -0.269633 -0.0735869 0.858095 0.298256 0.77974 -0.487227 -0.0807515 0.567177 -0.483876 -1.02699 0.104351 0.00936978 -0.0124434 0.649984 0.17864 0.542676 0.244782 0.36661 -0.703996 -0.0156188 -0.815365 0.851811 -0.619401 0.276528 0.41811 -0.138018 0.692266 -0.465832 -0.545336 -0.0956225 0.322609 0.772016 0.117943 0.329595 -0.784926 0.389686 0.637295 -0.16933 0.603066 0.0543148 0.404214 -0.692866 -0.185347 -0.112867 0.178491 0.487026 -0.759915 0.594413 0.563001 -0.337528 -0.511036 -0.0520932 0.706392 -0.220675 0.274018 0.0270823 0.402774 -0.304933 -0.072432 0.415366 -1.11753 -0.0517949 -0.682012 0.150328 0.522346 0.149064 0.446423 0.814996 0.1699 0.157305 0.268824 0.407727 0.159067 0.600073 -0.687126 -0.224232 -0.413624 -0.169432 0.260302 0.50307 -0.808807 -0.346112 0.0721389 -0.457351 0.0280171 0.108391 0.86093 -0.398659 -0.298582 -0.402504 0.15593 -0.446682 0.204945 -0.254624 0.321432 0.0483978 -0.285792 0.241791 
apricot -0.071514 -0.419608 -0.125118 -0.159034 -0.170865 -0.50368 0.174245 -0.604042 -0.602217 0.418911 -0.301479 0.347862 0.1694 -0.0457111 0.321591 0.187511 0.286979 0.308227 0.0122305 0.182014 -0.160777 0.527525 -0.482335 -0.413791 -0.45831 0.157354 0.216766 -0.275049 0.437041 -0.483244 -0.357552 -0.491904 -0.141455 -0.347649 0.080604 0.236857 0.20659 -0.139597 0.4211 -0.0461663 -0.291841 -0.069689 -0.0261649 0.38765 0.0152186 -0.612492 0.363479 -0.35252 -0.0171386 -0.0366243 0.249287 -0.112127 -0.505888 0.429531 0.249282 0.504188 0.160137 0.197845 -0.357466 0.247185 -0.0568065 0.450581 -0.528104 0.0919448 -0.261702 -0.407331 0.106147 0.356538 0.00907005 -0.289706 -0.357294 -0.167251 0.296069 -0.00951581 -0.0540891 0.0403 -0.279628 -0.236032 -0.43791 0.257384 0.255908 0.365019 -0.247737 -0.490108 0.0771741 -0.470246 -0.168731 -0.169124 -0.301125 -0.0646422 0.588128 0.0650417 0.00449304 -0.491819 -0.857977 -0.236532 0.0888619 -0.153441 0.363885 0.206482 
Paszteciki (Polish Pasties) 0.322532 0.158762 0.367643 -0.379602 -0.0600489 0.16518 0.451402 0.449992 -0.433153 0.188809 0.411345 0.116526 0.202183 0.106111 0.0138039 0.399971 -0.302221 -0.295195 -0.392873 -0.0190011 -0.452048 0.000152833 0.425526 -0.004127 0.109228 -0.366168 0.349259 0.310103 0.256822 -0.483196 -0.412945 0.489986 -0.418553 0.37497 -0.0770879 0.299981 -0.390355 0.088714 0.114454 0.278304 0.0817469 0.161095 -0.092038 0.0284988 -0.0934439 -0.254512 -0.376403 0.192799 0.436975 0.078966 0.230356 -0.454595 -0.311069 -0.134029 -0.135117 -0.464869 -0.147895 -0.434237 -0.0895455 0.174201 0.338916 0.36837 0.105781 -0.183645 -0.387759 -0.292344 -0.212332 -0.490264 -0.247919 0.300927 0.420177 0.297502 0.0538871 -0.366767 -0.246982 0.423983 0.416711 -0.236362 -0.0595601 -0.467955 0.217305 0.444697 0.340334 -0.172372 0.194386 -0.454362 -0.277639 0.247057 0.074761 -0.411867 -0.356882 -0.417898 0.431589 0.157532 -0.0229351 -0.146054 -0.338081 0.211222 0.411495 -0.401879 
parsley -1.12184 0.34684 -0.104341 -0.408774 -0.0641857 -1.10818 0.447664 0.184481 -0.516545 -1.21115 -0.354429 -0.78626 0.438202 -0.513836 0.233171 -0.406042 0.901268 -0.298883 0.0368238 0.166834 0.981214 -0.519813 1.21423 0.32634 -0.416539 0.0540866 1.33971 -0.564138 -1.63203 -0.398106 -0.956464 0.839438 0.663788 0.894807 0.119196 0.611599 -0.750909 0.256843 0.348294 0.343773 0.501683 0.411085 -0.440027 0.128738 -0.429984 1.00971 0.394571 -0.47422 -0.191159 0.360428 0.210944 0.579647 -0.709184 0.448942 0.20517 -0.438822 0.849729 -0.288078 0.537267 -0.632549 0.364071 -0.047121 -1.5434 1.31973 -0.956892 -0.0645232 0.240124 -0.12733 -0.598938 0.386163 0.217006 0.0240443 -0.553663 -0.593333 -0.220962 0.168052 -0.837279 -0.414658 -0.626755 0.643951 -1.16361 -0.101086 -1.60201 0.392147 -0.0828796 -0.183229 0.267611 -0.183533 -0.179786 0.534181 0.462226 -1.13199 0.932794 -0.371043 -0.604797 0.725134 1.30794 -0.163157 -0.775247 -0.284181 
condensed milk -0.170411 0.569498 0.466582 0.218595 -0.123257 -0.277029 0.377128 0.274903 -0.024949 0.0636292 -0.453217 -0.245273 -0.112529 0.315243 0.0347565 0.220796 -0.212979 -0.352583 0.208444 0.00448171 0.172497 -0.295262 -0.185814 -0.136873 0.32526 0.310275 0.217755 -0.352659 -0.278614 -0.267015 -0.213616 -0.201456 -0.596058 -0.22744 -0.392131 0.282487 0.313777 0.61795 -0.0177342 0.623499 -0.487508 0.453052 0.38993 -0.300813 -0.228772 0.308319 0.0569853 0.158595 0.378781 -0.51649 0.212268 -0.191341 0.465821 -0.00836572 0.0387105 -0.225973 -0.37664 0.00557671 0.151319 0.176729 0.128362 -0.113761 0.0465613 0.400144 -0.123493 -0.161203 -0.378431 -0.350823 -0.00524051 0.0910332 0.507935 0.424923 -0.380329 -0.0675712 0.388746 0.478538 0.377862 -0.343587 -0.229661 0.647136 0.258833 -0.209592 0.064391 -0.0818911 -0.326855 -0.120636 -0.508523 0.300054 -0.734293 0.500176 0.394509 0.21165 -0.21866 0.178428 0.0422526 -0.660816 -0.113906 0.211662 0.0629956 0.566348 
apple cider vinegar -0.523371 -0.145734 -0.15834 0.637008 -0.634176 0.538089 0.868906 -0.335098 -0.46741 0.060389 -0.297805 -0.0179497 0.374303 -0.132327 0.608413 -0.320902 0.515777 -0.347219 0.188585 0.0908715 -0.0453864 0.195826 0.33747 0.126805 -0.561663 0.156713 0.0652676 0.528558 0.381922 -0.35406 -0.398481 0.479154 -0.000376711 0.0798787 -0.336538 -0.380421 -0.176189 0.257838 -0.148388 0.253332 0.000812669 -0.360711 0.0363513 -0.564295 0.569956 0.103271 0.473732 -0.0729623 -0.23871 0.624151 -0.207432 -0.0382931 0.504706 -0.540644 0.181506 -0.554169 0.105712 0.238242 -0.766412 0.482212 0.403826 -0.214993 0.125433 0.362702 -0.254858 0.333533 -0.331923 -0.291929 -0.10315 0.16959 -0.385069 -0.162699 0.42473 -0.285506 0.0104822 -0.105422 -0.0671948 -0.242216 -0.153954 -0.484674 0.417929 -0.122533 -0.471533 -0.108996 0.143051 0.237444 0.0511084 0.194939 -0.513422 -0.451193 0.568847 0.263983 0.499577 -0.163212 0.168342 0.637006 -0.562278 0.257644 0.683852 -0.561683 
yogurt -0.183398 0.342124 0.00923541 0.259452 -0.0818884 -0.00891019 0.180922 -0.284104 0.175786 -0.256489 0.218419 0.343577 0.445566 -0.538293 -0.343717 -0.0396707 0.475182 0.0505605 0.313594 -0.146186 0.219238 0.418813 -0.208369 0.430654 0.208534 -0.0535274 0.183897 -0.307025 0.22688 0.449288 -0.166094 -0.351329 -0.192407 -0.185122 0.56368 -0.107269 0.665806 -0.480625 0.109107 0.501267 -0.483507 -0.208663 0.217005 -0.192498 -0.310404 0.051395 -0.416715 0.0769649 -0.179668 -0.360579 0.512549 0.149469 0.538397 0.151257 0.197562 -0.189166 -0.0311572 -0.10559 -0.190738 -0.59189 0.30656 -0.48335 -0.0958368 0.0830968 0.54057 0.479477 -0.0422603 -0.326747 0.574587 0.238425 -0.0495619 -0.162296 -0.390103 0.117464 -0.0704016 0.149568 0.159052 0.324168 0.054854 -0.296478 -0.0456978 0.122517 -0.165995 0.41142 0.0165158 0.296124 -0.10391 -0.147609 0.346795 0.00916879 -0.0862419 -0.190341 0.320804 0.00905201 -0.216747 0.204662 -0.477473 0.383587 -0.375514 0.480996 
turmeric powder -0.308849 0.399437 -0.0238768 -0.362108 0.00719074 -0.0460524 0.0420867 0.326433 -0.37073 0.0142628 -0.438257 -0.103045 -0.250379 -0.00953731 -0.16058 0.266844 0.129942 -0.598397 -0.275165 0.0353183 -0.0703492 0.317261 -0.0320658 -0.288074 -0.593793 0.281147 0.226422 -0.342966 0.0830974 0.206772 0.323714 0.441532 0.503912 -0.170693 0.431266 -0.459171 0.545952 -0.174646 0.328596 -0.285541 0.0602619 -0.203868 -0.239525 -0.410813 0.336061 -0.207836 0.0913148 0.0371421 -0.485793 0.313195 -0.0410981 -0.447536 -0.219671 -0.391501 0.161516 -0.0436663 0.218774 -0.0225693 0.1434 -0.444902 0.675123 0.360208 -0.253203 0.681892 0.384263 0.0908281 0.501912 0.135483 0.214138 -0.0795981 -0.210972 0.345619 0.234046 -0.570491 0.269807 0.203062 -0.130325 -0.103247 -0.00259731 0.262223 0.00301107 -0.224426 0.04934 0.450006 0.146174 -0.138872 0.480357 -0.328278 0.201984 0.271094 -0.320255 0.324821 0.369006 0.03841 0.117147 0.0605576 0.0976846 0.10967 -0.0959326 0.323582 
spaghetti 0.0902232 0.17257 -0.531744 0.709084 0.0939576 -0.164904 -0.0386788 -0.0724875 -0.227052 -0.128767 -0.0831586 0.659237 -0.4859 -0.5254 -0.265054 -0.570756 -0.194115 0.184914 0.0256183 -0.244709 0.275186 0.484638 0.225287 0.0573012 -0.507703 0.502559 -0.695433 -0.00564847 0.240535 0.306114 -0.492347 -0.28993 -0.344282 -0.345612 -0.52998 0.362614 -0.500323 -0.165127 0.541791 -0.332978 0.508866 -0.383592 0.0276038 -0.0433599 -0.715115 0.757674 -0.321107 0.302327 -0.573812 0.32983 0.0504325 -0.028991 0.175289 -0.192738 0.641461 0.308719 -0.267403 0.255874 0.167402 -0.339275 -0.097207 -0.581197 0.0131291 -0.653505 0.735759 0.121737 -0.0781532 -0.331047 -0.162771 0.0395748 0.529274 -0.398507 -0.7423 0.0784332 -0.220942 0.089133 -0.387131 -0.397347 0.201493 -0.760396 0.373789 -0.145097 -0.424564 0.657517 -0.2842 -0.265104 -0.524181 0.318081 0.0415603 0.248301 0.0622997 0.630298 0.169809 -0.841139 0.172887 0.693423 -0.331971 0.103803 -0.120804 -0.383908 
vanilla -0.105434 -0.265599 0.588979 -0.22332 0.486578 -0.479043 0.129175 -0.491577 0.426848 0.0571843 0.00243756 -0.556993 -0.0637437 0.0701867 -0.687794 0.237259 -0.0450802 0.11867 -0.0960509 0.353854 0.0753304 0.0179592 -0.218324 -0.236551 -0.284329 0.0711052 -0.230794 -0.563532 -0.409494 0.427329 -0.302615 -0.0504129 0.399047 0.236518 -0.466626 -0.0279078 0.313573 0.114124 0.0618539 -0.238089 0.458302 -0.234415 -0.406299 0.639946 -0.37536 -0.113239 -0.488405 -0.062187 -0.175147 -0.0481231 0.286572 -0.336836 0.360682 0.0594123 -0.379622 -0.390294 -0.433976 0.290173 0.493377 0.410406 0.130161 0.373553 -0.237693 -0.0123952 0.154575 -0.37678 -0.217651 -0.210197 0.406874 0.523535 -0.110933 0.374976 0.472267 0.585988 -0.0319178 0.140195 -0.216711 -0.2655 -0.0801246 -0.184168 -0.270064 -0.0692038 0.105839 -0.0348727 0.355665 -0.22141 -0.302266 0.356575 0.531431 0.206472 0.245499 0.603271 -0.31858 -0.331191 -0.216928 -0.258969 0.145855 0.64255 0.168025 0.13767 
flax eggs 0.251985 0.222219 -0.024532 -0.285188 0.00526519 -0.374657 0.706573 -0.200167 -0.392074 0.577151 0.144951 -0.0929211 -0.131501 -0.164391 -0.0270549 -0.115995 -0.229907 0.0946935 0.430007 -0.274944 0.118237 0.0507326 -0.257204 -0.134512 -0.290291 -0.304987 -0.0403641 -0.36193 0.189985 -0.419524 0.211371 0.277222 -0.559338 0.663535 0.0208249 -0.693716 -0.0400093 -0.00952016 0.265969 0.36749 -0.190851 -0.056001 -0.120157 0.0167427 -0.48329 0.00709709 -0.425203 -0.117241 0.331068 -0.344237 0.180009 -0.363112 -0.317558 0.301712 -0.441883 -0.272607 -0.220797 -0.11507 -0.0543877 0.461769 0.404235 0.143125 -0.322821 0.0391911 0.142723 0.233519 0.172639 -0.550295 -0.260094 -0.085674 0.0534764 -0.0533658 -0.223768 0.00999876 -0.129306 0.0742953 0.266422 0.145987 -0.210555 0.247332 0.422155 0.361642 0.260716 0.269143 0.26577 -0.0972858 -0.443509 -0.368211 -0.238178 -0.459266 0.205227 0.103349 0.236691 0.366852 0.481472 -0.243925 -0.697247 -0.047331 -0.00966386 0.388816 
Beef Caldereta 0.179798 0.203141 0.145694 -0.424456 -0.4324 0.3858 -0.455178 0.354026 -0.485089 0.443843 0.135227 -0.461097 -0.168196 -0.295826 -0.0203884 -0.117365 -0.367832 0.423189 0.462902 0.147989 -0.345064 -0.0604677 0.123006 0.335476 -0.0882726 0.0557093 0.467394 0.170749 -0.194405 -0.271065 -0.118327 0.340143 0.00347107 0.340847 0.294142 0.36839 -0.00390686 -0.453729 -0.185502 -0.447078 0.174085 -0.154165 0.451368 0.275729 0.0187835 -0.162608 -0.491981 0.228499 -0.290629 -0.0261814 0.0467891 0.358453 0.303981 -0.449114 0.265624 -0.0860883 -0.037625 -0.306038 -0.31037 0.293274 0.410176 0.437706 -0.0509822 0.239855 0.492344 -0.482851 0.167304 0.0271903 -0.194199 0.378117 -0.184046 0.195769 0.301541 0.224074 0.416549 -0.0915903 -0.145803 0.0906327 0.443652 0.40213 0.228705 0.157508 0.496003 0.456722 0.312192 0.476603 0.114589 -0.0543628 0.419395 -0.344705 -0.338409 0.428877 -0.103578 0.23572 -0.0648035 -0.0830365 0.272262 -0.45546 0.371517 0.256331 
celeriac 0.427093 0.600724 0.213448 -0.653517 -0.547999 0.758581 0.286915 -0.0606759 0.172016 -0.0796698 -0.724453 -0.253613 -0.236856 0.0117351 0.625065 0.220097 -0.443003 -0.0100099 -0.539975 0.430894 0.184122 0.240161 -0.243946 -0.301061 0.351518 0.260951 -0.438264 0.0444082 -0.226686 0.48731 -0.271785 -0.33833 0.329769 -0.234563 0.431925 0.133358 -0.312885 -0.331109 0.432892 0.327291 -0.439993 0.260029 0.39387 0.152357 -0.0750765 0.192864 0.450463 0.394852 0.169777 0.0878957 -0.0423307 0.37057 0.475307 -0.475786 0.319159 0.211727 -0.525179 -0.0388852 -0.552006 0.469017 0.243278 0.0100094 -0.509504 0.225251 -0.40789 -0.472994 0.254049 0.156764 -0.344728 -0.0522886 0.0326338 0.298121 0.128709 0.544587 -0.499501 -0.433544 0.310462 -0.0750608 -0.195771 0.252756 0.644306 -0.0784326 0.0838244 -0.310197 -0.30092 0.126144 -0.389208 -0.115179 -0.465517 0.383765 0.216698 -0.038333 0.108433 -0.242219 0.128509 -0.0850621 0.108935 -0.455212 0.0466536 0.111171 
Chicken Karaage 0.110309 0.0907218 0.270445 0.113874 -0.239843 0.526124 0.489796 0.27733 -0.0826039 0.33019 -0.379434 0.157847 0.182156 0.132042 -0.256188 0.464089 0.446033 0.557846 -0.0172616 -0.270404 -0.26833 -0.435339 -0.145541 -0.436146 -0.308931 -0.018318 0.22351 -0.255109 -0.212756 -0.0808948 -0.126322 0.299003 -0.378609 0.248696 0.330542 0.2646 -0.234635 0.112245 -0.531171 0.505899 0.254532 -0.472953 0.190742 -0.144524 0.31631 -0.254889 -0.0714955 -0.0985175 0.64206 -0.0764043 -0.0616185 -0.0914096 -0.435505 -0.433521 -0.215945 0.0553344 -0.264766 -0.255107 0.0419326 -0.416978 0.199425 0.224544 0.284112 -0.278243 -0.287289 0.256735 -0.399767 0.0864767 -0.506282 -0.537736 -0.318828 0.0170929 0.0164959 -0.321088 -0.243623 -0.337905 0.222116 0.212041 0.0884196 0.356901 -0.217982 0.522595 -0.101691 0.482954 -0.383573 -0.171068 -0.584983 -0.217256 0.350459 0.208993 -0.37962 0.391844 -0.135488 -0.265659 -0.0252155 -0.0684772 0.359795 -0.213934 -0.323562 -0.257101 
nutmeg -0.114871 0.266495 -0.652275 -0.232017 0.0670069 -0.046941 0.495033 0.0972052 -0.185231 -0.0120229 0.683031 -0.432769 0.223303 -0.0331283 0.254501 0.0637062 -0.160741 -0.43511 -0.0127612 0.301154 0.444759 -0.00590402 0.1601 -0.0153019 0.345821 -0.208937 0.276712 -0.162067 0.440757 0.450889 -0.244189 0.475498 -0.107347 0.0888402 -0.190881 -0.333873 0.372309 -0.164001 0.772698 0.503942 0.262619 -0.17854 -0.187847 0.551035 0.267616 0.524518 -0.394508 0.0252711 -0.500778 -0.380136 -0.422266 -0.309365 -0.73424 -0.203634 0.120302 0.656288 -0.237262 0.0767116 0.286193 0.544773 0.447885 0.6204 -0.151042 0.474423 -0.563639 0.105201 -0.312267 0.535035 -0.197409 -0.139273 0.57492 0.666859 -0.371823 -0.380339 -0.496238 0.346574 -0.614216 0.0550356 0.292908 0.421573 0.535377 -0.317671 -0.158177 -0.221189 -0.231193 -0.332928 0.525466 0.820206 -0.410516 0.358623 0.154813 -0.126555 0.426684 -0.643554 -0.161545 -0.243226 -0.234976 0.130427 -0.0437049 -0.0644111 
self raising flour 0.525821 0.0915297 0.398714 0.152899 -0.00403157 -0.10849 0.0802671 0.380129 0.154551 0.0355369 -0.44772 0.699068 -0.11308 -0.552039 -0.6822 0.365018 0.111404 -0.629677 -0.290642 0.133281 0.247603 -0.165358 0.359508 -0.180529 0.24782 0.0968086 -0.624636 -0.453725 0.453154 -0.474653 -0.249538 0.0712024 -0.280396 0.695438 -0.242288 0.281314 0.491409 -0.162376 -0.0549262 0.332793 -0.166425 -0.191136 -0.405596 0.797912 0.281241 0.167731 0.0168789 -0.28314 0.37832 -0.617503 0.449182 0.232157 0.153743 0.107575 -0.12838 0.0704568 -0.348366 -0.513735 -0.222357 0.848249 -0.0910131 0.589587 0.0277027 -0.396314 0.446896 0.315963 0.0883542 0.467593 0.439015 -0.527286 -0.583787 -0.00613871 0.279225 -0.287033 0.298107 -0.128345 -0.0722423 0.336309 -0.426146 -0.126459 -0.115 0.629407 -0.184383 -0.253964 0.343475 -0.345476 -0.913194 -0.232113 -0.036836 -0.291982 -0.222152 -0.268029 0.208242 0.178952 0.294519 0.172367 -0.319909 -0.031086 -0.292129 0.617175 
buckwheat 0.420936 0.291825 0.266991 -0.0342756 0.251166 -0.115328 0.199695 0.281296 -0.300323 -0.421374 -0.177576 0.0876554 -0.346283 -0.261942 0.140794 -0.166309 -0.129972 0.085948 -0.454849 0.0136868 -0.347491 0.47478 0.187647 -0.0566025 -0.35565 0.379088 -0.140606 0.312473 -0.268083 0.126472 -0.0927788 0.144487 -0.370634 0.242121 -0.49867 -0.0740284 -0.0498177 -0.218027 0.16336 -0.284253 -0.444646 0.10706 -0.459102 -0.203867 0.475249 -0.07238 0.304919 0.0379631 0.0286751 -0.2276 -0.45002 0.345888 -0.0279301 0.322513 -0.0233094 0.0905224 -0.441505 -0.0318097 0.131301 0.350283 0.0876302 -0.301351 -0.294437 -0.469778 0.199491 -0.162523 0.0146532 0.154217 -0.0190841 -0.273558 0.366038 0.264319 0.43328 -0.291316 -0.217991 0.0779899 0.428842 0.101319 0.289019 0.471713 -0.23258 -0.311585 0.243454 -0.0934041 0.0725951 0.344864 0.307312 0.483796 -0.147721 0.388531 0.00364397 0.0854417 0.291073 0.191967 -0.0752338 0.128754 0.283368 -0.410165 -0.149033 0.0515056 
oil -0.323725 0.343173 0.0696268 -0.500183 0.103857 0.554436 0.209891 -0.198018 -0.0204915 -0.209396 0.272202 -0.523669 0.834395 -0.523547 -1.02045 0.0168152 0.16941 -0.38804 -0.119909 -0.058198 0.824257 0.130057 -0.0641082 -0.72969 -0.368191 -0.062592 0.342449 -0.0708838 -0.44186 -0.298413 0.0497197 0.465609 0.300777 -1.00468 0.499089 -0.208547 -0.590569 -0.132022 -0.235175 -0.514516 0.129073 -0.0995256 0.702651 0.590795 0.431803 -0.0452549 0.0205007 0.363209 -0.609543 0.461021 0.133036 0.134566 0.0736194 -0.157346 0.320643 -0.46959 -0.473022 -0.0999227 -0.0276676 -0.150209 -0.154208 -0.630843 -0.43447 -0.892243 -0.135012 -0.377003 -0.506307 -0.194004 0.177926 0.508699 -0.0556195 0.307956 -0.409012 0.386047 -0.0989771 0.398425 -0.160144 -0.128745 -0.0315796 -0.0961763 -0.483862 -0.0186558 0.44613 0.217672 0.0610513 -0.751848 -0.287958 -0.204668 0.225658 -0.691248 -0.866892 0.589788 -0.0485562 0.25226 -0.504391 0.721073 -0.0300098 0.147459 0.40449 -0.420834 
dark brown sugar -0.270113 0.193241 0.0225735 -0.596933 -0.470566 -0.221094 0.0365742 -0.144536 0.173001 0.353692 -0.126792 0.114499 -0.307091 -0.392559 0.426552 0.204752 0.164984 -0.456166 0.108513 0.238701 0.345291 0.242354 0.532 0.0327672 0.346943 0.358187 -0.190283 -0.204255 0.658686 0.318111 -0.250497 0.20286 -0.360716 0.0375225 0.39073 -0.1974 -0.297062 0.402439 -0.338325 -0.252613 -0.471866 -0.287488 0.195571 -0.110597 -0.523121 0.697856 0.169796 0.274994 0.0845245 0.0811871 0.122495 -0.556582 0.13318 -0.0321372 0.059733 -0.0668226 -0.451524 -0.34546 0.00775993 -0.0524753 0.318277 0.524656 -0.537503 0.0359317 0.0327178 -0.380144 0.259915 0.183706 0.258823 -0.128559 -0.24106 0.102103 0.207214 -0.446506 0.0327177 -0.0354817 -0.548136 -0.248485 0.290189 0.428728 0.0214984 0.432571 -0.0595265 0.216162 -0.236477 0.291807 -0.053412 0.609726 0.0369362 -0.401575 0.00287034 0.0605598 -0.288634 -0.280953 0.630691 -0.38912 -0.164476 -0.364516 0.0466655 -0.390915 
muscovado sugar 0.625747 -0.234466 0.301591 -0.159307 -0.00905892 0.0212773 0.0534756 -0.48685 0.759861 0.253333 0.208686 0.449036 -0.187313 -0.441931 0.190968 -0.0972598 -0.391144 0.0719227 0.219035 -0.177638 -0.202304 0.133059 -0.151587 0.0402776 -0.246251 -0.4833 0.120039 -0.2485 -0.49115 0.19525 0.30348 -0.311301 -0.429945 0.128591 -0.198451 0.116198 -0.734948 0.192216 -0.234324 -0.469304 0.465491 0.343284 0.167811 0.37137 -0.010096 -0.345416 -0.0600021 -0.218755 0.146433 -0.339397 -0.167197 -0.00705037 -0.236048 0.471447 0.301207 -0.389671 -0.0232823 -0.43755 0.0973488 0.416785 -0.0956264 0.608244 0.220625 0.455777 0.281891 -0.0140858 -0.127785 0.329238 0.0664064 0.336761 0.336268 -0.297477 0.219777 0.0907037 -0.150625 0.353781 0.210432 0.468637 -0.454218 -0.208006 0.0685725 -0.131139 0.328044 -0.0152578 -0.380233 -0.434151 -0.068176 0.123181 0.507798 -0.572122 -0.112657 -0.339635 0.240866 0.485804 -0.165435 0.352679 0.46715 0.328747 0.470197 0.058545 
baby aubergine -0.408806 0.274364 -0.0394721 0.325059 -0.42746 0.157275 0.47787 0.380352 -0.265423 0.0913715 0.349058 -0.200655 -0.0541439 0.145069 0.240576 0.365798 0.0130718 0.169557 0.410948 -0.085573 -0.403629 -0.00209102 0.0988328 0.334732 0.148335 -0.293405 0.316013 0.438916 -0.0558456 -0.314908 -0.147063 0.278485 -0.0738332 0.377071 -0.473414 -0.191078 0.471965 0.46215 0.042373 0.00454437 -0.447405 0.18616 -0.325349 -0.258697 0.312346 -0.219601 0.222751 0.144799 0.264363 -0.0116937 0.0253131 0.278061 0.0190616 0.2076 -0.490606 0.0136758 0.124567 -0.465386 0.0285438 0.195379 0.00222618 0.322629 0.36986 0.383007 -0.0761472 -0.486651 0.396073 0.0257915 0.152425 -0.362011 0.483061 0.0948683 -0.0192379 -0.125746 0.016913 -0.48764 -0.334755 0.102305 -0.0815994 -0.332122 -0.252918 0.336526 -0.169929 -0.362589 0.0801556 0.424676 0.232774 -0.255083 -0.275299 0.483734 0.244781 -0.194587 -0.0680321 0.151142 0.297858 0.429503 0.333555 0.449801 -0.221337 0.475054 
kosher salt -0.201888 0.560431 0.0338158 -0.113306 0.14042 0.161162 -0.386223 -0.294183 -0.218696 0.240968 0.156357 -0.185035 0.0383345 -0.362853 -0.24697 0.313666 -0.220023 0.167207 0.610764 0.0741564 -0.266843 -0.327244 0.131911 -0.311874 -0.459707 0.374241 0.345434 0.149381 0.589023 -0.209326 -0.414048 -0.0673021 -0.574373 -0.0621283 0.353684 -0.0267005 0.0554575 0.28525 0.318712 0.414868 0.0325807 -0.0227009 0.287669 -0.498105 0.105076 -0.244273 0.198792 0.411548 -0.0966468 -0.155049 -0.38514 -0.296669 -0.230142 -0.186675 0.538714 0.226804 0.450396 -0.569025 0.565168 0.362993 -0.464873 -0.165925 -0.490699 -0.242351 0.426395 -0.214452 -0.376 -0.424545 -0.294671 -0.102781 -0.119779 0.218195 0.195215 0.606226 -0.0259231 0.21731 0.439213 -0.442135 0.106126 -0.425179 0.259598 0.595429 0.431057 0.173142 -0.172073 -0.421059 -0.390458 -0.225954 0.12449 -0.585986 0.292358 0.790175 -0.461825 0.202604 0.292671 0.206286 -0.326166 -0.362186 0.514649 -0.466145 
salt cod 0.179137 -0.133355 0.0547436 -0.0715065 0.361767 0.120825 -0.205447 0.492843 -0.254586 0.498948 0.198709 -0.17363 0.203593 0.492291 0.0652502 0.0232548 0.0245823 -0.0759123 -0.400073 -0.267301 0.450518 -0.0213406 -0.0366037 -0.34533 -0.0886675 0.016056 -0.130593 -0.180605 0.135113 -0.401813 -0.415307 0.249195 -0.146299 0.401346 0.456711 -0.183781 -0.221196 -0.127003 -0.0122933 -0.00689497 0.345855 -0.472744 0.408908 -0.0471527 0.1774 0.18395 -0.122612 0.313568 0.207727 0.350926 0.0486439 0.0184955 0.216208 -0.312928 -0.18847 -0.0164413 -0.341486 0.151754 -0.148779 -0.3299 0.076449 0.0717163 -0.0573648 0.312092 0.233378 0.386987 -0.412011 0.440868 -0.265848 -0.156294 -0.0175051 -0.416935 0.49667 0.269606 0.427555 -0.362658 -0.368095 -0.357605 0.0918109 0.434447 -0.244629 0.229238 -0.0879245 -0.0815376 0.125414 0.424244 0.197878 0.0114532 -0.292889 -0.0711998 -0.4388 0.166138 -0.390147 0.430151 0.380346 0.315528 -0.141722 -0.211058 -0.10816 0.227844 
maple syrup -0.0834833 0.472965 0.134117 0.199154 0.182597 -0.00358765 -0.168419 -0.0614185 0.294109 -0.383638 -0.239305 -0.106163 0.492068 0.031015 -0.0482616 -0.0713194 -0.390405 -0.143056 0.177783 0.149364 0.212135 -0.177616 -0.477503 0.15587 0.0584419 -0.0135039 -0.102288 -0.132133 -0.461278 0.0315218 -0.107309 -0.44834 0.15379 0.344736 -0.200763 0.0744023 -0.0239398 0.206001 -0.110351 0.306127 0.260576 0.128152 -0.00562982 0.493999 -0.470671 -0.158798 0.180972 0.241074 0.0446381 -0.120948 0.29854 0.417542 0.0928827 -0.482371 -0.138542 -0.461039 -0.230339 0.238767 -0.400222 0.0432711 0.048961 0.256913 -0.330067 -0.0683856 0.29314 0.290704 -0.00557393 -0.182197 0.29706 0.257316 0.020184 -0.00325544 0.125784 -0.260252 0.499942 0.246077 -0.437562 0.363748 -0.176556 0.153844 -0.0313494 0.317244 -0.0622713 0.0697031 0.125502 0.0536903 -0.497548 -0.138738 -0.486527 0.0327734 0.158098 -0.195051 -0.0247484 -0.272406 -0.116723 0.137069 0.208476 -0.485745 0.367079 0.412135 
black treacle -0.102326 -0.202314 -0.339245 -0.272837 0.664818 -0.270662 -0.0522089 -0.628387 0.18111 0.190403 0.241396 0.077219 -0.129179 -0.288814 0.0819815 0.317418 -0.259728 -0.406544 0.730209 0.264997 0.20121 0.237434 -0.0238887 0.237544 -0.32581 0.551142 0.565257 0.0355832 -0.0495675 0.492303 0.0870313 0.617116 -0.297587 -0.181046 -0.364533 -0.225712 0.484933 -0.110485 0.231498 -0.48689 0.356476 0.594406 0.724819 -0.358623 -0.371079 0.529777 -0.426753 -0.424646 -0.222387 0.707029 0.11882 0.237995 -0.338822 -0.354321 -0.0634992 -0.0712412 0.504203 0.121585 0.468964 -0.590114 0.0838937 -0.240901 -0.0438133 -0.136412 0.32997 0.356114 0.14233 0.131274 0.374184 0.0700776 -0.285551 -0.205759 0.192675 0.897237 0.0139275 0.15061 0.217672 -0.461429 0.492812 0.0810234 0.450541 0.468385 -0.444598 0.218663 -0.360425 -0.406533 -0.0525764 -0.452476 -0.0444665 0.321513 -0.60601 0.28644 0.130195 -0.202431 -0.0635781 0.550688 -0.24689 0.713912 0.0700774 0.361238 
Key Lime Pie 0.150347 -0.13465 0.464698 -0.251447 0.348284 -0.496291 0.160489 0.0516748 -0.165221 -0.369288 -0.307058 0.281288 -0.258537 0.0624677 -0.349865 -0.139113 0.0779395 0.0862109 -0.458934 -0.0614715 -0.0722979 -0.453058 -0.0564237 0.072633 0.0977079 0.360557 -0.290478 0.383468 0.124905 0.467149 -0.0161558 0.37182 0.209234 0.225012 -0.233824 0.335864 -0.0612308 -0.449554 0.0254231 -0.131827 0.293334 -0.0504261 0.168802 0.336829 0.0967881 -0.283101 0.00602772 0.230592 0.421898 -0.406076 -0.0690547 0.491578 0.0511303 -0.356327 0.219663 -0.394406 -0.0693454 -0.102644 -0.181078 -0.167801 0.444434 0.11228 0.00315263 -0.090953 -0.185075 -0.0607725 -0.429184 0.462453 -0.265705 0.0694165 0.39987 0.364212 -0.281182 -0.111345 -0.282501 0.323552 0.486462 0.0285819 -0.0420479 -0.108525 -0.211092 0.48353 -0.199381 -0.287844 0.344312 -0.0540016 0.145427 0.390093 0.0448135 -0.498536 -0.2039 0.209583 0.427981 0.213055 -0.374799 -0.378644 -0.430189 -0.0153845 0.356455 0.182243 
bicarbonate of soda -0.0555517 -0.23619 0.146664 -0.314071 0.476434 0.437846 -0.378845 -0.00548241 0.50129 0.20381 0.338611 -0.333102 -0.162034 0.427655 -0.00742905 -0.387735 -0.0488164 0.393523 0.33347 -0.0377614 0.527184 0.316285 0.0377491 0.262566 0.182697 -0.0744593 -0.147281 -0.0213692 -0.614344 0.0250834 0.384579 0.313008 -0.358438 -0.032058 -0.284812 0.343039 -0.227354 0.364871 -0.165202 -0.141876 -0.295142 0.502519 0.136477 -0.702068 -0.617603 -0.386485 0.227748 0.356326 0.0909336 0.276256 0.0212974 0.436484 -0.61567 -0.459402 -0.400889 -0.391864 0.303835 0.167451 0.151704 -0.381453 -0.412643 -0.0386857 -0.185999 0.0399347 0.272598 0.499128 -0.368458 0.412683 -0.072851 0.313789 0.327065 -0.0434455 -0.338034 0.355343 -0.0537162 -0.653411 0.163344 0.208364 0.0471413 0.284733 0.377825 -0.10749 0.420918 0.0834128 -0.311787 -0.0624033 -0.516314 -0.561299 -0.567087 0.0613688 -0.140752 -0.0759873 -0.355816 -0.333794 -0.380359 -0.327934 -0.164013 0.3411 0.210083 -0.116094 
bread -0.337409 0.622163 -0.364458 -0.117249 -0.0715719 -0.423243 -0.0808979 -0.0591021 0.188607 0.107156 -0.101992 -0.243573 0.229307 -0.0662239 0.563519 0.677131 0.514063 -0.00474019 -0.248343 -0.0324315 -0.27315 0.298925 -0.116635 -0.13843 0.43106 0.648031 0.207399 0.0234299 0.019343 -0.178539 0.108011 -0.167765 0.174971 -0.0898603 -0.681557 -0.306425 -0.37902 -0.232839 0.735295 -0.559484 0.230738 0.311362 -0.149939 0.242177 0.18356 -0.150613 -0.167213 0.549482 -0.129904 0.0210691 -0.318989 0.0796004 0.588514 0.287782 0.549695 0.0818083 0.0134877 0.359366 -0.367325 0.0577041 0.16679 -0.587335 -0.250532 -0.138324 -0.429622 -0.139926 1.00266 -0.199572 0.21584 -0.292453 0.436186 -0.234647 -0.260693 0.116922 0.234826 -0.492582 0.314517 -0.257502 0.180927 -0.344956 -0.114996 0.302685 -0.0868623 0.450388 -0.767774 0.280085 0.469158 -0.135896 -0.245823 -0.544275 -0.141038 0.466391 -0.103916 0.365181 -0.331504 0.514658 0.559244 -0.114373 0.68224 -0.331108 
double cream -0.243028 -0.142996 -0.435078 0.166722 -0.693236 0.172018 0.349545 -0.357913 0.216785 0.231117 -0.0709509 -0.112863 0.0949601 -0.0453556 0.0269941 -0.288359 -0.188378 0.157484 -0.495547 0.231846 0.159755 0.632357 0.707809 -0.650011 0.536576 -0.180224 0.0826865 -0.021295 -0.41172 -0.131685 0.368742 0.981203 0.457075 1.03964 0.319086 0.499409 0.151326 0.348506 -0.00488159 -0.290892 0.545021 -0.211075 0.476478 0.0680967 -0.0625921 -0.0747475 -0.0176957 -0.45484 -0.294015 -0.515155 0.121948 -0.477714 0.232751 -0.589512 1.17879 -0.88969 -0.171558 -0.756835 -0.721322 -1.12383 -0.124115 0.203495 0.958034 0.173951 -0.267522 0.0326189 0.581393 0.287378 -0.221256 0.292854 -0.199284 -0.722504 0.429369 0.482604 -0.75755 -1.01233 0.123282 0.851096 0.793274 -0.577972 -0.0416513 -0.232008 0.735733 0.648604 0.257386 0.0788203 -0.10026 0.169273 0.663084 -0.0987734 0.0544392 0.892674 0.644937 0.246004 0.46764 0.0669829 0.436046 0.23328 -0.56893 0.0378467 
gruyère -0.287399 -0.247927 -0.350755 0.329199 -0.439505 0.558573 -0.255807 0.060871 -0.0792548 0.032932 0.474722 -0.359374 0.466255 0.057591 0.182085 0.396049 -0.239169 -0.674488 -0.549257 0.618833 0.687043 -0.142292 0.225807 0.10954 -0.0776917 -0.189922 -0.267081 -0.790228 -0.156459 -0.023623 -0.215766 -0.356831 0.181068 0.266811 -0.271796 -0.265886 -0.679647 -0.595311 0.223544 0.195062 -0.0613737 -0.0635268 -0.126996 0.101917 0.674383 0.557121 0.194867 0.297816 -0.143474 -0.378316 -0.33982 0.24143 -0.207866 -0.173067 0.465322 0.717676 -0.481567 0.540945 0.307032 0.102728 -0.108751 0.316752 -0.509246 -0.340651 0.0862636 -0.229925 -0.619635 -0.257141 0.460664 0.334405 -0.00110116 -0.352804 -0.247278 -0.457383 0.0211003 -0.264996 -0.619644 -0.00596499 -0.584776 -0.41177 -0.3542 0.0247389 0.180156 -0.492272 -0.66846 0.262994 -0.303541 0.2807 -0.172574 -0.458336 -0.0437822 0.0351735 -0.0924742 0.484546 -0.425098 0.458674 -0.0628218 -0.0368445 0.152597 -0.183389 
rigatoni 0.0136963 -0.517655 0.284974 0.429735 -0.476489 0.357905 0.321495 -0.790983 0.37528 -0.049038 -0.564382 0.717639 0.267834 -0.354868 -0.403688 -0.159497 -0.504024 0.477701 -0.487205 0.0160773 0.264363 0.141064 -0.818787 -0.0427251 -0.265432 -0.0646463 0.415354 0.246144 -0.403847 -0.0215468 0.499847 -0.0761166 -0.188505 0.528859 -0.31697 0.305894 -0.249193 -0.168173 0.211006 -0.34764 0.330076 0.319299 0.350947 0.232163 0.4985 0.0840248 -0.136391 -0.0380011 -0.0866647 0.28425 -0.116095 -0.244986 -0.0133225 -0.319658 -0.443964 -0.00565917 -0.136599 -0.0429981 0.100936 -0.305026 -0.347152 -0.695115 0.49485 -0.12394 0.166338 -0.226887 -0.229505 0.329076 -0.362219 -0.691054 -0.195912 0.183587 0.048184 0.0653189 -0.353845 -0.67522 0.0572569 -0.413072 0.191898 -0.0546151 -0.056212 -0.118075 -0.102926 0.019769 0.238578 0.433895 0.313223 -0.330034 0.230138 0.468819 -0.154926 -0.593889 0.0989182 0.372037 0.680326 0.136302 -0.36041 -0.0267486 0.0318211 -0.413402 
truffle oil -0.251187 -0.496081 -0.360998 -0.22356 -0.40721 0.0378438 -0.242656 -0.428947 0.0529117 0.0306677 -0.196862 -0.399598 0.0514109 -0.212908 0.383264 -0.144113 -0.10956 -0.383992 -0.215113 0.161455 -0.209256 0.301029 0.408117 0.495788 0.481489 0.136179 0.370742 -0.244855 0.187743 -0.20083 -0.4955 0.0410031 0.223312 0.097837 -0.442241 0.307937 0.0821836 0.379615 0.362424 0.100274 -0.310877 -0.317879 -0.076414 0.362307 0.441776 0.0915764 -0.127199 0.0902845 0.164044 -0.0382041 -0.358626 -0.478976 -0.12519 -0.349186 0.197179 -0.110546 -0.495917 -0.187981 0.306817 0.36652 0.145598 -0.314638 0.13896 -0.226235 -0.288193 -0.0280765 -0.0788439 0.164663 -0.210373 -0.260541 -0.0211437 -0.0119915 -0.363271 -0.361056 0.335017 0.0381916 0.382046 0.452493 -0.258697 0.315474 -0.077011 -0.418147 -0.448919 0.227703 -0.487338 0.397833 0.0208466 0.433999 0.12759 0.314668 0.300502 0.0779796 -0.163227 -0.261941 0.268328 0.394923 0.376828 -0.117337 -0.382732 0.250031 
dark soft brown sugar 0.455252 -0.299965 -0.301164 -0.171341 0.0528621 -0.195761 0.221659 -0.171579 -0.00490444 -0.0709391 0.252968 0.128631 0.10235 0.554557 0.62078 0.290842 -0.356771 0.439836 0.251021 -0.476489 0.188956 0.362256 -0.550726 0.161144 0.272045 0.0898843 -0.534098 -0.36322 -0.874233 -0.255365 -0.215278 -0.104579 0.06135 -0.0127817 -0.242038 0.276258 0.435908 -0.268848 -0.334417 0.351286 -0.335545 -0.411903 0.436606 -0.72378 -0.227139 0.67905 0.304344 -0.259112 0.160508 0.127852 0.0708148 -0.216425 0.611212 0.371711 -0.221823 -0.590046 -0.337753 0.227192 -0.782176 0.272419 -0.126587 -0.380164 0.232353 0.0675155 0.0550598 0.239859 -0.0457032 0.309878 -0.46095 -0.181528 0.158213 -0.30202 0.228347 0.203718 0.0746218 0.027567 -0.0502804 0.231774 -0.133098 -0.643966 0.0559283 0.482596 0.606916 0.432474 0.412477 0.112472 0.145255 0.23504 -0.128749 0.401989 0.188284 0.538979 -0.448842 -0.318099 -0.346097 0.00709957 -0.220656 -0.155228 -0.468354 -0.404922 
Mbuzi Choma (Roasted Goat) 0.316799 0.453279 -0.100815 -0.0470807 -0.343629 -0.422955 -0.470324 0.441066 -0.139947 0.0832152 -0.172213 -0.391015 0.3404 0.363308 0.499316 -0.395229 -0.206329 -0.284513 -0.485259 -0.0373611 -0.00466084 0.426608 0.490942 -0.0600907 -0.457474 -0.307636 -0.319879 0.393532 0.0646424 0.219112 0.0301921 0.263235 0.363258 0.393516 -0.341964 0.49198 0.43945 -0.233522 -0.448659 0.0422471 0.104267 -0.375116 -0.20421 0.000981535 0.361751 0.236897 0.351198 0.255589 0.194197 -0.328756 -0.350981 0.223368 0.471691 -0.39307 0.469681 0.4219 -0.451276 -0.166738 -0.0787165 -0.224911 0.149661 0.112981 0.0928082 -0.00701507 -0.0389341 -0.0936679 -0.479001 -0.330821 0.271379 -0.414904 -0.47735 0.455505 -0.200686 0.336817 0.24549 -0.136114 0.122896 0.0631816 -0.449921 -0.464064 0.275642 -0.42457 0.0484315 -0.365113 0.462333 0.0817389 -0.182693 0.0353901 0.113392 0.498402 0.464434 0.234838 -0.208088 -0.0597544 -0.499197 0.0733418 -0.0542474 -0.288381 0.098563 0.0725144 
christmas pudding -0.203494 0.295877 0.0101836 0.139788 0.186049 0.521138 -0.153337 -0.289574 -0.267095 0.347694 -0.0452136 0.31564 0.153179 0.260149 -0.12332 0.479574 0.371753 0.00235284 0.46112 0.12477 0.498921 -0.382524 -0.251279 0.0456991 -0.0629727 -0.353692 0.391144 -0.543001 -0.347181 0.126116 -0.5754 0.261719 -0.307696 -0.329673 0.214974 -0.18371 0.135108 0.359036 -0.0535211 -0.360082 -0.0758224 -0.585821 -0.107226 -0.183873 -0.139336 0.596439 -0.426262 0.144648 -0.219796 -0.218059 -0.113056 -0.316671 0.082974 -0.456896 -0.145029 -0.0584052 0.240245 -0.029993 -0.285685 -0.0568471 -0.300234 0.2545 -0.290369 -0.315216 0.0358433 -0.342648 -0.477382 -0.164963 -0.0330041 0.257834 -0.144847 -0.292645 0.36475 -0.0312066 -0.0223371 -0.38424 -0.3083 -0.162887 0.576004 0.137517 -0.528147 -0.290224 0.695931 0.212609 0.257175 0.243763 -0.460753 0.485923 -0.231281 -0.32386 -0.218691 0.463992 0.0823027 -0.458939 0.296821 0.547365 -0.322218 -0.318728 -0.513214 -0.404576 
jerusalem artichokes 0.471862 0.0971503 0.200522 0.489493 0.249938 -0.0999172 -0.483376 0.265268 -0.51596 0.116544 0.34891 -0.0511803 0.0802751 0.180753 0.530603 0.574601 0.2899 -0.314885 -0.147367 -0.064914 0.402466 0.339424 0.135634 0.183271 -0.086443 -0.633009 0.60206 0.196091 0.0756198 0.11263 -0.390758 -0.284927 0.320612 -0.0496967 -0.594379 0.209006 -0.370867 0.206788 0.410635 -0.348582 -0.587683 0.258332 -0.405168 -0.407856 0.130765 0.377993 -0.733477 0.134384 -0.482684 0.178423 -0.107835 0.350833 0.169964 -0.0351483 0.362419 -0.0891037 -0.504933 -0.315027 -0.196838 -0.435438 -0.499919 0.437007 0.191068 -0.15203 -0.386217 0.30337 0.210309 0.414424 -0.471742 -0.515518 0.557129 0.205544 -0.33337 -0.513794 -0.00142962 -0.274682 -0.322979 0.790109 -0.24133 0.229756 0.357466 0.0111602 0.159659 -0.233663 0.0706287 -0.152745 -0.636732 0.57508 -0.646286 -0.180445 0.475389 -0.199131 0.245587 0.504047 0.392487 -0.142464 0.064713 0.592192 -0.51543 0.589189 
Grilled Mac and Cheese Sandwich 0.553849 0.149902 -0.0529938 -0.307916 -0.389672 0.547736 0.23523 0.557668 -0.479556 0.220165 0.329111 0.0483026 -0.300069 0.0873133 0.48147 -0.489326 0.244274 0.379476 0.0775647 0.0527629 0.237975 0.533072 -0.141741 -0.264073 0.0190795 -0.00491167 0.0338103 0.250599 -0.449601 -0.307422 0.463589 -0.101085 0.317534 0.260556 -0.17571 -0.0309306 -0.149053 0.165901 -0.531305 -0.32462 -0.31274 -0.373981 -0.322539 -0.0893689 0.262069 0.0971646 -0.398998 0.210649 0.321163 -0.326815 -0.305938 -0.210959 0.00371424 -0.3409 -0.180016 0.00608651 -0.324991 -0.372953 0.323793 0.187357 -0.0760592 -0.53175 -0.00121523 0.17279 -0.407395 0.216722 -0.157357 -0.0214315 0.276371 0.105671 -0.174993 0.293666 -0.489172 0.237653 0.263767 -0.144339 0.311042 0.433104 -0.180025 -0.219761 -0.0310687 0.350061 -0.34651 -0.0271193 -0.525278 -0.289849 -0.258808 -0.136217 0.211529 -0.137631 -0.445276 -0.365876 0.487911 -0.379262 0.437742 0.382513 -0.121469 0.566995 -0.331277 -0.161152 
paella rice 0.499196 -0.134842 -0.104362 0.485967 0.000270094 -0.123277 -0.103856 -0.245348 0.31024 -0.0897642 0.182668 0.101978 0.0303887 0.121212 -0.498289 -0.374445 0.101763 -0.453103 0.21131 0.321566 -0.487527 0.485902 0.236426 0.101088 -0.350859 -0.226614 -0.165203 0.447543 0.0404841 0.434534 0.172667 -0.34722 0.422653 0.343467 -0.327325 0.130717 -0.215885 -0.408235 -0.379479 0.122977 0.0890509 -0.322758 -0.471497 0.337443 -0.0332802 0.238569 -0.435064 0.347104 -0.219131 0.376794 -0.445723 -0.204041 -0.160551 0.104872 -0.276587 -0.398129 -0.419346 0.152518 -0.0787509 0.184848 -0.425887 -0.219215 0.421149 -0.334482 0.246501 0.303941 -0.0856873 -0.165197 0.164765 -0.424166 -0.290818 -0.365728 0.419352 -0.0385879 -0.0920586 -0.383961 0.239459 0.379554 -0.0549778 -0.0698133 0.306283 -0.329833 0.269287 0.323301 -0.0932471 -0.334505 0.267254 0.417064 -0.105899 0.292664 0.482345 0.309631 0.356843 0.47358 0.469201 0.274919 0.114855 -0.0941058 0.144194 -0.425819 
pine nuts 0.408352 0.175814 0.128947 -0.457517 -0.56375 -0.291964 -0.55303 -0.012406 -0.445473 -0.0645461 0.163135 -0.56078 -0.262772 0.0307738 -0.0782921 0.0769717 0.519528 -0.126053 -0.179891 0.437957 0.626006 -0.457031 -0.660704 -0.473086 0.0668031 -0.457282 -0.14919 0.151579 -0.478508 0.239375 0.617855 -0.137001 0.0946457 0.0724489 -0.252982 0.192982 0.0897627 -0.457826 0.404485 0.12907 0.517514 -0.113931 -0.466628 -0.0875546 0.383318 0.399921 -0.274095 -0.698279 0.356957 -0.439784 -0.278692 -0.679757 -0.222651 0.0690068 -0.119317 -0.477893 0.335338 -0.396529 0.471909 -0.35443 -0.104139 0.0269917 -0.448812 -0.36135 -0.236622 0.183255 0.472155 0.635614 -0.204434 0.0370474 -0.575608 -0.171217 0.344455 -0.0715951 -0.736152 0.401537 0.00374722 0.312621 0.464473 0.171524 -0.455182 0.125887 0.338657 -0.0288067 0.458906 0.305794 0.14496 0.242049 -0.061381 -0.292523 0.38888 0.119961 0.0712505 -0.261287 0.19771 -0.312099 -0.0614762 0.283129 -0.461519 -0.226536 
vanilla extract -0.0471271 -0.231404 -0.130679 0.345209 0.663151 0.192341 0.544771 -0.022226 0.388985 0.302737 -0.369876 -0.491428 -0.0641637 0.324343 -0.357479 -0.459673 0.181452 -0.291603 0.572387 0.510981 -0.147163 -0.105894 -0.174684 0.290001 -0.135062 -0.0588624 -0.220444 -0.0412342 -0.131773 -0.89227 0.115403 0.212086 -0.161321 -0.316963 0.0833861 0.802388 -0.44348 -0.238448 0.0162207 -0.21192 -0.257103 -0.422374 -0.0986101 0.111208 -0.993017 0.31204 -0.765931 -0.139655 0.0312471 -0.614622 -0.0853068 -0.225953 -0.0940849 -0.196761 0.403845 -0.0446675 0.602687 -0.654257 0.102664 -0.068965 -0.494529 0.267072 0.0704005 0.0158892 0.115241 0.486836 -0.591288 -0.438191 -0.0509071 -0.603586 0.0869395 0.461852 0.214335 -0.284631 -0.135516 0.162804 0.255088 0.328341 0.0666834 0.457165 -0.128748 -0.0756569 0.458649 0.165188 -0.29998 -0.546665 -0.832851 0.576051 -0.738233 -0.192122 -0.216178 -0.692597 -0.387561 0.707978 1.0391 0.210466 -0.490307 -0.187985 -0.163036 0.220405 
greek yogurt 0.543315 -0.740216 -0.587311 0.811381 0.182662 -0.374841 0.521854 0.50587 -0.103577 -0.105696 0.62522 0.352567 0.231752 0.0951553 0.0456256 0.697515 0.155124 -0.215784 -0.00930813 0.931419 0.0941127 -0.542771 0.696096 0.0442868 0.0127498 -0.479786 -0.780889 -0.450136 -1.10524 0.515095 -0.454424 0.766839 0.510948 0.622408 0.0600273 -0.387221 -0.528803 -0.0598179 0.281724 -0.360246 0.777335 0.0263455 0.175443 -0.555017 0.267716 -0.259716 -0.0439651 0.453909 0.0972305 0.417939 0.222255 0.480828 -0.472987 0.228727 -0.156315 0.295194 0.442786 0.073821 0.290166 -0.798689 0.118511 0.591138 -0.911193 0.475571 -0.0237794 0.355289 -0.79865 -0.14431 0.209243 0.133914 0.171249 0.436904 -0.0423916 -0.0977903 -0.0403748 -0.665275 0.821718 0.232359 -0.429436 0.250063 0.15009 -0.201412 -0.0127143 -0.11064 -0.219009 0.0588367 0.168447 -0.35963 -0.236857 -0.420041 -0.325961 -0.265778 0.483429 0.42082 0.0766456 0.575114 -0.296214 0.322398 -0.397429 -0.591704 
Burek -0.0168454 -0.301629 -0.312949 -0.336634 0.396823 0.246803 -0.329587 0.148447 0.0886876 -0.391948 -0.199382 -0.414159 -0.053858 -0.0444968 0.188217 0.00842789 0.318916 -0.233074 0.0295045 0.459094 -0.331237 0.0760859 -0.0478676 -0.474923 -0.348385 0.348659 -0.100734 0.0698479 0.326876 0.146812 -0.262723 -0.439569 0.00823739 -0.368667 0.494155 0.198867 -0.242953 -0.411281 -0.394724 0.0868503 -0.180418 0.231257 0.387184 -0.0586331 0.334617 0.44082 0.0523084 0.250803 0.196019 -0.293895 0.0706129 -0.112574 -0.23539 -0.355647 -0.323643 -0.0616684 -0.215935 -0.323407 0.433413 -0.300067 -0.152409 0.375912 -0.152351 -0.318206 0.0461782 0.406472 -0.209985 0.438955 -0.275035 0.0832854 0.284016 -0.282388 0.0157998 0.304522 0.351412 -0.333368 -0.0535748 0.292118 0.438949 0.416777 0.473774 -0.0545494 0.484505 0.179554 0.435344 -0.118006 0.395724 0.0855537 0.214613 -0.376676 -0.205433 0.153671 0.308672 -0.359886 -0.0534171 -0.274328 0.0276126 0.2389 -0.087683 -0.4277 
noodles 0.0914324 -0.0867062 -0.267201 0.179918 -0.496342 -0.14495 -0.205732 -0.369737 -0.401557 0.241326 0.0769876 0.225875 -0.0738186 0.0597957 0.0879735 0.463801 0.0638092 0.104831 -0.463117 0.358791 -0.400841 -0.360229 0.181431 0.367426 0.453003 -0.098492 0.391003 -0.0122058 -0.394122 -0.287221 0.0918157 0.0929532 -0.133531 -0.102673 -0.484842 -0.193606 -0.0363456 -0.421647 0.0853532 -0.351575 -0.499433 0.312057 -0.0300064 -0.256399 0.392052 0.0920734 0.233321 0.165536 -0.229102 -0.477944 -0.173639 -0.0209825 0.446371 -0.0407403 0.417435 0.141662 0.212576 0.169786 -0.297367 0.497549 -0.0412852 0.317732 -0.317811 -0.134326 0.328589 0.377818 -0.0362196 -0.42615 -0.0763035 0.464837 -0.182772 -0.243324 -0.216963 -0.391603 -0.393939 -0.0789671 0.135947 0.0773645 -0.400652 -0.100951 -0.20528 -0.192559 -0.489814 0.00555297 -0.202109 0.319152 -0.391334 -0.0422256 0.410702 0.462725 0.204129 0.224057 0.26626 -0.0647068 -0.316759 0.160364 0.308806 -0.207225 -0.20471 0.290703 
peanut butter -0.26858 0.558126 -0.204517 0.0789429 -0.570844 -0.259763 0.44118 0.01834 -0.368807 0.0183915 -0.313709 -0.296391 0.261924 -0.204132 0.518863 0.309889 -0.0619711 0.116119 0.00897922 -0.020103 0.406062 -0.442162 0.346082 0.0411892 -0.200633 0.303074 0.00294249 -0.498528 0.0968381 -0.228164 -0.133058 0.123584 0.502052 -0.614232 -0.0321034 0.42845 0.337886 0.344787 -0.0414558 0.143639 -0.291443 -0.358847 0.0773983 0.514797 -0.00990542 0.0715591 0.274559 -0.0421614 -0.369459 -0.444406 -0.371077 -0.00425504 0.00388633 0.15817 -0.00739665 -0.303771 0.428559 0.177452 0.342327 -0.568246 -0.318789 0.45503 -0.0110402 0.123747 0.575137 0.0772915 0.381681 -0.0643662 0.368105 -0.0132267 -0.404939 -0.293779 -0.186388 -0.309328 0.132289 0.143535 0.194401 0.0568349 0.221144 -0.416581 -0.525979 -0.597248 0.187061 0.00731043 0.178991 0.290187 -0.330608 0.0419321 -0.0200463 0.350227 0.427139 -0.290552 0.268124 0.458092 0.246444 0.462557 -0.178748 0.091876 0.189819 0.473622 
chinese broccoli -0.189997 0.123321 0.254931 -0.723505 -0.0608447 0.308329 0.236037 -0.207092 0.0533418 -0.319747 -0.347186 -0.533993 0.289979 -0.173271 0.442643 0.160099 -0.469555 0.357672 -0.146125 0.547417 0.391621 -0.257516 -0.736503 0.531412 -0.475187 -0.346747 0.533148 0.0916992 -0.444802 0.300506 0.0196988 -0.0581353 0.318005 0.133473 -0.153679 0.493952 0.00814332 0.31359 -0.409887 -0.0216947 -0.244255 0.362469 0.175503 0.323407 -0.29196 -0.297489 -0.0599185 0.225666 -0.426517 0.286141 -0.427265 0.383152 -0.0309093 0.181204 -0.283022 0.304368 -0.3644 -0.0133571 0.573388 -0.170605 0.423798 -0.401067 0.497271 0.152662 -0.0693297 -0.322372 0.264441 0.776195 -0.0201519 -0.14413 0.449966 -0.532825 -0.3014 0.156475 0.265976 -0.293718 -0.339337 -0.47572 0.157152 -0.404317 -0.330591 -0.100326 0.179684 0.421918 0.00821403 0.367993 0.463926 0.342886 0.324644 0.2454 -0.66966 0.278504 -0.311023 -0.0887469 0.544657 -0.192159 -0.484693 0.0257528 0.320424 0.216503 
chocolate chips -0.279321 0.133779 -0.102858 0.114462 0.15706 0.213032 -0.196923 0.170586 -0.50906 0.94606 -0.31597 -0.0925671 0.650995 0.472414 -0.513786 0.043223 0.401742 0.418179 0.306195 0.421907 -0.0955586 -0.379752 -0.0647134 -0.282825 -0.562618 0.105706 0.543293 0.565496 0.18543 0.341622 0.225465 -0.00550585 0.359387 -0.221542 0.526805 -0.0449331 -0.108091 -0.0750548 0.324141 0.70285 -0.0825371 0.051471 -0.364831 0.660521 -0.757015 -0.211037 -0.141446 0.0634075 -0.4986 -0.427998 0.0770996 -0.21455 0.528749 -0.0650823 0.263329 -0.62008 0.18537 0.145354 -0.463504 0.107134 0.00571593 0.470956 -0.154812 0.166452 0.104936 -0.00568594 0.221682 -0.570074 0.0348229 -0.221802 -0.278411 -0.116763 0.507779 0.49286 -0.105121 0.497232 0.479602 -0.30192 -0.0623756 -0.0598229 -0.440908 0.0142365 -0.053685 0.653281 0.543421 -0.0892745 -0.770149 0.506327 -0.784821 -0.15156 0.187356 0.145587 0.120399 0.35037 0.356271 -0.174466 -0.522846 -0.209032 0.0917861 0.116208 
italian fennel sausages 0.173736 -0.203292 0.191108 0.611815 0.190426 -0.358841 0.257303 -0.0652457 0.447601 0.565098 -0.309478 0.152643 -0.311921 0.0351208 0.237216 -0.818915 0.550324 -0.326445 0.643387 0.452707 0.504385 0.221006 0.0813395 -0.137163 0.194027 0.155942 0.185257 0.540282 0.162354 -0.280412 -0.25641 -0.260391 -0.17699 0.0890722 -0.0408583 -0.370821 -0.195405 0.465996 -0.380366 0.829924 -0.0306204 -0.316519 -0.687459 -0.500297 -0.570457 0.127925 -0.476637 -0.185542 0.23614 0.414372 -0.225484 -0.44404 0.16331 -0.373957 -0.536916 0.256853 0.360629 -0.0537898 -0.125422 -0.37791 0.0950672 -0.0676655 -0.0299816 -0.807602 0.601155 -0.0918545 -0.617719 -0.192246 -0.190439 0.258564 0.378526 0.491732 -0.531408 -0.106945 -0.0340897 -0.347793 0.247174 -0.0482817 -0.342976 0.460758 -0.798682 0.301593 -0.503166 0.0419028 -0.12224 -0.192875 0.0176769 0.349145 -0.173123 0.442008 -0.0930448 -0.686445 0.447814 0.00758749 -0.427828 -0.160713 0.944428 0.0668875 -0.21635 0.316467 
vegetable oil -0.0900464 -0.515484 0.602397 0.419992 0.544618 0.513094 0.514476 -0.240965 -0.720358 -0.49823 -0.0309255 1.08292 0.137226 0.100524 0.251327 0.561495 -0.0670474 -0.55067 0.266158 -0.405347 0.403581 0.177721 0.572088 0.526389 -0.793127 0.366624 -0.0575352 0.0885987 -0.827273 -0.254992 -0.127213 -0.354975 0.582101 -0.346287 0.912535 -0.456247 0.385479 0.331241 0.507059 -0.314773 -0.333387 0.338575 -0.57171 0.658068 0.798647 -0.180009 0.148443 -0.201596 -0.351626 0.42212 0.768177 0.0468389 -0.256755 -0.439477 0.739843 0.84266 -0.930344 0.524498 -0.0883923 -0.41026 0.382518 -0.438185 -0.193777 0.708912 0.265211 -0.392667 -0.17644 -0.593404 0.0246415 0.552899 -0.541413 0.444921 -0.177939 0.00762252 0.111146 1.00712 -0.191869 0.612384 -0.645249 -0.290913 -0.272718 0.165357 0.636024 0.0922674 0.199692 -0.30055 0.416605 -0.14391 -0.377785 0.696888 0.251829 -0.297501 0.109471 -0.196606 -0.665075 -0.0347405 0.751087 -0.0545376 -0.125448 0.39725 
Rocky Road Fudge -0.342486 -0.0727242 0.494133 0.058876 0.25559 -0.195759 -0.374237 -0.584992 0.380302 0.0471085 -0.454524 0.0423657 -0.0412658 -0.0651972 -0.147747 -0.018821 -0.146872 0.27716 0.48701 0.148059 0.0723301 0.0278641 0.399887 0.341773 0.312046 0.269526 0.146267 0.0825143 -0.0298139 0.076291 0.0422791 -0.259256 -0.425752 0.125354 0.0907746 -0.0136686 -0.147932 -0.432299 -0.532657 -0.497266 -0.068148 -0.478059 0.0675697 0.133217 0.152718 -0.208444 0.253046 0.21107 0.47967 -0.414367 0.153019 -0.313458 -0.383698 -0.488742 0.366207 -0.211935 -0.205308 -0.231806 0.140019 -0.0381446 0.0629054 -0.0474467 -0.408978 0.540735 0.276861 -0.334332 -0.42207 0.10632 0.1475 0.124063 0.476386 -0.30775 0.517734 -0.198966 0.271891 0.241225 0.317497 -0.251759 0.40941 -0.497984 -0.192328 -0.368681 -0.110943 0.0845762 0.124217 -0.445089 -0.552139 -0.0512787 0.240383 0.395075 -0.301487 0.13641 0.308089 0.29988 0.138114 -0.246981 -0.358614 0.384582 0.350962 0.324926 
mustard seeds 0.526596 -0.24424 -0.553947 0.412681 0.221138 -0.0456354 0.0172887 0.248999 -0.043122 0.42251 0.482134 -0.0435933 0.480415 -0.534555 -0.374978 -0.34024 -0.250825 -0.15652 -0.072282 0.412711 -0.209654 0.298964 -0.445605 -0.326704 -0.188261 -0.227399 0.808787 -0.503979 -0.157818 -0.050708 0.308866 -0.133785 0.254649 -0.248869 0.254685 0.0265257 -0.337066 -0.167066 0.223802 0.346693 -0.0728284 0.264241 0.520654 -0.021524 -0.140844 -0.0915326 -0.550663 0.00239081 0.190608 -0.745298 -0.341506 0.133625 -0.46997 0.358125 0.217336 0.518504 0.432481 0.274649 0.498622 -0.48471 -0.455807 -0.440335 -0.32058 -0.0494918 -0.202638 -0.219864 0.173166 -0.307132 -0.434607 -0.326477 -0.799056 0.335728 -0.184304 -0.176233 -0.326114 0.322104 -0.345443 0.245165 -0.0609064 0.212387 -0.190726 0.40136 -0.147482 -0.32776 -0.215219 -0.137552 0.556696 -0.032878 0.0296853 -0.338507 0.393957 -0.0873111 0.296822 -0.22463 -0.40958 0.206792 -0.196888 0.0856857 0.104454 0.257036 
starch -0.187724 0.162213 -0.249844 0.0675383 0.49056 -0.453838 0.0798051 -0.0969562 -0.413067 -0.229796 0.232144 -0.320317 0.0705935 0.21014 -0.329445 0.134385 -0.311684 0.00786264 0.0971073 0.0861369 -0.366555 0.477717 -0.278454 0.410944 -0.475967 -0.475308 -0.0303617 -0.173462 -0.447587 -0.112809 0.495411 0.342938 -0.202698 -0.158181 -0.263127 0.340684 0.177058 -0.472092 -0.366933 0.254393 -0.407003 -0.087092 0.306078 -0.281378 0.196969 0.0144194 0.423839 -0.445667 0.296314 0.225152 0.283675 -0.231065 0.469445 0.0326436 0.134319 -0.318084 -0.319876 0.272913 0.136566 -0.132873 -0.360242 -0.142152 -0.0796917 0.125258 -0.347303 -0.260374 0.269649 -0.224877 -0.213176 -0.172621 -0.188468 -0.241133 -0.261369 0.486233 -0.288816 0.417644 0.329822 0.49156 -0.38898 -0.42863 -0.0782592 0.249162 0.263617 0.295669 0.261197 -0.240399 -0.0742466 -0.345092 -0.225935 -0.280864 0.0917878 -0.152094 0.264917 0.0231065 -0.160247 -0.232765 0.403551 -0.32564 -0.485928 -0.480627 
orange zest -0.322934 -0.0310011 -0.273224 0.156776 -0.0315346 0.172093 -0.200342 0.0728839 0.163371 -0.275558 -0.355205 0.000229288 -0.160374 0.110636 -0.448639 -0.568348 -0.326065 -0.102067 -0.458249 0.237487 0.239063 -0.335669 0.414993 0.380912 0.292082 -0.205071 0.383444 0.130717 -0.0144307 0.284447 -0.376256 0.0119686 -0.342509 0.279354 -0.10695 -0.499594 0.0139228 0.520381 0.494261 -0.182957 0.298516 0.129799 -0.63007 0.350815 0.0162703 -0.109313 0.23505 -0.116294 0.267229 0.496086 0.445965 -0.0759107 -0.236705 0.0945024 -0.251223 0.135308 0.48503 0.427102 -0.321239 0.167398 -0.29163 0.440402 0.326266 0.263829 -0.206826 0.390913 -0.0804044 0.337927 -0.438714 0.139308 -0.0921219 0.332488 0.272759 -0.361154 0.0529005 0.220363 0.202859 0.282886 -0.281984 -0.0236227 -0.120687 0.120542 -0.141194 0.140959 0.506075 0.0370569 -0.424081 0.0854657 0.301866 0.15163 -0.0153649 0.316912 -0.0687422 0.298607 -0.383607 -0.232447 0.284955 -0.218241 -0.0964326 0.00517328 
fenugreek 0.0384385 -0.562498 0.119101 0.117632 -0.0620941 -0.388823 0.745584 0.175829 -0.293225 0.52347 -0.165331 0.307037 0.103614 0.0790336 0.309793 -0.363954 -0.300473 0.234124 0.131119 0.644762 -0.414732 -0.0216431 -0.137506 0.189554 -0.329536 -0.101824 0.359303 -0.398709 0.446135 0.614033 0.159555 -0.0765978 -0.077796 0.0555653 -0.162396 -0.019182 -0.386172 0.411124 0.197744 0.359802 -0.000946952 -0.238072 0.541419 0.193125 0.124388 -0.430016 -0.398159 -0.212392 0.446746 0.268428 -0.00802927 -0.182456 -0.550209 -0.111043 0.161524 0.00186369 -0.106327 0.434203 -0.0503205 0.45401 -0.24024 -0.0589231 -0.0970817 -0.0924917 -0.0406502 -0.0161088 -0.57347 0.58093 0.0589618 0.522972 -0.140428 0.0516722 0.412201 0.0919194 0.0737772 0.0079037 -0.148521 0.504518 -0.59908 0.503476 0.42617 -0.451063 0.225142 0.65657 -0.540178 -0.114331 0.359322 0.297347 0.0937252 0.2778 -0.109317 -0.0374158 0.192385 -0.695903 0.164771 -0.189835 0.479127 0.277391 0.341665 0.378677 
squash 0.0177768 -0.0589684 0.644519 -0.153117 -0.132613 0.358589 0.375189 0.229436 0.56968 -0.149394 0.379889 -0.0834815 0.357384 -0.0352584 -0.407276 0.157972 0.24174 0.0578252 0.265451 -0.217595 0.243463 0.161803 -0.108142 -0.635648 0.0081231 0.142148 -0.299588 0.182755 0.386408 0.214559 -0.133549 0.241708 -0.677336 0.379882 -0.197001 -0.114637 -0.0151358 -0.0477047 -0.276617 -0.610018 -0.176754 -0.253161 -0.195145 -0.140206 0.471822 0.741646 -0.114141 0.062989 0.324316 -0.695644 0.340923 0.513427 -0.0792858 -0.0225196 -0.397409 -0.141995 -0.0806419 -0.399532 0.397833 -0.405545 -0.5294 0.540297 -0.490323 -0.0837802 0.379349 0.486503 0.207224 0.360412 0.476001 0.363092 0.180009 0.351844 0.265246 -0.220619 -0.214084 -0.182462 -0.0814267 -0.0135979 -0.0826691 -0.713949 0.329663 0.463606 0.113082 0.675126 -0.387151 0.325915 0.00510742 0.309277 -0.326398 -0.363035 0.0179178 -0.161952 0.307727 0.355779 0.269459 0.288628 0.183796 0.0626172 -0.0180415 0.101068 
chili powder 0.0679414 0.574512 0.310048 0.480363 -0.0874939 -0.192389 0.265883 0.360423 -0.272725 -0.108901 0.390499 -0.633972 -0.131825 0.920281 -0.0837974 0.330585 0.474755 -0.460008 0.305402 0.183396 0.485883 -0.403943 -0.491595 -0.223802 -0.214732 0.0692958 -0.120881 -0.208434 0.768652 -0.729753 0.426765 0.365657 0.32883 0.429945 0.0826053 -0.0869507 0.2371 0.223444 0.109949 0.192478 -0.125371 0.594561 -0.211786 0.448651 -0.257093 -0.540535 0.704642 0.853237 0.216157 0.00674092 -0.421657 0.0244298 0.332178 0.282854 -0.180873 0.363321 0.467001 0.504912 -0.254956 0.585768 -0.110592 -0.642406 -0.527153 -0.21922 0.231828 -0.620358 0.13232 0.384272 -0.371351 -0.621744 0.134081 -0.462831 -0.409775 0.587218 -0.0903987 -0.17786 -0.155757 0.0879749 0.06033 -0.306109 -0.0558721 0.361271 -0.382141 0.221661 0.199784 0.249583 -0.0708329 -0.290737 -0.248628 -0.363591 -0.542607 -0.616794 0.334027 0.358886 -0.729988 0.297523 -0.900296 0.51407 0.0415656 0.0606738 
semi skimmed milk -0.203872 0.278824 0.401539 -0.136936 -0.360047 -0.487245 0.149309 0.211121 -0.250999 -0.524165 0.294266 -0.0489514 -0.0348316 0.0377937 0.543109 -0.328126 0.203229 0.371772 0.35033 0.132697 -0.393066 0.722743 0.0100245 0.207528 0.0858138 0.011291 0.508573 0.130135 0.183451 -0.194549 0.500768 0.14867 0.224387 -0.175878 -0.400327 0.102985 0.186673 0.00876911 0.529703 0.122843 -0.311618 0.00613843 0.0947738 -0.267852 0.00611261 0.575343 0.335861 0.596677 -0.0984667 -0.157607 -0.316311 0.0858777 -0.359005 -0.178782 0.380245 0.0451027 0.357065 -0.0374927 -0.183654 -0.216904 0.331089 0.0216421 0.100155 0.132911 0.399647 -0.574671 -0.327649 -0.216571 0.0689399 0.08565 -0.391656 -0.0375342 -0.295261 -0.0473186 -0.0464494 0.245442 0.212354 0.215311 0.367617 -0.271243 0.305449 0.13675 -0.0358679 0.17524 0.0897479 -0.528774 -0.0618151 0.135593 -0.689763 0.456828 0.107414 0.0706455 0.441399 -0.516811 -0.00329709 0.139879 0.120045 -0.409178 0.256003 -0.22837 
Lamb tomato and sweet spices -0.0569794 0.271945 0.406627 0.280898 -0.498451 0.318407 0.323473 -0.241726 0.0186418 -0.000868354 0.132095 0.0554829 -0.549871 0.263039 -0.505657 0.272417 -0.478128 0.122465 -0.173671 -0.492817 -0.181094 -0.475917 0.344795 -0.365643 0.0165695 -0.197292 0.446877 0.0271895 0.135805 -0.431105 0.294047 0.158647 0.406665 -0.214192 0.431704 0.186775 -0.170568 0.0330256 -0.046226 0.191064 0.109339 -0.482306 0.234119 0.4761 -0.0294581 0.222323 0.175833 0.358566 0.153417 -0.320434 0.458132 -0.106732 0.233494 -0.0807738 -0.517429 0.528696 -0.550616 -0.0836297 -0.369327 -0.0878595 0.291082 -0.0931817 -0.650084 0.460123 -0.370724 -0.0989725 0.060232 -0.0794464 -0.259329 0.192137 -0.315071 -0.286068 -0.24645 0.275986 -0.011912 -0.172644 -0.0656627 0.104021 -0.617002 -0.0780784 0.331238 -0.360066 -0.0870955 -0.0350445 0.00352053 -0.0256465 -0.16671 0.460713 0.31666 0.0585955 0.0679991 0.117272 -0.497815 0.130378 -0.434206 -0.175838 -0.250857 0.0842791 0.263258 0.367555 
Fennel Dauphinoise -0.0863433 0.321196 -0.359243 0.0864002 0.0512514 0.306991 -0.467525 -0.299634 -0.145135 0.172661 -0.176867 -0.307574 0.167718 0.333531 0.000708829 -0.376195 0.0428387 -0.15501 0.35372 0.124162 -0.177563 0.114787 -0.160256 0.167503 -0.346313 0.392596 0.0366199 0.194849 -0.0364671 0.271078 0.212712 0.411569 -0.353336 -0.0929005 -0.0234295 0.0718497 -0.378021 0.341996 -0.135943 -0.212935 -0.423908 0.27995 -0.489288 -0.447093 -0.0714536 0.493595 -0.0355124 -0.431084 -0.0235128 -0.268335 -0.398495 -0.460541 0.238072 0.264882 0.205763 0.48669 -0.373209 0.0464004 -0.444084 -0.209235 -0.368187 -0.0403577 0.361827 0.233108 -0.439263 0.116454 -0.336567 -0.404427 0.375334 0.189487 -0.0492234 0.258027 -0.0648906 0.0367669 -0.317614 -0.333344 0.0839561 -0.180469 0.367167 -0.293785 -0.246308 -0.31543 -0.0734188 0.0163383 0.000472483 -0.117492 0.0856812 -0.452113 -0.0755972 -0.385787 0.0816269 0.109233 -0.433982 -0.0315118 0.00971933 0.275983 -0.145406 -0.452358 -0.297944 0.387249 
Braised Beef Chilli 0.0467708 -0.391042 -0.213263 0.336596 0.125199 -0.456116 0.388131 -0.169572 -0.641073 0.120006 -0.410399 -0.167648 0.299493 -0.0351445 -0.272414 -0.129522 0.623742 -0.277235 -0.155905 -0.41757 -0.127079 0.333934 -0.430545 0.302709 0.549152 -0.56858 -0.599769 -0.422923 0.137329 -0.317525 -0.518263 -0.0684965 0.209655 0.176522 -0.186324 -0.395026 -0.398201 0.280287 0.158591 -0.368378 -0.462706 0.332085 0.237701 0.447599 -0.382119 -0.158991 0.557695 0.190095 0.16971 0.478264 -0.345601 -0.0927627 -0.0579939 -0.202068 -0.19066 0.123723 -0.0910447 -0.13976 -0.225794 0.0911289 0.110883 -0.118235 0.342197 0.668347 -0.164744 0.136022 -0.329799 0.300947 0.268096 -0.191453 -0.0167196 0.0381662 -0.0739726 -0.221459 -0.072584 -0.365311 -0.0761835 -0.0364874 -0.054228 0.228802 -0.0941809 -0.0185021 -0.338101 -0.525038 0.246567 0.118908 0.0687524 -0.33727 0.447144 0.368594 -0.236588 0.303177 -0.193498 -0.624527 0.189798 0.336733 0.568848 0.346029 0.514442 -0.0509807 
Smoky Lentil Chili with Squash 0.400961 -0.27965 0.337682 0.0390809 0.31934 -0.405685 0.541423 0.257141 0.360497 0.428198 0.362443 -0.396023 -0.368864 -0.356481 0.549771 0.0181899 -0.287336 0.233422 -0.0607892 -0.145455 -0.175539 0.497342 0.232603 -0.277194 0.133426 -0.590726 -0.36012 0.427819 -0.0133055 -0.215573 -0.0240867 0.350581 0.32766 -0.297376 0.115106 0.00602702 0.635829 0.403426 -0.0160114 0.277762 0.229604 -0.322825 0.134947 -0.527506 -0.0501321 -0.428529 0.00523662 0.475317 0.394049 0.592043 0.0378105 0.345949 -0.0462764 0.147233 0.494973 -0.394475 0.44163 0.396625 0.345884 -0.0878194 0.274737 0.0644423 -0.253332 -0.405721 0.423928 0.183824 0.0817444 -0.369447 -0.125102 0.0399092 -0.288406 0.413334 0.0166252 -0.0039645 -0.412169 0.0988495 -0.381944 0.193731 -0.403646 0.382197 -0.177154 0.41994 -0.0395728 -0.00436275 0.501371 -0.246646 -0.214999 0.400692 -0.395602 0.151283 0.107661 -0.28371 -0.199494 0.036575 0.0254757 0.0442448 -0.258149 0.12845 0.255094 -0.410367 
ackee -0.165924 -0.181949 0.198088 -0.447658 0.345313 -0.157717 0.345367 0.180537 0.131477 -0.234261 0.296147 0.49004 0.247404 0.37958 0.107549 0.129829 0.217434 0.0763025 0.41354 0.498487 0.291482 -0.130825 0.454947 0.454575 0.403208 -0.288364 0.294553 0.0214188 -0.328108 0.462452 0.0263994 0.024855 0.422763 -0.145657 0.157499 0.405405 0.195576 0.457769 0.228657 -0.452733 -0.225564 -0.233658 0.416071 0.416147 0.0408605 0.0356411 0.269646 0.385762 -0.0601557 0.288848 -0.369854 0.3502 -0.26732 -0.279946 0.460575 0.348697 -0.240157 -0.395915 0.415051 -0.0538817 0.392078 -0.141046 -0.167687 -0.069931 0.0495306 0.488579 0.188106 -0.184975 0.338484 -0.448808 -0.277937 -0.470293 -0.476046 -0.0749684 -0.415932 0.355231 -0.179897 -0.117788 0.100032 0.0193002 -0.405081 0.47578 0.432342 -0.334605 -0.0784804 0.268951 -0.0975322 -0.232326 0.195803 0.450248 0.284822 -0.29466 0.449252 -0.0725134 0.381613 0.354533 0.277935 -0.184081 0.263747 0.365839 
suet 0.176485 0.251445 0.362425 -0.2563 -0.0976433 -0.365606 -0.258953 0.383941 0.424003 -0.338154 -0.229337 0.484308 -0.391887 -0.216384 0.281137 0.356838 0.125071 0.414254 0.431277 -0.0362752 0.337447 0.210122 0.0770098 -0.394698 -0.342278 0.128596 -0.248003 0.294544 0.433511 -0.324078 0.290602 0.446801 -0.0287446 0.39656 0.0456821 -0.0338149 -0.42128 0.175004 -0.195474 0.33313 0.454951 0.146801 0.266329 0.00335128 -0.36054 -0.0763448 -0.225416 0.0842729 -0.397131 -0.488967 -0.018795 0.38845 -0.489474 0.486293 0.0557929 0.0218243 -0.00985525 -0.183275 0.0516497 -0.449744 -0.129939 -0.22318 0.0301731 0.026953 0.437408 -0.262858 -0.311419 -0.29233 0.169092 -0.373723 0.333327 -0.067609 0.0509585 -0.0425508 0.238751 0.225329 0.496867 0.402295 0.298839 0.390649 -0.417381 -0.479177 0.24121 0.492502 0.357297 0.355683 -0.247213 -0.206167 -0.445613 0.0715677 0.282049 0.0103118 0.0700412 0.47733 0.117428 0.0453385 -0.00852027 0.135436 0.430454 0.379826 
turmeric -0.187661 0.728266 -0.0926578 -0.256361 0.310121 -0.118501 0.194577 0.102631 0.517076 -0.243212 0.461554 0.565686 -0.247103 -0.28496 -0.754396 0.272319 0.386123 -0.21081 -0.0539774 0.219483 0.0313042 0.0935774 -0.441611 -0.653767 -0.531235 -0.454268 0.557343 0.438243 0.363827 0.369918 0.805913 0.794572 0.141446 -0.799643 -0.257699 -0.152337 0.138569 -0.0971717 0.168145 0.032793 0.0737495 0.0711605 -0.44408 -0.590572 0.631394 0.0497051 -0.691966 -0.248687 0.397347 0.423527 0.0656002 -0.466303 0.509761 -0.146516 -0.193078 0.110919 -0.0949671 0.460655 0.285574 -0.532615 -0.681795 0.00204493 -0.202468 0.183737 -0.542378 -0.0673662 -0.504038 0.336179 -0.408045 -0.320203 -0.43923 -0.0482543 -0.436729 0.369818 0.60066 0.13427 0.305943 -0.151725 0.607393 0.439548 0.142978 -0.157898 0.604684 0.948911 0.67737 0.4798 0.0639992 -0.376247 0.0491788 0.0476008 0.140193 -0.179277 -0.438318 -0.158257 0.00240708 -0.434303 -0.580873 0.0932195 -0.53953 -0.182813 
raspberry jam -0.27082 0.379007 0.378144 -0.496626 -0.474207 -0.164595 -0.404103 0.360096 0.298312 0.261139 -0.0433151 0.685721 0.459178 -0.319079 0.268452 0.186849 -0.136427 0.301279 -0.197504 0.3092 0.227015 0.424463 0.00502969 0.367419 0.191607 0.705844 -0.112878 0.428249 0.0993974 0.169028 -0.701153 0.22124 -0.332405 -0.275207 0.2956 -0.00843187 -0.36957 -0.00100394 0.507195 -0.0894127 -0.687165 -0.211542 0.113776 -0.00792976 0.0184972 -0.201257 0.0918399 -0.00686152 0.120788 -0.116162 -0.392225 0.0587569 -0.383411 0.172301 0.204504 -0.0650165 -0.726794 -0.488896 -0.270973 -0.220355 0.208563 -0.3078 0.274595 0.581531 -0.356144 -0.197039 0.594975 0.287926 -0.18751 0.222418 -0.326904 0.117125 -0.160669 0.255089 0.050845 0.123547 -0.296845 -0.133121 -0.526615 -0.0187557 -0.193911 0.527409 -0.325388 -0.244114 0.212774 0.168041 0.504178 -0.518435 -0.133224 0.456972 -0.19122 0.226554 0.284851 -0.53851 -0.0419018 0.12943 -0.297247 0.498647 -0.0246103 0.0466947 
cinnamon 0.0122516 -0.426716 -0.447016 -0.0844661 -0.0676454 0.427593 1.95672 -0.259191 -0.799686 0.487876 0.00292942 -0.496783 0.205277 -0.231747 -0.0730274 0.123075 -0.59931 0.082348 0.414251 0.390099 0.226695 -0.353669 -1.43579 -0.0184412 -0.177763 0.599638 -0.098069 -0.570824 1.0869 0.584575 1.02849 0.111515 -0.473398 0.82042 -0.279596 0.705288 0.052113 0.488584 -0.593751 0.332151 0.232218 -0.610201 0.311685 -0.286846 -0.306916 -0.195532 0.0451059 0.0315082 -0.398629 0.4542 0.303705 -0.0844744 0.364002 -0.183181 -0.0989012 -0.286823 0.376343 -0.586718 -0.64335 0.364062 0.205956 0.489414 0.107571 0.0348107 0.182288 -0.951489 0.247843 0.378069 0.711903 -0.210116 0.0254295 0.727975 -0.193437 0.148301 0.780271 -0.580338 -0.365212 0.402406 -0.291595 -0.40468 0.0802703 -0.24156 -0.708734 -0.518561 -0.0461729 -0.0623377 0.465994 0.63736 0.612395 -0.981869 -0.186119 -0.312632 -0.574567 0.593201 -0.708723 0.50567 0.337883 -0.605115 -0.367281 -0.121397 
english mustard 0.501445 0.0438675 -0.512762 -0.529699 -0.0762801 0.303258 0.806851 0.344221 -0.331194 0.61848 -0.13123 0.559427 -0.49886 0.278717 0.339471 0.151838 0.0161006 -0.0233896 0.0420659 -0.577889 0.464949 -0.649595 -0.255233 0.0311372 0.221969 0.372173 0.238699 0.831747 0.527604 0.012198 0.197148 0.160669 -0.0633299 0.290001 -0.556052 -0.606972 -0.179 0.604206 -0.0687559 -0.153872 0.0388963 0.316098 -0.0990686 0.248204 -0.0943466 -0.612647 0.0182515 -0.529577 -0.157814 0.697416 -0.0542804 0.283776 -0.29134 0.421948 0.393506 -0.25632 -0.339968 0.378274 0.0666268 -0.241477 0.428528 -0.0101804 0.0549367 -0.477762 -0.0465802 -0.0106971 0.477794 0.26521 0.1031 0.289593 0.360615 -0.792581 0.461994 -0.0337042 -0.235847 -0.728862 0.0702834 -0.678327 0.41409 0.136334 -0.336584 -0.407254 -0.13624 0.0674525 -0.828919 0.268882 0.22067 -0.297867 0.600455 -0.238893 -0.00511132 0.0588219 0.207126 -0.658958 0.678797 0.0494604 0.0941486 0.571165 0.0304333 0.354445 
Flamiche -0.111816 0.157736 0.0691878 0.404451 0.103819 0.228208 -0.443847 -0.090185 0.0889094 -0.398191 -0.0431735 0.0399836 -0.272429 0.491868 0.181763 -0.10692 0.337336 -0.209006 -0.0480049 0.234307 0.119335 -0.426899 -0.39463 0.118328 0.0113658 0.192686 -0.384902 -0.218217 -0.468635 -0.275363 -0.0278254 -0.142748 0.376154 -0.498513 -0.352187 -0.464772 -0.0586065 -0.0415204 0.235502 -0.348785 0.316354 -0.251859 -0.293797 -0.173025 0.00116398 0.261759 -0.265465 0.217278 0.488252 -0.325094 -0.43593 0.10564 0.348217 -0.355857 -0.403884 0.0787022 0.231844 -0.175432 0.244447 0.499759 0.253632 -0.111475 0.267481 -0.00956455 -0.219809 0.110855 -0.0174537 0.0679955 -0.423724 -0.430652 0.32382 -0.152598 0.47615 0.225354 -0.377957 -0.170781 -0.0726676 -0.329998 0.483594 -0.341005 -0.418043 -0.309137 -0.157017 0.103502 0.0869195 -0.00741134 -0.0658882 -0.182932 -0.367383 0.372418 0.310792 -0.359207 0.348033 0.184981 -0.203188 -0.0704667 0.402725 0.0156028 0.271746 0.104645 
soy sauce 0.541509 -0.23102 -0.00449373 -0.465855 0.0399367 -0.68875 -0.218146 -0.676882 -0.669988 0.0828689 -0.0862139 0.605136 -0.0398901 -0.054344 0.527558 -0.733315 -0.64143 0.654187 -0.692925 -0.500891 0.0758764 0.214022 0.47187 0.00950941 -0.30269 -0.240183 0.617399 0.154982 -0.0661634 -0.173396 -0.721661 0.666478 0.322254 0.0696414 0.408214 -1.20198 -0.474998 -0.148281 -0.451448 -0.162398 -0.240079 -0.0978892 -0.850049 0.0213969 -0.768392 0.72343 -0.275654 1.03476 -0.298747 0.263234 0.619578 0.446354 -0.498839 0.12394 -0.297775 -0.324748 0.469936 -0.778071 0.0872848 -0.61281 -0.344061 0.238387 -0.478793 0.591321 -0.0190975 -0.39672 -0.0818564 0.436848 0.437664 -0.0944834 -0.0552475 0.0226254 -0.35775 0.125245 -0.599162 0.747597 -0.926594 -0.464117 0.275756 -1.13432 -0.212436 -0.161223 0.625261 1.21936 0.81173 -0.219223 -0.0384045 -0.354951 0.0184196 0.609875 0.189923 0.0143834 0.651553 0.897848 -0.627337 -0.232379 0.464953 -0.211184 -0.0533943 -0.0347724 
ghee 0.717408 0.0152577 0.403025 -0.132939 0.746861 0.65733 -0.294135 0.559967 0.172524 0.411357 -0.0907371 -0.973312 0.615051 -0.593483 -0.635733 0.16607 0.273424 0.51573 -0.397321 -0.154027 -0.0693329 -0.339111 0.0788514 -0.207828 -0.504562 0.699846 -0.0160715 -0.227921 0.239439 0.275936 -0.220715 0.212117 -0.479922 -0.0143051 0.230218 -0.271054 -0.0338735 0.292089 0.175282 0.0320767 -0.214648 0.0284055 -0.257927 0.0384411 -0.0314934 0.14316 -0.47329 -0.6144 0.366169 -0.7291 0.391017 -0.289725 -0.640574 -0.173965 -0.123609 0.262875 -0.150282 -0.00208746 -0.0702222 0.358743 0.0808987 0.477427 0.178429 -0.0151151 -0.560218 -0.0643186 0.723775 -0.149028 0.524634 -0.135879 0.158025 0.142923 -0.238689 0.135039 -0.184303 -0.547907 -0.505587 0.828222 -0.641034 -0.189267 -0.198341 -0.577055 -0.339265 0.305231 -0.177164 -0.0612838 0.414042 0.139278 0.23708 -0.872286 -0.102352 -0.157966 -0.432083 0.210076 -0.358211 -0.539775 0.727312 -0.0024744 -0.696633 -0.259029 
salsa -0.0346131 0.159227 -0.267052 -0.348307 0.419369 -0.154359 0.0932219 0.375418 -0.779101 0.439742 -0.0698999 -0.116029 0.0221063 0.0942158 0.283811 0.170379 0.0938266 -0.186265 -0.568284 0.132645 0.125406 -0.131265 0.285836 -0.202587 -0.0611281 -0.204929 0.609941 -0.245429 0.355206 0.141246 0.00995147 -0.393544 0.315186 0.0475706 0.444528 -0.296186 0.4332 -0.354614 0.0648489 -0.40753 -0.198404 0.0833833 -0.0674938 -0.138257 -0.293476 -0.303156 0.620032 0.131741 -0.134939 0.0651597 0.287456 0.396665 -0.562733 0.249705 -0.206155 -0.00359001 -0.479011 -0.156413 -0.330703 0.456899 -0.288324 0.343393 -0.342559 -0.576263 -0.23178 -0.0349912 0.641371 -0.656606 0.500753 0.350029 -0.237657 -0.704808 0.169601 -0.397377 -0.0878859 0.0500251 -0.374625 0.188249 -0.183507 0.0279917 0.607811 -0.362289 0.189459 0.0644293 -0.0587288 0.265488 -0.128475 0.235694 0.241225 -0.112961 0.126926 -0.464398 0.50919 0.482927 0.144025 0.122071 -0.147456 -0.158873 0.352336 -0.0555342 
Lamb Tzatziki Burgers -0.175836 -0.0805922 -0.48629 0.320367 0.438329 -0.214514 0.0122621 -0.078777 -0.14519 -0.223964 0.0210036 -0.336088 -0.491837 -0.478192 0.100665 0.138902 0.367627 0.480527 -0.380696 -0.43873 -0.169113 -0.421182 -0.214248 0.317958 0.495362 0.0380019 0.418 -0.0627674 -0.316718 0.154703 0.220964 0.216071 0.0703199 0.101917 0.424799 -0.482378 0.272833 0.258033 0.381435 -0.201658 0.12136 -0.245173 -0.427208 0.00856834 0.431198 0.233216 0.309693 -0.153651 0.393108 0.248065 0.246389 0.400389 -0.498442 -0.364083 0.417041 0.0210227 0.315484 -0.354969 -0.167532 0.11118 -0.219783 0.356277 0.460823 -0.00465496 -0.251128 0.242109 0.394433 -0.3961 -0.13636 -0.0910996 0.0392875 0.178084 0.447204 0.247652 0.202592 -0.223813 -0.496023 -0.34547 -0.470812 0.000691102 0.243286 0.149617 -0.493315 0.331678 0.234999 -0.320015 0.0236832 0.212785 0.112951 0.10339 0.328982 0.180139 0.0701434 -0.423524 0.347528 -0.142263 -0.467539 0.426144 -0.12728 0.264053 
cloves 0.511796 -0.0622677 0.899233 -0.0309034 0.747653 -0.106114 1.14663 -0.127319 -0.902635 1.02164 0.337256 -0.415336 0.245735 0.00632119 -0.261962 0.551534 0.457676 -0.318998 -0.241785 -0.0636476 0.54152 -0.596912 -0.909505 -1.01496 -0.331992 -0.692097 -0.666206 -0.420424 -0.101448 0.671584 -0.0310594 0.49591 0.0851926 0.199529 0.308798 -0.0361795 -0.526933 0.213045 0.122261 -1.0902 -0.394075 -0.719701 0.622761 0.38021 -0.539946 0.310666 0.142803 0.0192648 -0.357892 -0.146977 0.815802 -0.211431 -0.794865 0.283329 0.172783 -0.327454 -0.284564 -0.577531 0.121024 -0.398934 -0.00497963 -0.212643 -0.57515 0.0930925 -0.943979 0.177069 0.658367 0.289251 0.167013 0.394429 1.04565 0.5407 0.0445958 -0.219187 -0.544971 0.209113 -0.169934 0.342094 -0.492006 0.40737 0.504472 -0.0230106 -0.475174 -0.347835 0.0742074 -0.113054 0.223819 0.124997 -0.0139574 -1.29691 0.699147 -0.0323427 0.125818 0.389826 0.667658 0.970715 0.145815 -0.238228 -0.0535321 0.273416 
shredded monterey jack cheese 0.146053 0.293925 0.180216 -0.332447 0.535994 0.315909 0.194901 -0.577603 -0.148675 -0.309367 -0.298709 -0.288344 -0.119437 -0.225681 0.276624 -0.481657 0.355243 -0.0554887 -0.26155 -0.393688 0.348035 0.389219 0.487152 0.15234 -0.307353 -0.596171 -0.0250695 0.23732 0.176981 -0.325113 0.380257 0.0361418 -0.100472 0.0402238 0.374439 -0.364708 -0.212729 -0.536062 -0.425398 -0.306178 0.126205 0.080087 0.0859923 -0.575221 -0.299846 0.177789 -0.300612 -0.397116 0.247376 0.0417802 0.390347 0.405501 -0.142653 0.169088 0.546295 0.169122 -0.209588 -0.438677 0.182905 -0.282272 0.0174248 -0.267089 -0.163207 0.15732 -0.215758 -0.208638 0.134592 -0.0981926 -0.352948 0.365749 -0.340759 0.243192 0.323441 0.371561 0.437009 -0.359208 0.392714 -0.13047 -0.315979 0.310162 -0.590833 0.427019 0.284764 0.100284 0.148485 -0.149091 0.331013 -0.075513 0.338628 0.135178 0.271792 -0.136405 0.258282 0.0497378 -0.0312202 -0.102391 -0.420072 0.305019 0.142481 0.0390085 
feta 0.193245 -0.409948 -0.619099 -0.0771665 0.274051 0.17401 -0.256628 -0.213636 0.223428 0.35933 0.0257362 -0.143744 0.0744134 0.188198 0.0728819 0.393836 0.218446 -0.453442 -0.237652 -0.481207 0.0873168 0.698775 0.542542 -0.381888 0.350707 -0.292784 0.636802 0.43303 0.185697 0.165716 0.0328667 -0.280517 0.106331 0.427384 0.422609 0.0358467 0.263982 -0.0435648 -0.647372 0.43832 0.244456 -0.376183 0.110757 0.144833 -0.583207 -0.258416 -0.534268 0.24786 -0.00484366 0.391733 -0.702613 0.397764 0.343642 0.452733 0.413657 0.386819 -0.0500436 -0.137225 0.359938 0.152936 0.166834 0.123689 -0.267589 0.344334 -0.744752 0.195282 -0.336428 -0.154141 0.117448 0.520833 0.280189 0.398301 -0.519586 0.0522852 -0.718873 -0.165003 -0.063879 -0.317936 0.297508 0.135547 0.695059 -0.444373 0.189101 -0.214026 -0.271343 -0.130796 0.497305 -0.168348 -0.259889 -0.440278 0.134994 -0.523134 -0.250595 -0.127672 0.112429 0.21175 -0.517256 0.0886592 0.380264 0.212357 
madras paste 0.102656 -0.0296228 -0.398804 -0.207196 -0.115218 0.273215 0.454966 0.388221 -0.420543 0.259656 0.271129 0.0269667 -0.136356 0.0206406 -0.433296 -0.463014 -0.0129078 0.192523 -0.310734 0.112134 0.172858 -0.513905 0.604104 0.124982 -0.297511 0.364265 -0.0435331 0.296927 -0.452422 -0.0491776 0.156242 0.331757 0.0999559 0.0891592 0.645727 -0.325209 -0.234567 0.448595 0.0203926 -0.0499301 -0.282479 -0.195701 -0.251038 -0.352932 -0.432174 0.387566 0.698159 -0.138579 0.494501 0.109075 -0.144059 0.466493 -0.357824 -0.0433125 -0.549846 0.170478 0.502191 0.2416 0.339322 -0.502758 -0.102501 -0.39009 0.418899 0.102978 -0.19113 0.309034 -0.069635 -0.40839 0.410084 0.504852 -0.356473 -0.126236 0.413708 -0.563182 0.142068 0.0964749 0.40748 -0.0851028 -0.106083 -0.228061 -0.437402 -0.445543 -0.0301656 0.066623 0.130474 -0.352389 -0.639879 -0.0391011 -0.012336 -0.269365 0.036941 0.274099 -0.352185 0.251186 -0.252345 0.0261436 -0.196035 0.314465 0.173227 0.534594 
Rigatoni with fennel sausage sauce -0.522742 -0.149564 0.169746 -0.14133 0.508176 -0.18533 -0.456276 -0.0258134 0.0319102 -0.12957 0.273879 0.436956 0.33762 0.168098 -0.0865037 0.51117 0.197599 -0.512084 0.167491 0.312073 0.0143159 0.022273 -0.0725769 -0.328329 0.163943 0.140189 -0.180028 0.105073 0.30609 -0.664625 0.313377 -0.220431 -0.0073103 0.269523 0.355374 0.286053 -0.338468 0.139776 -0.425829 -0.119288 0.377312 -0.285202 -0.0309219 -0.409458 -0.160773 -0.497377 -0.0848409 0.404502 0.258432 0.00561055 -0.229122 0.0423548 0.281983 0.20873 0.0030318 -0.446275 -0.594472 0.426403 -0.22724 -0.25704 -0.131423 -0.0285721 -0.332816 0.509927 0.555335 -0.258757 0.555165 -0.0276087 0.38574 -0.475654 -0.369624 -0.273341 -0.263359 0.326113 0.416051 -0.0764911 -0.0631714 0.0464397 0.19638 0.357054 0.291289 -0.343919 -0.135469 0.0892507 -0.0845264 -0.0828385 -0.253364 -0.316757 -0.0465988 -0.0324161 0.569495 -0.122976 0.204678 -0.415456 0.47 0.171419 -0.151194 0.275757 0.207498 0.101902 
lemon juice 0.330317 0.379182 -0.277632 0.131778 0.0504669 -0.224674 -0.0585214 0.311037 0.0641004 0.262763 -0.265824 -0.0174659 0.602819 0.103186 -0.277047 -0.167148 -0.416584 -0.173886 -0.323481 -0.322899 0.060351 -0.464416 -0.0859278 -0.140589 -0.298646 0.260323 0.090063 -0.427313 0.177231 -0.309505 0.0370408 0.222114 -0.100781 -0.318974 -0.304637 -0.391253 -0.776789 -0.142205 0.127945 0.399809 0.660344 -0.0912406 0.339652 0.263591 -0.233431 0.346304 0.345387 0.603448 -0.513771 -0.775574 -0.277582 -0.193183 0.402901 0.130989 0.160616 -0.336251 -0.572026 0.299002 0.0210037 0.0544279 -0.6095 0.109767 0.0200648 -0.286574 -0.177527 0.404798 -0.654712 -0.793405 -0.0032236 -0.060229 -0.304343 0.0189356 0.464212 0.633771 -0.750552 -0.592137 0.621475 0.277354 -0.257702 0.13319 -0.262476 -0.443703 0.0800376 -0.778159 0.357064 -0.0211697 0.135449 -0.233772 0.0908571 0.326784 0.0247916 0.202715 0.0305172 0.500377 0.0107278 0.160099 0.00689697 0.149669 -0.236007 -0.240188 
Three-cheese souffles 0.450732 0.294138 0.396759 -0.313744 -0.305365 0.353181 0.382165 -0.0926805 -0.337732 -0.380072 -0.0156446 0.371804 0.196209 -0.35087 0.342572 -0.215208 -0.442722 -0.497766 0.130365 -0.132288 0.100102 -0.147751 -0.0212145 0.0065043 0.448329 0.440765 0.154212 0.346559 0.00123594 0.217707 0.43562 0.352831 0.306573 -0.448199 -0.256951 0.119015 -0.437309 0.15248 -0.0750268 -0.175329 0.418137 -0.194577 0.494664 0.068031 -0.429672 0.0102539 0.363634 0.0259037 0.180914 -0.184019 0.0194563 0.345257 -0.247631 -0.013074 0.480685 -0.0974485 -0.164256 0.27944 -0.0991931 -0.302131 0.259335 -0.0405877 0.349045 0.218599 0.458385 -0.065637 0.0829628 -0.0195025 -0.446925 0.199696 -0.329659 -0.393086 -0.156207 -0.226273 -0.452511 -0.333284 -0.273261 -0.274032 -0.257979 -0.414521 0.242881 -0.0263364 -0.328235 0.255679 0.0618524 0.22227 0.200613 -0.247752 0.212747 -0.455709 -0.413771 0.237135 0.122369 -0.462778 -0.460551 -0.424723 -0.214886 0.442033 -0.0950704 -0.230166 
garlic , 1 clove -0.441537 0.016919 -0.315249 0.353489 -0.0755184 -0.475435 0.209725 0.0627336 0.0190982 0.0242502 -0.386164 -0.521847 -0.413749 0.537411 0.646616 0.0413374 0.224697 -0.636748 -0.135131 0.36198 0.209049 -0.125941 0.217568 -0.497888 0.242475 -0.0413946 -0.637916 0.655516 0.359817 -0.228364 0.338321 0.258888 -0.581321 0.541305 0.293574 0.18518 -0.0581896 0.613372 -0.0102226 0.180055 0.00114209 -0.386459 -0.492869 -0.118998 -0.112871 -0.0769946 -0.00440885 -0.0573466 0.127469 0.499098 -0.414042 -0.102748 0.29754 0.558804 0.168253 0.0165667 -0.036632 -0.379991 -0.0963618 0.0908223 0.944506 0.3283 -0.0814717 -0.338491 0.813462 0.572041 -0.221235 -0.268485 0.111054 0.608924 0.0641109 0.279482 -0.548266 -0.100829 0.357541 -0.360222 0.0782657 -0.500739 -0.457582 0.738954 0.215261 0.31166 -0.324141 0.218165 0.397416 0.209031 -0.107668 -0.509331 0.121201 -0.770922 -0.117299 -0.196036 -0.151599 -0.340486 -0.0589163 0.76011 0.905646 -0.228446 -0.116999 -0.402588 
ginger cordial 0.370982 -0.249133 -0.386055 -0.0741138 0.0839447 0.0465494 -0.0539875 -0.281193 0.10128 -0.547094 0.575017 -0.414871 0.101315 0.57346 -0.305678 0.763671 0.495934 0.0641551 -0.198715 0.0189803 0.585471 -0.359812 -0.442545 -0.21401 0.0920087 0.338068 -0.478804 -0.419435 -0.0420715 -0.512216 0.258298 0.440071 0.164808 0.368547 -0.278149 0.638182 0.493861 0.117133 0.100357 -0.124168 0.357877 -0.0252522 -0.319552 -0.0534957 -0.61729 0.560499 -0.445578 -0.214461 -0.0853901 0.517621 0.253505 0.215053 0.576081 0.293635 0.456123 0.312702 -0.226176 0.246625 0.159815 0.532667 -0.0752194 -0.538051 0.177874 0.0449896 0.226111 -0.2257 -0.323805 0.120909 -0.220494 -0.398847 0.230268 0.329074 0.630705 -0.394033 -0.259161 -0.288073 0.201639 -0.43775 0.573431 -0.0696598 -0.540688 -0.130929 0.46659 -0.445168 -0.12992 -0.278753 0.343547 -0.359777 0.0568514 -0.437953 -0.0901872 0.0841128 -0.0614194 -0.19756 0.165469 0.21679 -0.081272 -0.220269 0.187892 0.012706 
fennel bulb -0.377527 -0.432635 0.19206 -0.364049 -0.259514 0.624431 0.767976 0.0185771 0.564835 0.443927 -0.609692 -0.0204407 0.167151 -0.306714 0.22917 0.0987862 0.148868 0.258761 0.36066 0.346247 0.0776203 0.478338 0.105665 -0.0343977 -0.648011 -0.149783 -0.204975 -0.485204 0.745297 -0.0700433 -0.0236016 0.312137 0.11913 -0.0988024 0.300427 -0.546782 -0.0835977 0.838525 -0.467811 -0.327023 -0.217038 -0.721259 -0.236615 -0.0880945 -0.344048 -0.15792 0.0493261 0.611981 0.140438 -0.351092 -0.151629 -0.326426 0.340153 0.22668 -0.132014 -0.0695694 -0.267156 0.255411 -0.171806 0.262406 -0.387318 0.243209 0.287134 -0.359233 0.219997 -0.234077 0.451287 0.719542 0.575249 0.554495 0.784777 0.51366 -0.0294387 -0.58792 -0.208184 0.0604798 -0.363662 0.0183548 -0.384701 0.0757476 -0.0795834 -0.409077 -0.595332 0.257348 0.420514 0.279546 -0.190476 0.0168785 0.206226 0.158942 -0.132921 0.464137 -0.397529 0.260231 -0.140713 -0.442217 -0.397242 0.784366 0.154683 0.106792 
blueberries 0.0465581 0.30172 -0.176659 0.284426 -0.219449 0.372266 -0.490157 0.267679 -0.0318739 -0.376599 0.45194 0.207285 -0.213319 0.273591 0.298933 0.325156 0.354114 0.350095 -0.125602 0.469382 0.299018 0.0913926 -0.353691 -0.462791 0.214833 -0.0965407 -0.03237 0.102314 -0.1201 -0.203503 0.415154 -0.415384 -0.156394 0.31009 0.441152 0.395342 0.170347 -0.368823 -0.00318066 -0.404658 0.236582 0.185041 0.0211759 0.482361 -0.235809 0.447525 -0.0594105 0.151091 -0.0894126 -0.413348 0.492463 -0.124465 0.0145752 0.389298 0.384673 0.412549 0.21304 0.310342 0.254033 -0.117238 0.360931 -0.144953 0.292482 -0.411593 0.158811 0.182401 0.304884 -0.401628 0.17555 -0.0229793 0.358511 -0.475629 -0.325213 -0.195187 -0.402761 -0.388972 0.216114 -0.169074 0.0746559 0.268515 -0.202595 -0.267211 -0.48513 -0.363871 0.0852772 0.282095 -0.290798 0.477318 -0.397816 -0.386105 0.295348 -0.23886 -0.0415096 -0.323955 -0.462777 0.44717 -0.131128 -0.30839 0.456729 0.486402 
basmati rice 0.105102 0.228726 -0.020938 -0.113573 -0.0909764 0.434543 -0.110632 -0.0091736 -0.17114 0.214347 -0.456338 0.176117 0.252916 -0.357425 -0.480434 0.450171 -0.086006 -0.499654 0.0561826 -0.304886 0.277218 0.270802 -0.201048 0.0423107 -0.340919 0.108323 0.166966 -0.0162086 -0.242187 -0.57585 -0.0584082 0.391409 0.59706 -0.105764 -0.133782 0.444707 -0.602942 -0.0518514 -0.272675 0.175976 0.574816 -0.376021 0.423456 0.368329 -0.321763 -0.0873515 0.102997 0.333951 -0.0153162 -0.44127 0.0334363 -0.232437 -0.633135 -0.0182623 -0.597082 0.274455 0.12662 0.430978 0.489107 -0.777657 0.472399 0.332166 0.169138 -0.219293 -0.409395 0.102294 0.30637 0.660777 0.527747 0.216983 0.222627 -0.42191 0.407251 -0.113151 -0.463967 0.181492 0.500654 -0.0500564 0.295489 0.0604953 0.470844 0.0627486 0.391545 -0.20211 -0.347958 -0.319774 -0.277028 0.624287 0.526363 -0.137049 -0.256559 0.821222 -0.242434 -0.399537 -0.478649 0.0543823 0.131245 0.113319 0.219067 0.537506 
parmigiano reggiano 0.0662438 -0.244869 -0.0486555 -0.104574 0.132568 0.0941884 0.377465 -0.0922145 -0.143679 0.0796371 -0.103184 0.508166 0.106199 0.156297 0.323939 -0.51298 0.0304799 0.527517 0.453796 -0.193102 -0.213077 0.239419 0.223467 0.107785 0.109385 0.00403376 -0.391371 0.271598 0.62344 -0.198408 -0.0238655 -0.25972 -0.00955847 -0.569253 0.0649409 0.194244 -0.0118774 -0.0109259 -0.268052 -0.270266 0.254675 -0.306366 -0.0701242 -0.326319 -0.0986932 -0.116567 -0.364768 -0.247473 -0.588647 0.282035 -0.251379 -0.506804 0.408106 -0.142084 -0.124144 -0.485861 -0.0987728 -0.331871 0.0214935 0.447916 0.394838 0.0247488 -0.0615079 0.286359 0.499148 -0.0356468 0.549064 -0.327372 -0.258109 0.0723819 -0.191332 0.059011 -0.574382 0.164602 -0.237821 0.479403 0.341402 -0.190667 -0.603694 -0.367615 -0.492205 0.200888 -0.415977 -0.013489 -0.173011 -0.264016 -0.246537 0.166422 -0.177738 0.446537 -0.309464 0.131397 -0.381657 0.397091 -0.221957 -0.151392 0.540163 0.142107 -0.364949 0.399521 
Teriyaki Chicken Casserole -0.313778 0.351036 0.355812 0.276906 -0.295845 -0.0587754 0.348104 0.279176 -0.336426 -0.125005 -0.26837 0.0877214 -0.309081 0.231598 -0.528564 -0.00690323 -0.0458753 -0.50907 0.407722 0.0927793 -0.455269 -0.0284733 0.261441 -0.163553 0.223933 -0.42952 -0.0205486 0.176315 -0.459646 0.0643186 0.594233 0.364297 0.0764756 -0.0848693 -0.183969 0.381785 0.00655795 0.180063 0.21599 0.00242959 0.47993 0.137955 0.268422 -0.307591 0.425007 -0.248661 -0.177059 -0.030263 0.317914 0.425598 -0.244254 0.185804 -0.280437 -0.254674 -0.253216 -0.0182452 0.527697 -0.0247522 -0.480797 -0.140213 -0.631213 0.509052 -0.348509 0.194251 -0.140507 0.12701 0.085835 -0.248377 0.405854 -0.195714 0.356396 0.0384349 0.0220725 0.18058 -0.268016 -0.120735 0.389907 -0.247989 -0.367856 -0.061228 0.198776 0.333333 0.397372 -0.0141791 -0.407446 0.298311 0.106224 0.295376 0.014422 -0.326269 0.266346 -0.435252 -0.156315 0.584308 -0.549121 -0.12703 0.458365 -0.120535 -0.047672 0.388634 
tomato -0.495926 -0.106558 -0.296483 0.321655 -0.178059 -0.280594 0.173681 0.422916 -0.288978 -0.195812 -0.499969 0.200079 0.125373 -0.120991 0.174426 0.140325 -0.354805 0.542883 -0.141484 0.148542 -0.152449 -0.462922 -0.463552 -0.127877 -0.228271 0.438427 -0.130639 0.470403 -0.287497 0.44146 -0.225168 0.360013 -0.355866 -0.087786 -0.349961 0.565429 0.479585 -0.138196 -0.511724 0.342162 0.411321 -0.247451 -0.15975 -0.383383 -0.107468 0.141678 -0.101378 0.329075 0.456185 0.0705603 -0.065779 0.253075 0.0847945 0.132046 0.659897 0.315756 -0.52363 -0.203975 -0.0875316 0.088076 -0.0033656 0.345095 0.202356 -0.0509974 0.187993 0.389427 0.33584 -0.2032 0.323598 -0.145233 0.445663 -0.358481 -0.0827309 0.397602 -0.421624 0.0682786 -0.463696 -0.219172 0.54674 -0.23361 0.247511 -0.0794281 0.312659 0.408302 0.0612421 -0.0170172 -0.124342 0.177137 0.463499 -0.0848884 0.616994 -0.345422 0.102543 -0.256633 0.234143 0.378704 -0.156545 -0.43075 -0.106123 -0.503275 
Pierogi (Polish Dumplings) -0.461858 0.019255 0.169522 -0.361727 0.312452 -0.163589 -0.195433 0.366383 -0.288878 -0.467694 -0.128718 -0.460486 -0.236548 -0.208695 0.257381 -0.217535 0.201085 -0.306764 -0.482126 0.493714 0.446592 0.0183622 0.1598 -0.0263033 0.16228 0.145072 -0.0440811 0.390111 0.334804 0.197939 -0.252983 0.198056 -0.302913 0.404446 0.339489 -0.384353 -0.131587 -0.394608 -0.444562 -0.0575409 0.378306 0.0467349 0.117514 0.346393 0.261088 0.0593173 -0.155635 0.0178765 0.167531 0.0966515 0.263654 -0.00256886 -0.191697 -0.250042 -0.134471 -0.395808 -0.407314 0.21222 -0.434496 -0.3465 0.312968 -0.284598 -0.0132582 0.385387 0.399893 -0.057755 -0.463668 0.370539 0.0468448 0.483996 0.393973 -0.282837 -0.196849 0.131099 0.257443 0.252169 0.0403734 -0.172251 -0.0392549 -0.374443 -0.359071 -0.170038 -0.176517 -0.359172 0.370239 -0.0908028 0.068543 -0.235431 -0.222451 0.325431 0.0218353 0.30575 -0.0625037 -0.155043 0.168322 -0.361328 -0.312401 0.0408803 0.263227 -0.415808 
penne rigate 0.396564 0.546923 -0.210434 -0.0365942 0.127785 0.0876441 0.299193 0.204081 0.225819 -0.384833 -0.516266 -0.477194 -0.448972 0.0896698 0.597736 -0.696049 0.236495 -0.224835 0.111847 -0.268985 0.328375 0.203684 0.492237 -0.533201 0.0828064 0.107845 0.249943 0.126386 -0.119368 0.256093 -0.17056 0.320237 -0.221771 0.112926 0.298512 -0.41546 0.526076 0.303062 -0.463643 0.232698 -0.148418 0.272053 0.456577 0.0864536 0.270547 -0.384065 0.552381 -0.381719 -0.339033 0.510255 -0.0168322 -0.649561 0.260233 0.114235 0.187972 0.0262981 0.494336 -0.0896882 0.45108 0.536808 0.0621149 0.254116 -0.459864 -0.00737278 0.213622 0.0179781 -0.371585 0.030646 -0.647275 0.0976339 -0.358281 0.176797 0.0215588 -0.1611 -0.560485 -0.279054 -0.150623 0.388294 -0.427151 0.300715 -0.155679 0.424138 0.388284 0.0738149 0.56563 -0.0977194 0.0660424 -0.568195 0.000720799 0.0730663 -0.510135 -0.114307 -0.546996 -0.313448 -0.228286 0.396996 -0.116318 -0.452509 -0.341894 -0.0014854 
sesame seed -0.481141 0.444512 0.141344 -0.367394 0.788332 0.384085 -0.0427801 -0.264427 -0.396899 -0.34439 0.333524 -0.387044 0.111743 -0.0291167 -0.234849 -0.492234 -0.400132 -0.222347 0.281144 0.0448581 -0.00879093 -0.406509 -0.0339923 -0.582609 -0.173673 -0.0522222 0.553292 -0.272593 -0.362197 0.191881 -0.176873 -0.430127 0.324459 0.297963 0.537924 -0.23266 0.279471 0.24422 0.433169 -0.265573 0.0869977 0.0907241 -0.158589 -0.0949602 -0.272354 -0.185612 -0.153877 -0.0624489 0.0162924 0.223084 0.448495 -0.23537 0.286643 -0.212112 -0.39853 -0.259804 0.290195 -0.584812 -0.222526 -0.271154 -0.716059 0.402418 -0.0272304 -0.15437 0.590966 -0.0226141 0.473378 -0.318306 0.260162 0.2479 -0.0237512 0.682704 0.387846 -0.424471 -0.123513 0.104311 0.194821 -0.419293 0.0156105 0.310965 0.0681261 0.608675 0.335438 -0.203887 0.0506117 -0.276454 0.228569 -0.275892 -0.24444 0.697312 -0.43464 -0.371838 -0.0431066 -0.725756 -0.00768251 0.346611 -0.363335 0.274146 0.23065 0.15043 
apricot jam -0.265168 -0.315935 -0.307882 0.336496 -0.109484 0.316485 0.0182932 0.340397 0.38489 -0.442297 -0.15488 0.40756 -0.489967 0.192279 -0.207222 -0.470598 0.170555 0.0763432 -0.153715 -0.217145 0.399081 -0.13126 -0.443001 0.178604 -0.140394 0.305816 0.415493 -0.0496657 0.110636 -0.05763 -0.348958 0.0355344 -0.327627 -0.39701 0.236726 0.207454 -0.361306 -0.188228 -0.288404 0.291864 -0.0938094 -0.338969 0.0594866 -0.301183 -0.117819 -0.387198 -0.257632 0.196636 0.329261 -0.264092 0.240535 0.148519 -0.309312 -0.213144 -0.0523829 -0.350772 -0.457623 0.392858 -0.0593703 0.29001 0.198351 -0.144874 0.183715 -0.41718 0.4632 0.292611 -0.359474 -0.496484 -0.263989 0.164694 0.331943 0.419948 0.324668 -0.39191 -0.0171712 -0.0082403 -0.0578872 0.356019 0.116626 -0.450174 0.233752 -0.151766 0.491738 0.257208 -0.421903 0.18041 -0.138546 0.132926 -0.014968 0.414988 0.296076 0.444252 0.166039 0.183132 -0.0170683 0.215312 -0.409145 0.316116 0.0480412 -0.0506894 
oyster sauce 0.401164 -0.186997 0.391712 -0.549708 0.5723 -0.301411 0.0456022 -0.505279 0.425203 0.343492 -0.0678969 -0.635658 0.106777 0.285864 -0.0877761 -0.49539 -0.148821 -0.0614377 0.495246 0.188557 0.377877 0.120937 0.289366 -0.380548 0.113852 0.18985 -0.141565 0.103057 -0.492207 -0.101456 0.349891 0.477187 0.470911 -0.0404826 0.0455595 0.182869 0.381611 -0.238954 -0.307578 0.502182 -0.145922 0.430629 -0.0129151 -0.104976 -0.676698 -0.0320829 -0.0902084 0.0351638 0.0283892 0.0529177 0.153089 0.0524136 0.0102225 -0.423398 -0.125214 0.130608 0.68289 -0.311466 -0.137528 -0.332399 0.1907 0.44072 0.164246 0.234703 -0.408057 -0.395336 0.321317 0.265124 -0.447602 -0.323822 -0.0678578 0.128579 0.50719 0.358925 -0.0552617 -0.560933 0.337293 -0.117562 0.128239 -0.236948 -0.274346 -0.437958 0.148416 -0.423051 -0.410464 -0.349763 -0.0414942 0.487583 0.205731 0.197748 -0.15623 -0.462874 0.0193052 -0.306678 -0.0813023 -0.338814 0.222073 0.139125 -0.4757 0.378583 
cream 0.565093 -0.184593 0.428321 -0.0135183 0.482598 0.131536 0.723402 -0.0149835 -0.50752 0.229101 0.490555 0.39549 0.347173 0.276344 0.239796 -0.180396 -0.0942071 0.471703 -0.526519 0.711741 -0.294845 0.078131 0.306623 0.107554 -0.159794 0.183282 -0.186271 -0.132733 -0.299277 -0.0679775 -0.132672 -0.0127247 -0.153606 0.156162 -0.333072 0.0275119 0.27628 0.150739 0.166215 -0.00897309 -0.0876162 -0.499428 0.52439 -0.570651 -0.511453 -0.499763 -0.159007 0.474323 0.159797 0.264667 -0.374261 0.216853 -0.277325 -0.495647 0.255186 0.00258227 -0.475044 -0.674106 0.304976 0.0797632 -0.44961 0.13907 -0.400477 0.289696 0.076001 0.298905 0.243011 0.451719 0.123249 -0.158333 -0.494154 0.48206 -0.31732 0.239223 0.177274 -0.540271 0.000689987 -0.192356 -0.169854 -0.423736 0.0964958 0.42296 -0.139178 0.664669 -0.108811 -0.634686 -0.467758 -0.123606 -0.0477243 -0.396279 -0.0753283 0.101307 0.549266 0.141252 0.0467567 -0.285104 -0.278112 -0.187642 0.426899 0.313507 
tamarind paste 0.0139848 -0.479216 0.337751 -0.303907 0.169574 0.380189 0.0673159 0.377727 -0.280836 -0.293074 -0.178624 -0.505853 -0.567628 -0.325803 0.061252 -0.344558 0.32472 -0.0194602 0.106077 -0.0434226 0.391522 0.0987238 0.498538 -0.193827 -0.246981 0.367684 -0.387447 -0.260196 0.0651965 -0.138252 -0.163163 -8.22549e-05 -0.0279266 0.347526 0.414893 -0.194851 -0.409961 -0.222685 -0.320666 0.449809 -0.0779893 -0.218032 -0.165573 0.0599446 -0.511263 -0.473524 -0.225833 -0.02629 0.160405 0.0652155 -0.699858 -0.558568 -0.149829 -0.434734 -0.351484 -0.199576 0.203339 -0.390531 0.353268 -0.542796 0.120775 -0.0575423 -0.157539 -0.222211 -0.408051 0.370776 -0.281594 -0.0791303 0.255746 0.235358 0.136126 0.160604 -0.223741 0.186043 0.0512242 0.0556887 -0.537198 0.156972 -0.236556 -0.372757 -0.287512 -0.309977 0.623969 0.15088 -0.134529 -0.217496 0.116751 -0.308842 0.264863 -0.451662 0.672117 -0.441796 0.302746 0.395195 0.222301 0.00504229 0.375582 -0.514307 -0.499186 0.603413 
bun -0.171499 -0.259621 0.0986152 0.244664 -0.0801875 -0.443094 -0.466425 -0.220936 0.440263 -0.155168 -0.285571 0.409517 -0.484032 -0.277509 0.0572793 0.215339 0.00116103 0.128342 -0.235152 0.0454044 0.376165 0.309709 -0.210477 -0.39269 0.28169 -0.231642 0.21475 -0.241249 -0.109461 0.35376 -0.487044 -0.359325 0.0582782 -0.463673 0.30838 -0.45974 0.244971 -0.100912 -0.07365 -0.414675 -0.429283 -0.206667 0.204844 0.463872 0.321934 0.00559095 0.0991273 -0.386639 0.387189 0.412029 0.420445 0.426116 -0.336541 -0.136076 0.0764404 0.12029 0.0582521 0.047819 -0.0685955 -0.154092 -0.008161 -0.172566 0.473486 -0.133942 0.211108 0.433931 0.456398 0.122161 0.200133 -0.420791 0.413459 0.254369 0.467978 -0.0441451 -0.185733 0.0543098 -0.229589 0.372723 0.471841 -0.311311 0.390936 -0.0954025 -0.185186 0.453907 -0.426693 0.25039 -0.314681 0.01815 -0.00643438 0.161334 0.124642 0.25386 0.11749 -0.471068 0.0340609 0.359343 -0.0470034 -0.470103 0.409109 0.0590759 
oysters 0.33805 -0.368309 -0.143804 -0.364361 -0.3622 0.0938095 -0.405775 0.00133874 0.341346 0.459845 -0.151766 -0.014425 0.441209 0.373176 -0.257856 -0.406826 -0.288158 -0.0468808 0.383469 -0.395176 -0.0206337 -0.200353 -0.279671 0.0803418 -0.0591968 -0.0533259 -0.205471 0.460605 0.372869 0.400569 0.498379 0.0839732 0.278597 0.233372 0.185313 0.296408 0.448447 -0.0703431 0.235434 0.437887 0.168063 -0.18682 0.0969295 0.0569723 0.0662992 -0.354479 0.221918 -0.30832 -0.384872 -0.298993 0.425455 -0.0476621 0.415625 0.443428 0.155055 0.45969 0.395882 0.0728804 -0.425408 0.363389 0.492871 0.0813338 -0.29452 -0.376436 -0.10102 -0.345973 -0.244814 0.16106 0.468027 -0.232859 -0.0520698 0.190383 0.0108629 0.143785 0.104274 0.458692 -0.106694 0.0255721 0.198085 -0.296103 0.291056 -0.377959 0.434979 0.428106 0.0662538 -0.0558091 0.488517 -0.465783 0.439652 0.0700918 -0.365099 0.386768 -0.0911076 -0.413797 0.253225 -0.00990257 0.36824 -0.478558 0.290232 0.491156 
basil 0.0164602 -0.288791 0.107481 0.0348062 0.990193 0.794443 -0.354401 0.580657 -0.367194 0.386648 -0.382937 0.418762 0.607784 -0.300164 -0.260356 0.51432 0.0132803 0.191756 0.376289 0.233518 0.121905 0.199889 0.222057 0.0625844 -0.399547 0.443076 -0.441817 -0.54423 0.445521 0.0402459 -0.157339 -0.16249 0.331422 -0.0125949 0.287361 -0.149566 -0.322277 0.27981 -0.708652 0.111667 0.274749 0.169682 -0.20289 0.275119 0.0166376 -0.0333104 -0.547839 -0.419048 -0.369419 0.0475851 0.217467 0.588383 -0.187817 0.806299 -0.710819 -0.282721 0.023877 -0.559941 0.00548362 0.463972 -0.642186 -0.171561 -0.143327 0.119736 -0.385793 -0.430974 0.706646 0.524682 0.55403 -0.827551 0.714947 -0.689445 -0.345542 0.471655 0.317973 0.317648 0.67818 -0.785835 -0.342844 -0.180213 0.430867 0.465243 -0.242113 0.00374847 -0.804339 -0.212065 -0.185807 0.11015 0.320383 0.433679 -0.809242 0.425283 0.395872 0.229042 0.127916 0.353222 -0.73741 0.96354 0.231493 -0.0568487 
carrots -0.260228 -0.536608 0.342632 0.626295 0.289561 0.0361929 1.33947 -0.412951 -0.152885 0.411612 -0.566012 -0.363329 0.350787 0.756091 -0.533902 1.03451 -0.456973 0.139802 1.00821 1.04679 -0.0457185 0.165038 -0.583716 -0.394509 -0.71844 1.20919 -0.446962 0.170502 0.131695 -0.77707 -0.509774 0.303137 -0.134565 -0.532306 -0.669859 -0.895611 -0.494357 0.0825654 -0.972026 -1.15508 -0.0818692 0.0216031 0.628913 -0.433169 0.495556 -0.0671505 1.48254 -0.131484 0.557046 0.82981 -0.629055 0.372776 0.0540366 -0.17406 0.787379 0.184152 0.0171156 0.375004 -1.41331 -0.282096 0.782462 1.12228 -0.884392 0.319194 0.229114 0.684296 0.549497 0.159405 -0.806656 -0.122496 1.08334 0.0513867 0.374937 0.858452 0.553315 0.26698 0.13556 0.262462 -0.701103 -0.79298 -0.58657 0.54366 -0.405844 -0.204001 1.13897 -0.325014 -0.502155 0.372171 0.183167 0.182699 -0.328648 0.666728 -0.821271 -0.207999 -0.55754 0.588625 -1.18599 -0.0320697 1.3038 0.0984598 
thyme -0.239232 0.406556 0.44912 -0.085695 0.135508 0.0629829 -0.490524 0.479052 -0.0534339 -0.36587 -0.295191 -0.506367 0.341001 -1.25097 -0.0065283 -0.843771 0.188972 -0.597009 0.501624 -0.34536 -0.455815 0.697169 -0.0745997 0.532439 -0.0739693 0.46141 -0.261219 -0.215488 -0.175749 0.0344409 0.14 -0.209119 0.54309 0.324855 -0.0773483 0.50216 0.203558 -1.13098 0.468314 0.0291532 0.126397 0.191528 -0.136705 0.34971 -0.586298 0.591171 -0.691597 -0.0877234 0.476556 -0.663728 -0.232023 0.235093 -0.0310335 -0.76299 -0.447782 0.0290259 -0.360041 0.768904 0.735099 0.109537 0.0996289 0.0670425 0.176669 0.533189 0.417516 -0.0654888 0.10128 0.310414 -0.295834 -0.472276 -0.0769633 -0.691953 0.221128 0.205828 0.397673 0.481092 -0.121531 -0.0713519 0.969138 -0.400199 0.2114 -0.372889 -0.425534 -0.0485891 -0.737159 0.374295 -0.378682 0.488525 0.143777 0.379631 -0.286563 -0.571219 -0.0666108 -0.411203 0.0985351 0.105283 0.363661 -0.615568 -0.623533 0.24635 
caster sugar -0.481704 0.367712 0.22655 -0.198005 -0.219169 0.0365911 0.914671 0.422254 -0.540516 0.0758294 0.0737813 0.306589 1.09575 0.574187 -0.312076 -0.147937 0.622221 -0.699134 0.141823 1.03384 -0.315593 -0.2104 -0.230448 0.405727 -0.487582 0.972951 0.634568 0.445689 0.61392 0.109703 0.846508 0.819329 0.959428 -0.369356 -0.163786 -0.529399 -0.0146793 -0.076348 0.234251 -0.422327 -0.610074 -0.220043 0.217563 -0.0360133 -0.572895 0.248089 0.557058 -0.0374776 -0.565871 -1.05726 -0.652733 0.0580741 0.512239 0.767882 0.0538945 -0.715226 -1.01285 -1.21262 -0.0747278 0.200259 -0.308973 -0.658405 -0.642822 0.517754 0.283209 -1.12918 1.48525 0.833063 1.0163 0.411884 0.865124 0.0222031 0.556 0.774056 0.151121 -0.133001 -0.3888 -0.876328 -0.288024 -0.534786 0.177665 0.761431 0.0927642 0.173001 0.453925 0.119036 0.0980696 0.0722086 -0.148772 -0.0071453 -0.570056 -0.257438 -0.156457 0.409774 0.138851 -0.285075 -0.426847 0.279541 0.0856951 -0.70293 
mustard powder 0.291664 0.266771 -0.0916566 -0.158244 0.129199 -0.427173 -0.402138 0.361771 -0.317436 0.431428 0.124875 0.0794588 -0.335244 -0.555787 0.356483 0.27541 0.180347 -0.311097 -0.406875 0.326505 0.136146 0.37415 0.553278 -0.179568 0.0393511 -0.169335 0.529918 0.363589 -0.186038 -0.217618 -0.178394 -0.000456243 -0.764141 -0.389954 -0.350524 -0.101199 -0.264379 0.536934 -0.434632 -0.362829 -0.0805209 0.233321 -0.535183 -0.545214 -0.358668 -0.390413 -0.54088 0.0309309 -0.249432 0.27455 0.357831 0.0671746 -0.0511654 -0.228806 -0.395423 -0.0157818 -0.333929 0.152324 0.282532 -0.475638 0.169757 0.251119 -0.0786862 0.0297219 -0.064482 0.332154 -0.376693 -0.127893 0.100602 -0.0571716 -0.205903 -0.256115 -0.121767 0.312768 0.223641 0.645406 0.325197 0.501756 0.676253 -0.364999 0.311589 -0.082745 -0.340245 0.0532548 -0.405241 -0.4758 -0.252387 -0.375612 -0.533221 0.265717 0.230855 0.0700496 0.547081 -0.0036063 0.068155 0.596824 -0.412305 -0.115771 -0.310471 -0.0133212 
cacao 0.656668 0.192481 -0.436069 -0.049712 0.0647587 0.369013 0.630748 -0.191424 -0.530168 0.671007 0.232606 -0.36371 0.511407 -0.0690101 -0.129797 -0.196402 0.497536 -0.317459 -0.0612877 -0.0790667 0.0567015 0.235657 0.394696 -0.507843 -0.535442 -0.0530474 -0.320901 0.0396124 0.284839 0.294256 -0.435287 -0.156974 0.245263 0.134294 -0.441678 -0.350648 0.268024 0.265803 -0.0569703 0.439206 0.288885 0.04382 0.0320061 0.0309601 -0.00139614 0.0991084 -0.403249 -0.054398 0.591229 0.0528553 -0.0838237 -0.534314 -0.270888 0.130724 -0.010276 0.130716 -0.632437 0.0190109 -0.0303316 0.34519 0.336458 0.36013 -0.137131 0.579326 0.591315 -0.0535861 -0.255041 -0.429967 -0.101118 -0.63141 0.221816 0.118417 0.597435 0.0660468 -0.0898158 0.0676307 0.0605578 0.151808 -0.601623 0.477841 0.120537 0.607143 -0.147651 -0.015975 -0.0342858 -0.0176618 -0.637031 0.231317 -0.0461517 -0.402883 -0.385426 -0.0249703 -0.0426981 0.184694 0.582597 -0.46744 0.406866 -0.0215835 0.418914 -0.100041 
worcestershire sauce -0.233476 -0.20181 0.0408384 -0.121566 0.365217 0.456264 0.381599 0.0959265 -0.0877467 -0.287886 -0.207629 -0.26835 -0.339697 0.0796912 -0.416627 -0.571534 -0.189024 0.210026 0.273262 -0.307145 -0.208977 0.492037 -0.0731745 -0.321849 -0.652742 -0.306758 0.405067 0.29527 0.0601523 0.267229 0.0230104 -0.13857 0.17696 -0.263395 0.650244 0.512197 0.183702 -0.254373 0.426267 -0.0889255 0.196655 -0.429417 0.0279762 -0.0349286 0.376937 -0.252695 -0.00281594 -0.310531 -0.111817 0.557469 -0.169226 -0.316342 -0.354022 -0.31069 -0.340234 -0.343474 -0.149535 0.432564 -0.372962 0.254058 -0.448288 -0.603034 0.364247 0.155576 0.321237 -0.313353 0.396632 0.262271 0.0381724 0.493987 0.207818 0.165802 -0.580379 0.00198746 -0.434076 -0.0229327 0.20346 -0.183135 0.286966 0.0134703 0.295328 0.166816 0.358871 -0.133897 -0.138797 0.0552627 -0.182854 0.23394 -0.0284047 0.393103 0.181487 0.246361 0.276455 0.303719 -0.349713 0.429542 0.504042 0.171709 -0.225738 -0.35587 
baby plum tomatoes -0.403645 -0.693048 -0.0331702 -0.366286 0.558033 0.303492 -0.0905282 -0.594961 0.174782 -0.16558 0.337655 0.385207 0.269716 -0.3392 0.654104 0.295282 -0.187892 -0.460423 0.150372 0.0387752 0.0133512 0.395647 -0.176256 -0.650333 -0.324654 -0.0575139 0.363449 0.360923 -0.212556 0.149053 -0.329634 -0.455007 0.302661 0.565733 -0.133387 0.42697 -0.457008 0.350137 0.0640502 0.133734 -0.040482 -0.190074 -0.383917 0.118129 0.271442 -0.0878836 0.192036 -0.308105 -0.14207 -0.062671 -0.149168 0.0687851 -0.0366606 0.125568 -0.288399 0.240171 0.423692 -0.0653994 0.651827 0.140669 0.0714707 0.0542942 -0.327365 0.308165 0.406715 -0.352492 -0.459662 -0.476719 -0.357873 -0.190318 -0.135166 -0.582944 0.207848 -0.470825 -0.0994785 0.23531 -0.0889482 0.308307 -0.174446 0.541101 -0.628597 0.236091 0.240921 0.110525 -0.0287629 0.337196 -0.304188 -0.45586 0.0886798 -0.37057 -0.145301 -0.134998 0.61224 0.199457 0.662454 0.329565 0.119122 0.399151 0.205886 -0.142669 
pecorino -0.0611598 0.588933 0.43214 -0.164834 -0.140781 -0.253658 -0.226326 0.0553678 0.174797 0.0660844 0.21629 -0.571943 0.257186 0.735893 -0.362751 -0.342872 -0.124958 0.0105156 -0.342954 0.30485 -0.536585 0.133831 -0.503489 -0.220505 0.0360662 0.189312 -0.304522 -0.316997 -0.54106 0.587913 -0.0868629 0.429858 0.387843 0.16369 0.0811405 0.23215 0.196929 -0.272005 -0.258463 -0.0753842 0.316808 -0.0809216 0.418392 0.288959 -0.471744 0.553362 0.0977624 0.405858 -0.725179 0.160902 -0.354545 -0.0959957 0.047519 0.295585 0.0851338 -0.429193 0.363352 0.21963 -0.078688 0.258916 0.168022 -0.353546 -0.38099 0.320916 0.122266 -0.0104008 0.104694 -0.338616 0.234025 -0.0282486 -0.300982 -0.05962 0.377633 -0.0888805 -0.218619 -0.667222 0.45279 -0.389837 -0.562138 0.00832221 0.112656 0.0998793 0.105003 -0.621578 -0.359566 -0.124722 -0.341214 0.144239 0.126905 -0.307161 -0.256752 -0.0533052 0.0916937 -0.451877 -0.123141 -0.347901 0.0982318 -0.541451 -0.443538 -0.488447 
brown rice 0.369203 0.00684746 0.239897 0.000901369 0.20845 -0.145552 0.312651 0.277214 -0.375193 -0.0396184 0.391945 0.0306455 -0.33362 -0.290542 -0.428291 -0.247119 0.258489 0.0529316 0.553163 -0.0515189 -0.0928943 0.278982 -0.0747223 0.441288 -0.355424 0.146414 -0.0150988 -0.329999 -0.436934 0.101008 -0.317297 0.52409 0.118428 0.333421 -0.347465 0.317007 -0.0163749 0.200873 -0.54058 -0.206773 -0.0551187 0.164509 0.426474 -0.271384 0.195072 -0.393475 -0.251918 0.498307 -0.190734 -0.0394974 -0.166292 -0.2694 -0.523611 -0.315782 -0.0147987 0.500058 0.210414 -0.0793029 -0.286521 -0.0148245 0.0111317 0.226234 0.137684 0.233726 0.212776 -0.119316 -0.523042 0.429478 -0.339028 -0.348411 -0.0831408 -0.23194 0.131892 -0.16825 0.0315923 0.224346 0.266443 0.552643 -0.311515 -0.73812 -0.643548 0.563903 0.35463 -0.0143563 -0.387901 0.00716461 0.342928 0.392075 -0.424329 -0.099205 -0.0976874 0.0205433 0.293017 0.649379 -0.416513 -0.505943 0.314758 0.0433986 0.306232 -0.402717 
red wine 0.559226 -0.213428 0.448656 0.662258 0.0763528 -0.306544 -0.142314 -0.339926 -0.695825 -0.381823 0.0333191 0.238718 0.65156 -0.0160213 -0.221888 -0.396079 -0.252376 0.186671 0.069345 -0.226517 -0.147194 0.196276 -0.723482 -0.0598157 -0.0248441 0.03181 0.390291 0.0273543 -0.835257 -0.174677 0.230038 0.687335 -0.31973 -0.0408444 -0.426696 0.304073 -0.410476 -0.537942 0.399246 0.408874 -0.477091 0.0100001 0.0959495 -0.0390456 -0.321072 0.0034786 0.668628 0.139406 0.277534 -0.218548 0.151122 -0.180165 -0.0425123 0.597317 0.481392 -0.287523 0.109468 0.334887 -0.624246 -0.479634 0.786662 0.360725 0.0312895 0.77071 0.00271448 0.695402 -0.123497 0.188774 0.163203 -0.324978 -0.0572874 -0.229419 -0.454717 -0.179596 -0.259089 0.201163 -0.131948 -0.297967 -0.259032 -0.0576128 0.567187 0.292628 -0.0148073 -0.143088 0.290868 -0.241465 -0.0674253 -0.523344 0.398009 0.36788 -0.457868 -0.385317 -0.261948 -0.175694 0.442046 0.741366 0.0713013 -0.800556 -0.239123 -0.62337 
Kapsalon 0.148698 0.323191 -0.299093 -0.00336592 -0.20391 0.369853 0.109959 -0.273482 0.125792 0.0749573 0.0330892 -0.167096 0.402382 0.557584 -0.318294 0.179174 0.341378 0.120866 -0.424794 -0.0960624 -0.502137 0.0238902 -0.181776 0.424046 0.365252 0.16914 0.142306 0.194606 0.561928 0.342399 0.419751 0.147006 -0.216761 0.34062 0.219425 -0.222537 -0.381554 0.197811 0.237564 -0.393505 -0.48531 -0.187854 0.313147 -0.402722 0.544685 -0.0802097 0.225661 -0.0152312 -0.150529 0.57559 -0.463742 0.164978 -0.443964 0.0336802 0.414954 0.578898 -0.269359 0.359609 -0.0669715 -0.257284 -0.376001 0.193658 0.275358 -0.0494115 0.547902 0.0890847 0.165412 0.400118 0.11592 0.75466 0.0229723 -0.38923 0.717983 -0.341198 0.00667121 0.264008 0.371056 -0.260486 0.262465 0.696649 0.27855 0.104429 0.305205 -0.27337 0.439905 0.185775 0.321239 0.273122 -0.0374932 -0.601765 -0.506473 0.0319487 -0.365598 -0.522279 0.209955 -0.242125 -0.364123 0.229201 -0.541991 -0.260576 
fries 0.40874 -0.292541 0.726377 0.574373 -0.351852 -0.414547 0.0670952 -0.115699 -0.160795 0.591108 0.196412 0.370701 -0.12743 0.935258 -0.134639 -0.466086 -0.17717 0.0828941 -0.171996 -0.155675 0.0480437 0.239435 0.342105 0.415306 0.17735 -0.524526 0.31448 0.135008 -0.103108 0.375461 -0.0997833 0.168811 -0.648967 0.378288 -0.662666 -0.258939 0.0609017 -0.211013 0.461424 -0.210438 -0.518502 -0.60822 0.587326 0.22117 0.003355 -0.0384351 -0.192378 -0.147333 0.138699 0.820781 -0.572903 0.170476 -0.677295 -0.16988 0.11225 -0.455961 -0.330866 -0.304793 -0.124737 -0.264814 0.172609 0.534725 0.246108 0.11971 0.179643 -0.0896622 0.450956 0.776476 0.307237 0.25209 0.187711 -0.434836 0.111964 0.426315 -0.0271617 0.235321 0.124973 0.351807 -0.422726 0.467365 0.0747933 -0.0435676 0.397461 -0.218717 0.264939 -0.42704 0.00457238 0.193692 -0.349525 -0.204235 0.347348 -0.135567 -0.492387 -0.497172 0.223475 -0.101597 -0.511037 0.0541334 -0.18262 0.412308 
chilli powder -0.0571233 -0.762648 -0.352428 -0.843693 0.766004 -0.0318101 0.523425 -0.295033 -0.284224 0.207302 0.578946 -0.0431076 0.269883 0.172061 0.111355 0.335607 0.069232 -0.543819 0.333887 0.904114 0.0155256 -0.250851 -0.356938 0.946066 -0.164829 -0.049242 -0.330598 -0.37865 0.26303 0.0397915 -0.676191 0.0774386 -0.127116 0.251408 0.226076 0.128001 -0.692056 -0.666171 0.080471 0.240777 -0.348325 -0.126079 0.532534 -0.463526 -0.1483 0.171401 -0.0606163 -0.132302 0.0606952 0.174201 -0.52762 0.407841 -0.272937 0.373539 -0.299445 -0.153418 0.29014 -0.542003 0.28932 0.261432 0.552161 -0.356249 0.441167 -0.00771962 -0.293819 0.138442 0.0741326 0.35079 0.0813355 -0.429139 0.506965 0.246561 0.355737 0.335355 -0.430342 -0.219828 -0.125334 -0.258768 -0.465622 0.362244 0.816065 0.259468 -0.525003 0.265813 -0.123263 -0.453443 -0.262911 0.580534 0.184962 -0.694342 -0.101703 -0.666545 -0.0523298 0.275226 0.241191 -0.00990746 0.703199 0.528254 0.203472 0.128933 
wholegrain bread 0.351927 0.252078 -0.194568 -0.15021 0.162983 0.304809 -0.121537 -0.203132 0.170907 0.256228 -0.0528977 -0.110765 0.382796 0.202744 0.126764 0.319441 -0.547914 0.528686 -0.0596064 0.112443 -0.253773 0.538826 -0.189973 0.47271 -0.391624 -0.0408219 0.268337 0.0779456 0.0388296 -0.584821 0.658132 -0.286084 0.28044 -0.194233 0.312864 -0.422055 -0.301997 -0.00506475 -0.0355311 0.159294 0.128648 -0.0153197 -0.36245 0.229859 -0.418002 0.149718 0.334197 -0.220953 0.00710786 -0.446691 0.015599 -0.39605 -0.55686 0.217429 -0.36518 -0.224255 0.40021 -0.00454142 -0.130801 -0.103042 -0.646952 -0.0952621 0.47694 -0.0229268 0.03934 0.131218 0.228377 -0.163602 -0.269423 0.151475 -0.226798 0.161015 0.0498689 -0.144313 -0.299621 -0.197862 -0.215811 -0.210635 -0.273954 0.33063 -0.244572 0.153965 0.454696 0.401925 0.178158 -0.386505 0.221409 -0.122501 -0.208781 0.0406722 0.66939 -0.00992428 -0.248713 -0.0145255 -0.00379283 -0.106193 -0.0407281 -0.245392 -0.0932742 0.159251 
doner meat -0.0596577 0.0624468 0.514509 -0.235942 -0.331374 0.14238 0.362033 -0.020061 0.377979 0.173077 -0.512334 0.374659 0.40532 0.535688 0.305357 0.175073 -0.493607 -0.205876 0.0368983 -0.119107 0.496051 0.185438 0.0526023 -0.287019 0.0210663 -0.589868 -0.161484 -0.121281 0.708183 -0.460653 0.329708 0.169578 0.244923 -0.339287 -0.657338 0.0140965 -0.214922 0.11798 0.0774584 -0.1818 0.294944 -0.145945 0.00284944 0.0581389 0.579378 0.2562 -0.64198 0.393397 -0.0775641 0.273246 0.338982 -0.0376703 0.305505 0.23872 -0.112119 -0.385655 0.113949 -0.372539 -0.255792 -0.249806 -0.146332 -0.354462 -0.150033 -0.326757 0.309666 0.337339 0.650167 0.0718218 0.490899 -0.116311 0.349253 0.320856 0.538387 -0.12826 -0.0261084 -0.0923637 0.0723038 0.390068 -0.514014 0.148555 -0.399562 0.46277 -0.440151 0.121489 -0.425449 -0.353026 0.429286 0.094765 -0.0430778 -0.731077 0.44158 -0.483917 -0.256798 -0.0703954 -0.299756 -0.504037 0.138452 -0.0802026 -0.618223 -0.340419 
cornstarch -0.313001 -0.371218 -0.568455 0.408537 -0.167207 0.529295 0.179205 0.0410034 -0.00576345 -0.0484434 0.126844 0.250022 0.262437 -0.284623 -0.0894838 0.275394 0.0169026 -0.173613 0.17257 0.185027 0.196599 -0.0530447 -0.269616 -0.323975 0.213695 -0.284107 -0.0610428 -0.39814 0.0565646 -0.594237 0.118513 -0.222485 0.219527 0.374363 -0.242122 -0.0702255 -0.317947 -0.801566 -0.0549378 0.181457 -0.588954 0.301542 0.134633 -0.110201 0.270186 0.467854 -0.23408 0.74717 0.0718275 -0.30449 0.535331 0.108617 -0.674972 -0.557693 -0.512268 0.278738 0.174223 -0.0461095 0.415429 -0.0259003 -0.757961 0.450607 -0.367723 0.414246 0.129478 0.336255 0.0257694 0.510688 -0.421475 -0.00245081 0.341819 -0.359061 0.0281851 0.290748 0.194283 -0.010033 -0.208253 -0.0335429 0.0338315 -0.613564 -0.016114 0.24847 -0.264699 0.897015 0.108604 0.140164 -0.283729 0.0179945 -0.125054 0.0195217 0.186305 -0.193414 0.280251 0.723262 0.582321 -0.084137 0.338227 -0.427903 -0.320799 0.0985012 
Creamy Tomato Soup -0.388332 -0.136239 0.38056 -0.108676 -0.533421 0.452369 0.185462 -0.0801071 -0.171763 0.0853234 -0.0107963 0.0311201 -0.199539 -0.435134 -0.209851 -0.298454 -0.47469 -0.210154 -0.310528 -0.0207089 0.129469 0.0587451 0.337976 0.057675 -0.016587 0.673605 -0.226497 0.706631 -0.126617 -0.462843 0.43565 0.245754 -0.228168 0.249972 -0.218011 0.416458 -0.263563 -0.226075 -0.58598 0.251287 0.188594 0.467704 -0.023434 -0.0949557 -0.417415 0.352811 0.20597 -0.195922 -0.477676 0.168333 -0.208674 -0.246061 0.150675 0.199065 -0.162532 0.10375 -0.37353 0.320928 -0.628029 -0.28466 0.435241 -0.293061 0.461099 -0.422695 0.344682 -0.0233726 0.284714 -0.08464 0.148033 0.577501 0.148018 0.188045 0.115492 -0.0871663 0.535698 -0.0820122 -0.209317 0.0041017 0.551571 -0.129923 -0.0141465 -0.00748283 0.169418 -0.0762336 0.276486 -0.106096 -0.246401 -0.246592 0.5074 0.256066 -0.436706 0.338554 -0.389738 -0.208849 -0.660807 0.147972 -0.083478 0.284489 0.268246 0.249803 
cocoa 0.232125 0.168584 -0.0956848 0.461482 -0.587239 0.511598 0.133618 0.384412 -0.518082 0.156527 0.290941 0.290373 0.867395 -0.0330927 -0.224147 0.363756 -0.514426 -0.0134233 0.347133 0.633316 0.414439 0.345864 0.1177 -0.209236 -0.431885 0.337677 -0.0832614 -0.187327 0.322455 0.398408 0.15527 0.358236 0.353056 -0.334678 -0.318294 -0.439801 -0.0921296 -0.376805 0.268748 -0.185603 -0.136874 -0.357007 0.407538 -0.0874466 0.336312 -0.045519 0.240387 -0.361504 0.459034 -0.299908 -0.414499 0.0493412 -0.387908 -0.193549 -0.125353 -0.140256 0.238781 0.490481 -0.354783 0.698701 -0.198519 0.10313 0.0591724 0.535567 0.0392377 0.284379 0.644878 -0.0406896 0.031867 0.095933 0.0303106 -0.0793874 -0.630823 -0.4109 -0.395338 -0.47154 -0.0396758 -0.310247 -0.419859 -0.284881 -0.0941895 -0.156034 -0.406722 0.0818831 0.153466 0.591776 0.246936 0.0497873 -0.537423 -0.435766 0.131041 -0.107454 0.306933 -0.252172 -0.295604 0.543238 -0.135228 -0.0633996 0.0204479 0.164066 
flaked almonds 0.33429 -0.373701 0.0923115 -0.0170405 -0.714857 -0.637461 0.449023 -0.350418 -0.47703 -0.312734 0.617766 0.0151493 0.410993 -0.325835 0.205644 0.794399 -0.0499058 0.280946 -0.0242522 -0.499153 -0.329469 0.140941 -0.464651 -0.284164 -0.12909 0.0167951 0.059891 -0.173034 -0.262071 0.773855 -0.439102 0.386685 0.552861 -0.193706 -0.297808 -0.539694 -0.676305 0.712028 -0.00793275 -0.0334035 -0.475483 -0.17612 -0.123522 0.205619 0.0536294 -0.108862 0.0430662 0.157089 0.20285 -0.0241385 -0.212753 0.506292 0.1417 -0.329794 -0.0916083 0.242324 -0.958402 -0.488249 0.133494 -0.239894 -0.427667 -0.566169 0.0535786 0.263429 0.461823 0.221714 0.700207 -0.0556131 -0.109565 0.292065 0.52294 0.522808 0.560022 0.424975 0.202684 -0.252027 -0.709475 0.453491 -0.439804 0.0514268 0.140327 -0.00079473 -0.251564 0.665416 -0.604055 -0.713234 0.38108 0.0708323 -0.000938628 0.0682815 -0.325557 0.0821161 -0.22318 -0.668623 0.39088 0.351776 0.263942 -0.0406476 0.407797 -0.603992 
orange -0.392294 0.346558 0.144461 -0.21371 0.0946222 0.127745 -0.321384 0.0543714 0.227335 -0.206417 -0.234302 0.627941 -0.228287 -0.0132673 -0.303324 0.0836594 -0.444059 0.570754 0.140561 0.406749 0.314257 0.250962 0.254131 -0.524508 -0.53369 -0.420182 -0.0169058 -0.182126 -0.669947 -0.00101089 -0.35444 -0.210578 0.0743821 0.434774 -0.263596 0.522822 -0.13612 -0.111993 -0.320812 0.499559 -0.296291 0.14195 0.0873653 -0.335342 0.631738 0.384467 -0.083493 0.568392 0.0292222 0.217481 0.00587399 -0.0203008 0.125262 -0.0655132 -0.43526 -0.427595 -0.2948 0.251583 -0.600711 -0.624967 -0.0575677 -0.114509 -0.562655 0.135815 0.611295 0.27435 -0.0286285 0.247929 -0.246833 -0.183151 0.278299 0.473314 0.674678 0.367265 -0.237577 0.287253 -0.116812 -0.0543459 -0.300651 -0.639418 -0.321165 -0.29087 -0.380479 0.557094 -0.433475 -0.411741 -0.200648 -0.33197 -0.473118 -0.10507 -0.00360011 0.171372 -0.160549 -0.0469507 -0.175927 -0.0723248 0.332646 0.316692 -0.337957 0.142558 
granulated sugar 0.232078 -0.584583 -0.242776 0.252282 0.228236 -0.536125 0.661998 0.00284079 0.119504 -0.167708 0.213114 0.429338 0.0774817 -0.239993 -0.333114 0.417405 -0.278283 0.495719 0.514037 0.33384 -0.101715 0.50474 -0.47223 -0.661092 0.500871 0.269765 0.264392 0.34807 0.147972 -0.291824 0.245268 0.406396 0.0567741 -0.161527 0.124907 -0.0933709 0.602278 -0.12948 -0.416189 0.461565 -0.465077 0.103693 -0.269525 0.199681 0.0997043 -0.221392 -0.548232 -0.150999 0.388816 -0.201264 -0.286988 0.135139 -0.35805 0.248734 0.459729 0.179121 -0.244336 0.25501 0.0530918 -0.104793 0.253944 0.300888 -0.0889197 0.717587 0.138844 0.00103817 0.374612 0.765004 0.360656 -0.678006 0.467784 0.795528 -0.519131 -0.105235 0.415837 -0.38733 -0.0880098 0.0687694 -0.60347 -0.136759 -0.455134 0.277574 -0.090833 0.312148 0.238742 -0.443252 -0.130678 -0.16707 -0.0423689 0.212967 -0.682343 0.232768 -0.153629 0.646405 -0.376042 -0.183091 -0.394258 -0.118488 0.556724 0.129691 
garam masala 0.767608 0.51975 -0.19223 0.0553687 0.893826 0.520278 0.727343 -0.100972 0.0902716 0.452958 -0.43523 0.40273 0.0082077 -0.196139 0.327836 1.07742 0.77037 0.697709 -0.520414 1.5136 -0.567411 -0.144347 0.398611 0.677281 -0.578187 0.508989 0.140777 -0.559253 -0.370529 0.587585 0.0219469 0.850043 0.081094 -0.139251 -0.0655542 -0.371449 -0.447808 0.617335 0.975396 -0.169609 -0.329505 0.236092 0.399008 -0.385288 -0.745459 0.151768 0.370263 0.80919 0.190742 -0.159618 -0.331186 0.253359 0.0259941 0.248871 0.163756 -0.348712 0.447523 0.660341 0.484013 -0.19951 -0.0671634 0.389093 -0.26514 0.319656 -0.109231 0.0667096 0.301865 -0.407626 0.0669883 0.393526 -0.125509 -0.134115 0.242849 0.77962 -0.252648 0.509393 -0.492924 -0.0836495 0.241071 -0.189374 -0.202316 -0.403596 -0.409735 0.350725 -0.143513 -1.32378 0.0103648 0.598182 0.370341 -0.309703 0.938284 -1.07197 0.112265 0.225901 0.0513862 -0.148179 0.303741 0.829815 -0.362237 0.0214311 
redcurrants -0.29178 0.31131 -0.0180328 0.411585 0.354916 0.487312 -0.195807 -0.107376 0.237013 0.279558 0.402211 0.349451 -0.21293 -0.248635 -0.202122 -0.0226688 -0.347396 -0.33477 -0.163566 0.139326 0.346836 0.399439 0.0325201 0.316031 -0.190481 0.0630113 -0.243719 -0.456097 0.16961 0.488566 0.109361 -0.223737 0.483858 0.334653 0.26805 -0.288754 -0.23152 -0.249308 -0.0197971 -0.384806 0.0962957 0.19056 -0.0949826 -0.298542 0.195163 -0.490463 -0.0766803 0.138974 -0.200324 -0.265228 -0.114935 -0.405455 0.0331149 0.445771 -0.0228987 -0.233332 0.395486 -0.0856115 0.0266778 0.256049 -0.482754 0.186053 0.241762 0.414376 0.0987557 -0.356174 0.28106 -0.368477 -0.310693 0.389062 0.335474 0.317132 -0.0391467 -0.255554 0.0142874 -0.493053 -0.374047 0.400459 -0.303725 0.39854 0.334074 -0.192352 -0.220136 -0.0697622 -0.397663 0.499803 0.396497 0.136725 0.468349 0.296728 -0.334717 0.324994 0.239627 0.305608 -0.319338 0.471553 -0.0671612 -0.031251 -0.090432 0.00385479 
whole wheat 0.215945 -0.318169 0.420758 -0.128021 0.260352 0.03991 -0.222873 -0.0310161 0.377939 -0.0546871 0.233559 0.159541 0.15379 0.5478 -0.128833 0.00658557 -0.355697 0.0150457 0.637718 0.128946 -0.36874 0.202334 -0.412154 0.168686 -0.213562 -0.342983 0.299629 -0.20822 -0.134075 0.374356 -0.199867 0.517776 -0.328593 -0.217543 -0.0583996 -0.132127 0.264421 -0.132546 0.512015 -0.0191144 -0.0547752 -0.114523 -0.0270035 -0.449159 0.115448 -0.247038 -0.25712 -0.00181428 -0.469606 0.191782 0.473268 0.25403 -0.0436123 0.121335 -0.17115 0.0979332 -0.0812171 0.0144277 0.0895961 -0.415401 -0.545821 0.273423 0.162939 0.0484836 -0.442509 0.261874 -0.12013 -0.0304759 -0.203293 0.363818 -0.348434 -0.313626 -0.123796 -0.433303 0.263189 -0.0821447 0.0353797 -0.450526 -0.701014 -0.612963 0.0943021 0.0620745 0.0296223 0.166071 -0.259618 0.311033 0.563546 -0.724433 0.00674186 -0.412961 -0.391681 0.00590024 0.339964 0.392536 -0.505632 0.1211 0.265411 0.218876 -0.0706529 0.303906 
Kumpir -0.00313962 0.256754 -0.130239 -0.219561 -0.0906263 -0.14294 -0.24086 -0.124648 0.423531 -0.276889 -0.146702 -0.459071 -0.321836 0.0664934 0.00934493 0.236627 -0.144723 0.267038 0.0753703 -0.374552 -0.238159 -0.257159 0.417718 -0.102429 -0.428255 -0.0554191 -0.219299 0.395654 0.41508 0.307063 -0.260669 0.156624 0.155175 0.0872221 -0.492728 -0.435454 -0.42484 -0.122914 -0.277754 -0.416162 0.294839 -0.149722 0.0668395 0.096446 0.406297 -0.388954 0.435723 -0.180874 0.445781 0.115654 0.391363 0.126176 0.347467 0.41775 -0.452222 0.203098 0.289523 0.28394 0.134597 0.0993886 0.228581 -0.392136 0.0096208 -0.330761 0.23858 0.0975703 0.00115498 -0.0213752 -0.265765 -0.358589 -0.361049 0.387763 -0.351484 -0.346117 -0.405021 -0.200288 0.201454 0.328309 0.242219 -0.343346 -0.278689 -0.0203849 0.154535 0.162152 -0.141281 -0.20631 -0.0430072 -0.498929 -0.152523 -0.313551 -0.236055 -0.445181 0.380143 -0.476356 0.0594297 0.0410538 -0.38923 -0.120951 0.425415 -0.369202 
cucumber 0.0574659 -0.237681 0.0218818 0.312399 -0.291838 -0.325345 0.321184 -0.150394 -0.120063 -0.440938 -0.162284 -0.404063 0.0454722 0.842719 0.465224 -0.620713 0.127726 -0.808081 0.415467 0.312903 0.0959825 -0.0964207 0.163134 -0.0972152 -0.120741 0.0285953 -0.0507802 -0.523268 0.405454 -0.0856356 -0.404772 0.628231 0.000375611 0.158157 -0.462263 0.300244 0.0312765 0.126208 0.0559334 0.196897 -0.0340738 0.389711 0.576823 0.256296 0.386065 0.0258139 0.31708 -0.535632 0.0766364 0.36118 0.0366096 0.368273 -0.348803 0.292211 0.557988 -0.179836 -0.0155262 0.483579 -0.171499 0.566812 -0.589754 -0.192709 -0.334396 -0.482934 -0.221579 0.0488065 0.206725 0.251359 0.369837 -0.15355 -0.443348 0.341157 -0.255836 -0.652814 -0.518683 -0.287283 0.25645 0.0073385 -0.343502 0.2252 0.414319 -0.00852637 0.666069 -0.27642 0.41168 0.221853 0.472993 -0.425046 0.370436 -0.581533 0.781343 -0.125192 -0.479087 -0.280883 -0.380575 -0.151316 0.212194 0.495388 -0.233501 0.272666 
Beetroot Soup (Borscht) 0.306716 -0.30623 -0.404548 0.420788 -0.323935 0.18617 0.319553 0.120359 0.274521 0.400338 0.198903 0.112867 0.408381 0.0313993 0.0359906 0.213356 -0.125602 0.476858 -0.25274 0.325901 0.298376 0.154342 -0.226008 -0.480243 0.0837713 -0.217897 0.00242326 -0.0438995 -0.473208 -0.0239101 -0.0238624 -0.367388 -0.323438 0.426976 -0.309952 -0.381832 0.0537707 -0.0784427 -0.268558 -0.490069 -0.323377 0.188597 -0.453588 -0.250991 0.238178 0.175279 0.187274 0.373356 -0.433582 0.320677 -0.477132 -0.158692 0.00396904 0.168429 -0.0969827 0.191392 -0.0839 -0.0422112 0.139129 -9.9206e-05 -0.270768 0.0706196 -0.331412 -0.215308 -0.245976 -0.281863 0.136571 -0.183139 -0.0485341 0.195771 -0.462346 -0.447365 0.248972 0.315555 -0.0984076 0.161932 -0.00612608 -0.168355 -0.337364 -0.0290967 -0.451901 -0.0638304 -0.254904 -0.103147 0.3867 0.352722 0.384568 0.223248 -0.337084 0.163684 0.176674 -0.3944 0.478113 0.44651 0.238895 0.0122879 0.133799 0.335892 0.432816 -0.0723565 
Bread and Butter Pudding 0.184569 0.0893572 -0.223098 0.261066 -0.0408916 0.226914 -0.0929523 -0.381627 -0.263249 0.327158 0.239522 -0.241111 0.26958 0.221531 -0.364971 0.367667 0.237095 0.481884 -0.349012 -0.264341 -0.126241 0.0519436 0.0153547 0.0246212 -0.282649 0.157866 0.202368 -0.201467 -0.471874 -0.472575 0.509255 0.194416 0.369147 -0.00475144 -0.416906 0.510153 0.0883406 0.350618 0.171748 0.0615156 -0.27632 0.346475 -0.146652 -0.135356 0.00835292 -0.270629 0.163764 0.276401 -0.23421 -0.201013 0.188285 -0.195724 -0.110594 0.0722992 -0.0876397 -0.146504 -0.128389 0.143015 0.0279489 0.0490458 0.356112 -0.546407 0.123944 -0.0350804 -0.256424 0.285481 -0.289534 0.107057 0.27098 0.577302 0.349676 0.403621 -0.235907 0.101463 0.0230423 -0.255581 0.0726106 -0.210375 -0.257756 0.0896484 0.354619 0.139356 -0.29776 0.0413166 -0.456255 0.33381 0.128953 -0.088472 -0.222848 -0.381696 0.174368 -0.0916961 -0.126138 -0.148957 -0.406425 -0.429212 -0.0485064 0.221538 0.109656 0.144765 
Chicken Enchilada Casserole -0.135258 0.0116347 -0.416829 0.0689216 -0.158355 0.642537 0.102404 -0.251688 0.163509 -0.0412304 0.479248 0.392953 0.315324 0.324111 0.135001 -0.246189 0.287615 0.18879 0.541272 -0.026272 -0.187767 -0.266833 -0.266618 0.0510118 0.294751 -0.439048 -0.267921 -0.369077 0.0759862 -0.412923 -0.314953 0.164301 -0.0304066 -0.0910378 0.586209 -0.000421308 -0.033413 -0.117038 -0.272879 0.128473 0.415079 -0.480243 -0.362575 0.261342 -0.49621 -0.00376707 0.187718 -0.0674079 -0.504678 -0.249274 0.126635 -0.0679768 -0.364397 0.366099 0.234082 0.308502 0.31015 -0.0395005 0.66974 0.114114 -0.300912 0.137742 0.444743 -0.4412 -0.546794 -0.353115 0.258161 0.170396 -0.540164 -0.0755786 0.544635 -0.164055 -0.283974 0.63475 -0.293105 0.22004 0.434552 0.185289 -0.169374 -0.177385 -0.460696 0.0416746 0.183168 0.175394 -0.367226 0.339628 0.592474 -0.224088 0.245215 -0.630331 0.101574 0.0461464 -0.0954061 0.00388354 0.071514 -0.304878 0.188669 0.233937 -0.332024 -0.383064 
fennel seeds 0.443757 0.510878 0.256455 -0.436764 -0.150585 0.408397 0.250956 0.200793 0.445543 0.301417 0.173321 -0.501215 0.167646 -0.564764 0.145507 0.252712 -0.0330433 -0.0873916 -0.0470803 -0.0811815 0.243394 -0.285809 0.138826 -0.347429 0.546972 0.467849 0.0213662 0.0620585 0.468741 0.185185 -0.352705 0.371669 0.38845 0.136987 0.158279 -0.0543366 0.293053 0.0297452 0.245964 0.0850231 -0.265915 -0.790621 -0.305588 -0.608533 -0.593001 0.229391 -0.0154594 -0.0795928 0.213443 -0.299056 -0.220112 0.0796124 -0.153709 -0.0127575 -0.246277 -0.0199376 0.0410049 0.154507 0.231763 -0.296955 -0.289053 -0.0933942 0.300587 -0.473899 -0.145421 0.321802 -0.151274 -0.059727 0.161631 0.0467353 -0.132787 0.151762 -0.114609 -0.0622483 0.523548 -0.185968 0.278773 -0.0178653 -0.426994 -0.0575648 -0.259671 -0.129177 0.43909 0.572547 -0.166121 0.143165 0.315881 0.022138 0.407777 -0.628021 0.26531 -0.547216 0.129079 -0.234168 -0.4802 0.246131 0.295362 -0.151503 -0.302108 0.0133314 
cajun -0.330907 0.0404017 0.348204 -0.868515 0.205796 -0.366251 -0.289832 -0.0416187 0.385414 -0.336102 -0.338089 -0.0427784 -0.590521 0.45423 -0.258587 0.234693 -0.33436 0.262053 0.332873 0.218163 -0.0998418 0.237636 -0.479429 0.773942 0.239564 0.0926577 0.133297 -0.319157 -0.264528 0.0271197 -0.434225 -0.562921 -0.0583938 0.289897 0.052102 0.0249812 0.119048 0.495131 0.277992 -0.402417 0.483564 0.32455 0.131281 0.154021 -0.666687 0.166007 -0.226491 0.147564 -0.0602328 0.535641 0.127655 0.522792 -0.257734 0.32918 0.0822868 0.0617425 -0.591807 0.355775 0.00897323 0.0496391 -0.38591 0.322817 -0.218865 0.494741 0.436344 -0.534523 -0.211896 0.498142 0.234289 0.0830152 -0.210913 -0.195701 -0.301054 -0.0356202 -0.44279 0.138134 0.378245 -0.150251 0.431856 0.0220763 -0.376491 0.194828 0.132731 0.110838 -0.705047 -0.263654 -0.314563 0.374367 -0.235656 0.142231 -0.446826 -0.0787469 0.0318208 0.0208126 0.808729 0.175985 0.39169 -0.0782585 0.303327 0.55101 
Massaman Beef curry -0.37158 -0.227754 -0.180066 -0.0362276 -0.57622 -0.403969 -0.277842 0.300178 0.299649 0.325558 -0.335236 -0.575123 -0.446234 0.340108 0.123578 0.410585 -0.299049 -0.34981 -0.263165 -0.0441785 -0.207969 0.240389 -0.277687 -0.191285 -0.0658459 0.526924 0.0271172 -0.253151 -0.186145 0.0338863 0.590841 0.0743656 0.584682 -0.142407 -0.196522 0.280413 0.0758333 0.181149 -0.444958 0.237444 -0.295393 -0.345011 0.0328565 -0.290887 0.438851 -0.190224 0.280376 0.195759 0.311361 0.410903 -0.426315 -0.45954 0.160712 0.243901 0.179731 0.12904 -0.269221 0.0568491 -0.364837 0.326743 -0.0100154 0.359463 -0.494773 -0.310838 -0.272888 -0.211328 -0.371316 0.16845 -0.202197 -0.0916955 -0.186856 0.161544 0.0375013 0.565594 -0.270809 0.0036211 0.260925 -0.151774 0.0382954 0.358955 -0.405921 0.62118 -0.237572 0.487681 -0.545507 -0.0959764 -0.252709 -0.173045 -0.135943 0.217254 0.129208 -0.114773 0.333481 0.197421 0.586439 -0.172835 -0.327283 0.544887 0.352547 -0.154768 
Kedgeree 0.107683 0.234536 -0.297408 -0.234934 -0.199205 -0.18395 -0.0746158 0.233393 0.0321754 0.438297 -0.213475 0.450618 -0.0736916 0.184736 0.467077 -0.37019 -0.256038 -0.105545 -0.399821 0.330645 0.322549 -0.365843 -0.236736 0.221498 0.241347 0.328192 -0.420283 0.161689 0.199832 0.264164 0.0936971 0.3991 -0.0202596 0.309379 0.334222 -0.0372397 0.0821122 0.215146 -0.198998 0.28452 -0.125596 0.477488 -0.373256 -0.127372 -0.24146 0.0520085 -0.240104 0.0747522 0.414641 0.103337 -0.288519 0.417183 0.0617026 -0.0895628 -0.170876 0.238884 0.469925 -0.356255 -0.102416 0.492894 0.159273 0.0538128 -0.407834 -0.145972 0.15607 0.0350703 0.136515 -0.140827 -0.131858 0.0413712 -0.285134 0.139767 0.255143 0.390898 0.363402 -0.235504 0.267484 0.444798 -0.194906 -0.135968 -0.0314288 0.124366 0.0902358 -0.471566 -0.308724 -0.0850676 0.0110143 0.316417 -0.369491 0.492024 -0.443399 0.0574917 -0.447099 0.371015 -0.299795 0.140716 0.44271 -0.185333 0.431523 0.42428 
Beef and Mustard Pie -0.189137 -0.128531 0.0161951 -0.213257 -0.311102 -0.44887 -0.161367 0.0506955 0.414706 -0.35576 0.0768905 -0.29522 -0.145333 -0.0681049 0.0626234 -0.0865765 -0.414749 -0.25454 0.264561 -0.174925 -0.0178975 0.322881 0.346091 0.101573 0.114226 -0.408869 0.367846 -0.211185 0.0756765 -0.258171 0.0586491 0.40526 -0.0264753 -0.470421 -0.00357737 -0.156368 0.226745 0.00773897 0.343634 0.453302 0.204414 0.0171292 0.459785 -0.0338191 0.139496 -0.0150529 -0.45307 0.399836 -0.0503537 0.00641329 -0.03391 -0.223718 0.208754 0.384024 0.491039 -0.479217 -0.268517 -0.193554 -0.211544 0.0385845 0.25769 0.471358 -0.343743 -0.461674 -0.362424 0.364191 0.0485066 0.364737 0.142111 0.00890177 -0.0925089 -0.347424 -0.219957 -0.365891 -0.191383 -0.124708 -0.223599 -0.488978 -0.396962 0.415879 -0.464818 -0.257403 0.0203839 -0.37607 -0.470954 -0.275256 -0.393891 -0.403724 0.0354365 -0.01761 0.300109 -0.392791 0.376457 -0.0896548 -0.223217 0.27367 0.484523 -0.337231 -0.31256 -0.119151 
meringue nests -0.269335 -0.257106 -0.594585 -0.0598143 -0.274191 -0.171212 0.535315 0.258826 0.312602 -0.264723 0.124175 -0.69988 0.386708 0.108688 -0.176857 0.740114 -0.300044 0.00291796 -0.387348 0.191399 0.64204 0.281091 0.0485387 -0.0788693 -0.314816 0.191026 -0.577181 0.00662827 -0.15901 0.0449072 -0.136564 0.0715887 0.299027 0.300949 0.329983 0.366399 0.210631 0.076545 0.333345 0.346351 -0.0690001 0.330244 0.0102106 -0.187417 -0.253769 -0.00480687 0.239139 -0.349639 0.328979 0.039201 0.0271842 -0.0532646 0.383627 0.264355 0.607015 -0.453665 0.00760638 0.010448 -0.450501 0.143608 -0.439595 -0.264913 0.261193 -0.298354 0.0608306 0.145215 0.0174906 0.251171 -0.259842 0.151766 -0.266223 -0.136002 0.309396 -0.613295 -0.139423 0.226448 -0.206048 -0.277157 0.362098 0.127031 0.399087 -0.304676 -0.0182832 0.457825 -0.274552 0.0672147 -0.282169 -0.242138 0.104514 -0.392753 -0.509899 -0.558508 0.526857 0.317772 -0.0355062 -0.0660338 0.198599 0.447035 -0.0852632 0.201603 
toor dal 0.157847 0.157381 -0.188926 0.353259 0.164645 -0.18529 0.0465721 0.217645 -0.20413 -0.0748353 0.307777 0.448686 0.360754 -0.316278 -0.367681 0.205043 -0.257197 -0.20093 -0.295956 -0.477761 0.223137 -0.479879 -0.30183 0.220013 -0.150458 -0.287519 0.69172 -0.0424503 0.0503363 -0.437617 0.465793 -0.180597 0.406848 -0.085106 -0.00829087 0.216645 0.380782 -0.0240993 0.587458 -0.243024 -0.452713 0.0815513 -0.132528 0.478419 -0.180407 0.274971 -0.226685 0.121903 -0.0986445 0.00164037 -0.412773 0.0843876 -0.220044 0.376077 0.31971 -0.577677 -0.100862 -0.270255 -0.659718 -0.122484 -0.592131 -0.225708 -0.309144 0.234859 -0.319615 0.286279 -0.323153 0.28115 -0.51741 0.454262 -0.338739 -0.493052 -0.115418 -0.298576 0.288267 0.725219 -0.216839 0.619528 0.32003 -0.390607 -0.315275 -0.383686 -0.255985 0.000366416 -0.110034 -0.415485 -0.336505 0.196029 -0.146041 -0.422392 0.147717 -0.147559 0.0619906 0.306533 -0.272452 -0.493058 -0.244917 -0.380817 0.117568 -0.482976 
Rosol (Polish Chicken Soup) 0.276874 -0.445652 -0.37544 -0.0823361 -0.23981 0.493614 -0.276552 -0.221457 -0.0136505 -0.353339 0.370029 -0.388604 0.329039 -0.381911 0.0739182 -0.290075 -0.117538 -0.0670695 -0.00618728 0.346301 0.110398 0.0408809 0.0738198 -0.0123723 -0.0710194 0.222655 0.0090909 -0.389099 -0.42334 0.432754 0.11616 0.0221611 0.223135 -0.069466 -0.161451 0.375331 -0.272508 0.00776129 0.13366 -0.318024 -0.111153 0.112791 -0.297477 0.267641 0.491903 0.282515 -0.409721 -0.25014 0.146704 0.201534 0.404759 -0.0025839 -0.415338 0.395849 -0.107638 -0.258651 0.293769 -0.223018 0.266627 0.163958 -0.253767 0.446395 -0.217368 -0.478592 0.396593 -0.447129 -0.206772 -0.241965 0.465162 0.129068 -0.344207 0.296824 0.236959 0.0245432 0.302968 -0.056306 -0.247504 0.346789 0.493779 0.274563 0.217092 0.26839 0.283734 0.386191 0.357057 0.234754 -0.215347 0.198752 -0.473835 -0.165811 -0.139915 0.17114 0.0148836 0.311737 -0.159098 -0.189346 -0.420607 0.215276 0.168656 -0.314402 
coriander seeds -0.219224 -0.375099 0.171312 -0.0924372 -0.0887184 -0.230794 -0.114127 0.453459 0.218766 0.100077 -0.0796162 0.203313 0.382242 0.0865977 0.120711 -0.222477 0.321701 0.487502 0.135278 -0.201962 -0.342698 0.460065 0.231643 -0.0325605 0.320005 0.388918 -0.404398 -0.110466 -0.151449 -0.227439 -0.3286 -0.15515 0.38771 0.295509 0.333817 0.0527417 -0.281628 -0.446037 0.558082 -0.00624798 0.25333 0.0272071 0.331211 -0.753194 0.0547109 0.353934 -0.0258148 -0.0748134 -0.182125 0.276146 -0.333855 -0.16091 -0.524265 -0.0701481 0.334093 -0.316015 -0.0255576 -0.576346 -0.246527 0.0757311 -0.280714 -0.324405 0.169788 -0.128848 -0.304894 0.403541 0.384409 0.861744 0.288009 -0.21986 -0.139213 0.246418 0.14017 0.268079 -0.244499 -0.33164 0.396608 0.0574131 -0.327865 0.337195 0.567923 0.141038 0.372172 0.0662509 0.185304 -0.716824 0.255246 0.281035 0.273094 -0.256152 0.311246 0.291921 0.130051 -0.242303 0.546468 0.321713 0.464688 -0.165647 -0.109966 0.414763 
fish sauce 0.378246 0.389252 0.348519 0.0605446 -0.422237 0.224258 0.216074 0.596971 0.148307 0.425203 -0.367205 -0.419409 0.694342 -0.243398 -0.265803 -0.154846 -0.106316 -0.653872 0.238292 -0.485146 0.250348 -0.247339 0.317363 -0.716643 -0.673256 0.0599307 0.500083 0.097987 0.558253 0.111189 -0.136455 -0.252328 0.152356 -0.197688 -0.519166 -0.0572178 0.492673 0.118516 0.213535 -0.566941 0.437728 -0.321881 0.181586 0.223992 -0.772666 0.674897 0.0820578 0.205333 -0.0836481 0.180669 0.0571643 0.0586649 -0.501105 -0.102331 -0.75381 0.0335125 0.443406 -0.366324 0.270901 0.17936 0.0226295 -0.0466413 -0.120541 0.0527907 -0.0313744 -0.0902319 -0.142728 0.331751 -0.698879 0.141156 0.789032 0.117654 0.642135 -0.0933539 0.0405839 -0.683633 0.0597711 0.114398 -0.739517 0.00908889 -0.616757 0.133336 0.614011 0.0289273 0.2466 0.492712 1.06192 0.562035 0.170728 -0.944092 -0.382969 0.416113 -0.577405 0.365949 0.225038 -0.0944195 -0.54253 -0.16324 -0.123896 -0.11544 
corn tortillas 0.230898 0.0731642 0.343723 -0.118364 0.488795 0.27511 0.209219 -0.0760826 0.601633 0.274208 0.395569 -0.396771 -0.194553 -0.173528 -0.504029 -0.206319 -0.388868 0.388662 0.0213143 0.525779 0.421025 0.134623 0.204451 -0.263538 0.23729 -0.268096 0.601468 0.472757 0.154208 -0.345008 0.0106167 0.583332 0.272914 0.39609 0.459468 -0.209505 0.382092 0.110747 -0.253001 0.00846468 -0.139822 0.196281 -0.118833 0.278404 -0.250214 -0.136698 -0.47611 0.00515679 -0.0224881 0.0506796 0.211013 -0.0143916 0.277396 -0.100911 0.41704 0.262188 -0.0818577 0.542197 0.663695 0.0365042 -0.482086 0.354334 0.0943737 -0.0611856 -0.0900501 -0.662735 -0.00809126 -0.585107 -0.46406 -0.38124 0.174392 0.0255751 -0.214669 0.252604 0.467042 -0.395539 -0.201501 0.056562 0.0854368 0.105969 -0.27003 0.376193 -0.395121 -0.154757 -0.288826 0.405707 0.729311 -0.0192388 0.24277 -0.163553 -0.225789 -0.161912 -0.647426 -0.400749 -0.646017 0.0057879 -0.321105 0.270718 -0.638961 -0.301446 
tarragon leaves 0.0334531 -0.18016 0.447202 -0.013486 -0.266689 0.0709486 -0.153421 -0.0995844 0.263042 0.470312 -0.128513 0.396183 0.33337 -0.162608 0.46094 -0.380222 0.186162 0.264555 0.122274 -0.00335925 0.327438 0.0763892 0.461248 -0.313202 0.0179965 -0.492162 -0.0951508 -0.202355 -0.134114 -0.35487 -0.495629 0.374989 -0.418384 0.476858 -0.00843351 0.387661 -0.418316 0.0743818 -0.136662 0.412455 -0.0822021 0.384792 -0.471807 -0.430155 0.0686942 0.116004 0.309518 0.127496 -0.178146 -0.486322 0.428795 -0.0505566 0.489773 0.246668 -0.260527 -0.453096 -0.0332422 0.384462 0.422836 -0.449843 0.145511 0.435577 0.313854 0.111818 -0.362096 0.437764 -0.23581 0.396973 -0.218955 0.105533 0.431406 -0.0924203 -0.145435 -0.288529 -0.443529 0.312429 0.0601171 0.309315 -0.365339 0.0800905 -0.166621 0.177692 -0.451556 0.0675951 0.257621 -0.13014 0.355558 -0.308745 -0.447133 0.0335896 -0.140641 -0.183925 0.434068 -0.432669 0.424008 -0.282782 -0.354528 -0.184682 0.178204 -0.460268 
rice noodles 0.48344 -0.0792908 -0.177446 0.558175 0.429377 -0.00907109 0.622971 0.216403 0.607085 -0.174454 -0.556747 0.0955563 0.372268 0.242592 -0.255613 -0.0967012 0.288951 0.127991 -0.208067 -0.238487 0.331496 0.599434 -0.112243 0.127843 -0.380825 -0.0169996 -0.00823824 0.362721 0.276171 -0.0716921 -0.249349 -0.319713 -0.131904 0.178188 0.194693 -0.0217023 0.371408 -0.650757 -0.385202 -0.546142 -0.137263 -0.189244 -0.355687 0.216203 -0.167627 0.425761 0.272078 -0.40959 -0.0707404 -0.258347 0.185406 -0.528866 0.464369 0.00710054 -0.600438 0.306708 -0.247241 -0.398984 0.192734 0.480268 0.0776735 0.145066 -0.134639 0.534467 0.582517 0.240896 -0.178435 -0.45471 -0.255019 0.129878 0.465837 0.0558108 -0.0782425 0.472884 0.0723971 0.223961 -0.0342917 0.103143 0.125456 0.307213 -0.550294 0.096343 0.267903 -0.125396 0.101247 -0.364155 0.340498 0.693506 -0.511777 -0.00967387 0.393141 -0.152166 -0.0906262 -0.208864 -0.173978 -0.283019 0.506444 0.445313 0.0293802 -0.245872 
basil leaves 0.0756829 0.0703396 -0.00455221 0.376072 0.569889 0.53982 0.150679 0.658765 -0.0696369 0.27994 -0.269091 -0.288168 -0.383104 0.0105747 0.281065 -0.464649 -0.016988 0.106293 0.0857046 -0.328521 -0.21927 0.180846 -0.238586 0.173349 -0.173724 0.397287 0.465202 -0.109782 0.186807 0.466669 0.221052 0.471156 0.690924 0.114409 -0.413247 0.0357966 0.191871 -0.0295696 -0.375931 -0.226585 -0.261794 -0.145406 -0.230012 -0.687595 -0.226903 -0.622986 0.439274 0.0855173 -0.347605 -0.593799 0.446241 0.0849363 0.61683 0.286956 0.251444 -0.383648 0.375998 -0.230783 -0.47794 -0.370292 0.445689 0.147067 -0.500269 0.584087 0.113826 0.0687092 0.583932 0.268886 -0.0256857 -0.308283 -0.358491 0.314243 0.215602 0.352254 0.494724 0.390931 0.14896 -0.517433 -0.937786 -0.198917 0.0297972 0.585749 0.0737999 0.127333 -0.323442 0.295768 -0.0135698 0.126093 -0.182372 0.443641 0.0994366 -0.0801944 -0.0985614 0.298775 -0.358684 -0.373042 0.214669 -0.569128 -0.417871 -0.666414 
hotsauce -0.237262 -0.0864523 0.37291 0.424532 0.436386 0.28549 0.267108 -0.0640308 0.384598 0.345399 0.352924 0.22348 0.0559353 0.588942 0.0942797 0.242793 -0.411937 -0.319052 0.155888 0.619873 0.136166 -0.418509 0.41582 -0.348434 -0.306926 -0.649177 -0.543256 -0.14239 -0.0549705 -0.144473 -0.440245 0.238961 -0.379679 0.335886 -0.184228 0.211029 0.0458407 -0.0891444 -0.321937 0.322181 0.00272716 -0.637218 -0.134302 -0.0329739 0.0813925 -0.196614 0.159731 0.140175 0.493484 0.381679 -0.060361 0.0200594 -0.282948 -0.19659 0.345116 -0.291388 0.351904 -0.194661 -0.133494 -0.245173 -0.197712 -0.466924 0.0635674 -0.103855 0.337575 -0.35184 0.208671 -0.2471 0.461904 0.254129 0.482335 0.103131 0.465972 -0.619878 -0.0229893 0.00651318 0.511555 0.472492 0.233818 -0.419354 -0.383287 0.544782 0.274236 0.0303784 -0.184938 -0.07316 -0.109824 0.595467 -0.436967 -0.0292219 0.6909 -0.36064 -0.363479 -0.163772 0.516501 -0.281026 -0.135374 -0.246675 -0.401351 -0.0848385 
Honey Yogurt Cheesecake -0.13897 0.0473617 0.218061 -0.207691 -0.272258 -0.287937 -0.146249 -0.453064 -0.497713 0.433177 -0.139367 0.245444 0.456913 -0.267304 -0.0653443 -0.204852 0.407806 -0.232522 -0.1958 0.0289527 -0.0575619 -0.105913 0.03843 -0.481198 0.0719383 0.158458 0.123699 0.293868 -0.11915 -0.320896 -0.0951078 0.0301913 0.0244956 -0.229789 -0.498081 -0.176714 -0.253121 0.0920014 0.0474868 -0.0474213 -0.368757 -0.0244018 -0.0136333 0.0186714 -0.40969 0.225453 -0.391896 -0.483533 0.402019 -0.260274 -0.329186 -0.264972 -0.110768 0.189567 -0.461043 0.297936 0.459749 0.23486 0.207657 0.219804 0.362521 -0.226761 -0.353878 -0.136858 0.268631 0.109087 -0.151937 0.406898 0.00292726 -0.171205 -0.172122 -0.300261 -0.228478 0.01099 -0.168461 0.274229 0.456702 -0.311572 0.214811 -0.127401 0.228019 -0.343078 -0.365884 0.21897 0.497082 -0.414296 -0.0730439 0.0134649 -0.425175 -0.184763 0.227566 0.3046 0.205825 0.234923 0.157968 0.387776 -0.360671 0.291893 0.231507 0.276732 
Szechuan Beef -0.109268 -0.286921 -0.247858 -0.207817 -0.150638 -0.217518 -0.0229071 -0.282763 -0.133886 0.0282183 0.0390685 0.47778 0.410876 -0.420494 0.232286 0.000987574 0.275325 0.470458 0.032885 0.452102 0.226365 -0.0178265 0.0147206 -0.0948249 0.309468 0.483908 0.224988 0.252801 0.28804 -0.491716 -0.337897 -0.278534 -0.283061 -0.0173405 -0.0195995 0.0702056 -0.344272 0.178156 0.184215 0.435929 0.0908991 0.288356 -0.210538 -0.112612 -0.496306 -0.204419 0.402912 0.4021 -0.493477 -0.221905 0.00183592 0.475453 -0.425953 -0.0266665 -0.412384 0.417654 0.325889 -0.34146 0.365894 -0.0964021 0.00643075 0.18623 0.111078 -0.230309 0.343395 0.193015 -0.0788449 -0.194666 -0.263006 0.385759 -0.112773 -0.320096 -0.394891 -0.3108 0.306303 -0.428229 0.4065 0.445661 -0.46236 0.214818 0.190329 -0.264829 0.209474 -0.298891 0.419652 0.435803 -0.43857 -0.241063 -0.300541 -0.160436 -0.0880459 -0.406017 -0.0314721 -0.287673 0.109427 0.308126 -0.170269 -0.291809 0.205807 -0.366098 
smoky paprika 0.41494 0.209845 0.089358 0.565565 -0.301588 0.611438 0.0451571 -0.533513 -0.39921 0.0590536 -0.618441 0.580961 -0.189669 0.624663 -0.0186033 0.322834 -0.594069 0.0811601 -0.383268 -0.163902 0.296781 0.257738 -0.091689 -0.0748432 -0.0375958 0.186187 -0.464136 -0.365789 0.254207 0.578479 -0.157076 -0.159457 0.230252 0.592977 0.243127 -0.342588 -0.198942 0.148296 -0.35234 -0.290369 -0.417815 -0.43118 -0.290239 0.288133 -0.554914 0.497351 0.299783 -0.330809 -0.512993 0.65043 -0.00903408 0.0711452 0.0539729 0.585985 0.441597 -0.254381 -0.0521147 -0.0920459 -0.259489 -0.0793508 -0.367412 0.273776 0.165136 -0.451136 -0.150004 -0.0525128 -0.133926 0.49023 0.0937032 -0.116439 -0.367539 0.085755 0.227146 0.26409 0.122818 -0.253473 0.122407 0.265372 0.200851 -0.356469 0.388169 -0.209876 -0.45205 -0.352282 0.168395 0.390318 0.28171 -0.10947 -0.49752 0.0485682 -0.410355 -0.248533 -0.328562 -0.170035 0.271865 0.246827 -0.350312 0.195573 -0.358942 0.0929529 
Vegan Lasagna -0.360152 -0.353322 0.110807 0.0922458 0.0217454 -0.252842 0.166675 0.354633 -0.399174 -0.133216 0.233155 0.140241 0.0929159 0.371182 0.118977 -0.0665754 -0.294843 0.236549 -0.30946 0.44889 0.0849539 0.0954983 0.124682 0.0925799 -0.247961 0.0666864 -0.394441 0.380065 0.351216 -0.356257 0.0179994 -0.431539 0.519131 -0.514749 0.0379523 0.275424 0.385952 0.247947 -0.0610377 0.178505 -0.0616991 -0.195024 0.0692875 -0.472117 -0.222555 -0.441582 0.0227864 0.298323 -0.0470711 0.462197 -0.479758 -0.00207513 -0.320027 0.60486 0.283573 0.433431 -0.402628 -0.19405 0.445189 -0.234106 0.27439 0.0326479 -0.145758 0.3967 -0.00422236 0.0537968 -0.252634 -0.187759 -0.221763 0.162228 0.245178 -0.00296513 -0.0441113 -0.284304 0.114165 0.0450906 -0.20246 -0.0858199 0.437267 0.139982 -0.0199948 -0.396335 -0.360935 -0.328055 -0.169435 0.442684 0.518156 0.423652 0.116008 0.457521 -0.327612 -0.423907 0.315862 0.338396 -0.275311 0.223187 0.192636 0.276577 0.307601 -0.343849 
Spinach & Ricotta Cannelloni 0.118822 0.0236928 0.152732 -0.348326 0.420995 0.0967381 0.241511 -0.175937 0.144837 0.359519 -0.251699 0.156244 0.414927 0.0819715 0.0740227 0.234936 0.445922 0.103343 -0.499351 0.232102 -0.404308 -0.283483 -0.247486 -0.162175 -0.397651 -0.328828 -0.450104 0.248102 0.0338287 -0.0395139 -0.296031 0.384798 0.0669552 -0.492305 -0.262145 -0.195478 -0.308702 0.281503 -0.236038 -0.214437 0.305771 -0.32181 0.0771494 0.323502 0.0946565 -0.0582822 0.21489 0.322828 0.0542271 0.107716 -0.27426 0.408452 -0.014374 -0.304091 -0.467324 -0.125463 0.397666 0.167585 0.264266 0.30874 0.374901 0.215589 0.497818 -0.257077 0.302665 0.138314 0.268047 0.108673 0.347278 0.493307 0.192997 0.433779 0.185948 -0.110702 -0.428531 -0.0211268 0.461151 -0.355412 0.234 -0.294 0.137099 -0.255277 -0.152074 0.0212511 -0.0317516 -0.209558 0.254627 0.474369 0.470148 0.436271 -0.296666 0.474779 -0.152224 -0.437228 -0.228246 0.452421 -0.0862359 -0.0695507 -0.352707 0.0361147 
Pumpkin Pie -0.354461 0.0437848 0.16134 -0.0297262 0.10527 0.251995 0.26312 -0.228014 -0.106837 0.179523 0.260177 0.110612 -0.198633 -0.427195 -0.415033 -0.386982 -0.431485 0.22152 -0.422143 -0.181698 -0.0258505 -0.386361 0.443051 0.0516023 -0.49423 0.143574 0.250978 -0.093293 0.0126511 0.243999 0.32568 0.0159883 -0.406483 -0.180695 0.0181146 -0.136717 -0.452108 -0.172784 -0.212929 0.0330226 -0.367644 -0.456704 -0.300573 -0.00214501 -0.233854 0.0173353 -0.0451568 -0.372785 -0.0640433 0.0329091 0.16965 -0.171126 0.217453 -0.346324 -0.116922 -0.456239 0.0271095 0.289567 -0.382224 -0.449343 0.342151 -0.0669123 -0.268893 -0.294065 0.0387636 0.118813 0.0934741 0.450012 -0.42538 0.23572 -0.283397 -0.187611 0.188262 -0.397975 -0.428676 0.0619401 -0.0631365 0.171583 -0.375701 -0.284017 0.240876 -0.155807 -0.436021 0.0246149 -0.246902 0.237013 -0.153625 0.0904811 -0.106389 -0.215812 0.0135556 -0.307832 -0.0416255 0.427614 0.0902151 0.0636724 0.354977 -0.202675 -0.0984786 -0.423739 
red pepper flakes 0.154299 -0.249042 0.532566 -0.377633 0.329527 -0.497069 -0.444051 0.0266889 0.202955 -0.189422 0.0914408 0.169244 0.149212 -0.302239 0.344025 0.42922 0.349404 0.176257 0.108581 -0.619575 0.405922 0.173195 0.489317 -0.0251065 0.0211058 -0.346224 0.348781 0.188556 0.165996 0.247064 0.232528 -0.301295 -0.250544 -0.204743 -0.28639 0.242895 -0.388397 -0.224203 -0.247463 -0.440603 -0.208959 -0.176093 -0.0297497 -0.325961 0.364284 0.546984 0.0373066 -0.510974 -0.340476 -0.249439 0.523367 0.523411 0.131343 0.204185 0.171943 -0.336031 0.338864 -0.270777 -0.243915 -0.303841 0.0931222 -0.194581 -0.304207 0.294288 0.500251 0.102452 0.546276 -0.141418 -0.13455 0.726999 -0.516195 0.393533 -0.139465 0.449104 0.0739843 -0.0284291 0.115299 0.310316 0.237551 -0.0851867 -0.109923 0.280565 0.355781 0.104437 -0.263649 -0.155201 -0.0475542 0.189495 -0.56858 0.0222144 0.0868609 0.484601 -0.158262 -0.561778 -0.387358 -0.0535867 0.299426 0.383148 0.154744 0.276114 
medjool dates 0.271859 0.0350885 -0.284021 -0.411838 0.112695 -0.196889 -0.330447 -0.119701 0.310833 -0.552835 0.543863 -0.0667561 0.33441 0.206766 0.233923 0.299467 -0.40894 0.453868 -0.3489 -0.18468 -0.100327 -0.0429819 0.192379 0.432197 0.383627 -0.186698 0.0107136 -0.374454 0.195557 0.41445 -0.14194 -0.0658388 0.202092 0.181189 0.431899 0.271465 -0.519541 0.189551 -0.195111 0.434175 0.568433 0.238665 -0.0283071 0.292699 -0.140277 -0.0889542 0.236392 -0.615202 -0.632637 -0.00578174 -0.25288 -0.405375 0.440908 0.257299 -0.68345 -0.236952 0.140916 0.00879294 0.294543 0.0675751 -0.253997 -0.139386 0.515731 0.357997 0.218278 -0.226677 0.106539 -0.377099 -0.426954 -0.335261 -0.444946 0.0815411 -0.0248681 -0.572596 0.440491 0.126822 0.00389893 0.474355 -0.0840705 0.16114 0.32837 0.247166 -0.35476 -0.440909 -0.434775 -0.280711 -0.167915 0.175859 -0.104917 -0.31845 -0.203294 -0.283546 -0.160132 0.749107 -0.186338 -0.322428 0.485056 0.0469032 -0.238212 0.037435 
allspice 0.500615 -0.390812 -0.583976 0.109442 -0.43702 -0.557759 0.1238 -0.209132 -0.256825 -0.123035 -0.273389 -0.48516 -0.10313 0.0379921 -0.11877 0.169357 0.132227 0.0718425 0.417584 0.179786 -0.0422472 0.135206 0.553564 0.66126 0.654717 -0.540319 0.114002 0.100299 -0.0284471 -0.057359 -0.740536 0.211041 0.383328 -0.296115 0.0301913 0.125049 -0.419587 0.196907 0.323809 -0.0835699 0.0652155 0.447672 -0.0193357 0.411653 -0.381562 0.0201763 -0.0290301 0.491212 -0.180219 0.33749 -0.155107 0.245581 0.0440748 0.615329 0.461765 -0.221535 -0.138351 0.434583 -0.0850541 -0.214193 0.0272145 0.450566 -0.646698 -0.216149 -0.533077 0.241603 -0.196588 -0.284372 -0.384152 -0.100156 -0.218632 -0.385895 0.105148 0.0470563 0.431959 0.290334 -0.380661 0.535697 -0.639998 -0.24508 -0.451379 0.0349934 0.108523 0.123175 -0.15048 0.0146206 0.2093 -0.000200962 -0.209215 -0.454536 -0.494681 0.0597848 -0.0984087 -0.296849 -0.291541 0.574993 0.358314 0.498597 -0.141675 0.182275 
Kung Pao Chicken -0.466687 0.144042 0.139349 -0.39711 -0.0629627 0.443362 -0.319469 -0.0948634 -0.0240829 -0.4609 0.365707 -0.355178 0.271247 0.0461431 0.0325717 -0.0687202 0.184714 0.0654081 0.491906 -0.00179749 0.0228243 0.234839 -0.461278 0.32882 0.440119 -0.0868657 0.232021 0.49406 0.350728 -0.184991 0.297994 -0.491533 0.393036 0.0493741 0.0548386 -0.33892 -0.033663 0.151346 -0.392459 -0.140119 0.369714 0.318394 0.349861 -0.274053 0.097423 0.0187478 -0.133199 -0.363462 0.381948 -0.422019 0.494103 0.388831 0.254936 -0.141167 0.337883 -0.151375 0.456375 0.370016 0.0907717 0.367244 -0.443188 0.362926 0.210517 -0.111315 -0.329055 -0.152229 -0.362282 0.192533 -0.175934 0.183034 0.418574 0.494133 -0.37466 -0.284944 0.118923 0.136758 0.0546163 0.443349 0.175203 0.248058 -0.453098 0.495879 -0.108218 -0.478907 0.0568569 0.373206 -0.458878 0.435913 -0.359314 -0.496674 0.197859 0.451284 -0.478182 0.358587 0.0601207 0.0441149 0.33098 -0.117073 0.0267229 -0.123766 
eggs 0.777469 0.079337 -0.163324 0.222397 -0.720996 -0.577769 1.48103 -0.0845994 0.611319 0.262686 0.671563 -0.051364 0.567358 -0.046054 0.0545968 -0.337194 -0.143292 0.145476 0.2559 -0.486459 0.690268 0.762181 -0.447494 -0.632368 -0.117935 0.822222 0.00914253 0.60456 0.328768 -0.660768 -0.292005 0.330739 -0.0661179 -0.279628 -0.538485 0.736504 0.0182951 -0.172963 -0.560042 0.310848 -0.474063 -0.411594 -0.696067 0.640063 -0.210815 -0.660106 0.231311 -0.194941 0.442191 0.711829 0.50128 0.318013 -0.11935 0.368209 1.49958 -0.00456481 -0.741521 -0.306372 -0.554362 0.249459 -0.030766 -0.262089 0.309946 -0.249119 -0.38448 -0.191731 0.482514 -0.576749 -0.504113 -0.188016 0.0909987 -0.917792 -0.501141 0.828368 0.303694 0.118435 -0.121069 0.10439 0.0112593 -0.397859 0.369056 -0.168011 -0.404083 0.531486 0.197198 -0.372757 0.349947 0.346971 0.293876 -0.934027 0.119644 -0.853885 0.214509 0.775968 0.356938 0.463308 0.131462 1.0858 0.336402 -0.204894 
Sticky Toffee Pudding Ultimate 0.048587 0.283768 0.0766647 0.533865 -0.0528641 0.314879 -0.0284451 0.449561 0.281137 0.138042 -0.439853 -0.260389 0.516303 0.063514 -0.286226 0.0305137 -0.0227524 -0.0582532 0.51585 0.288995 -0.232658 0.490472 0.0689115 -0.358633 -0.383713 -0.226549 -0.133591 0.305665 0.0689237 0.037597 0.558615 -0.44638 0.210607 -0.37777 -0.208232 -0.262459 0.0422157 -0.2053 0.316632 -0.0197057 0.120454 0.0303865 -0.33563 -0.706867 -0.463615 0.0450279 0.419843 -0.286843 -0.196918 0.249754 0.460707 0.527958 -0.0311681 0.227932 -0.186513 -0.115128 0.0802846 -0.174159 0.123986 -0.0846013 -0.121406 0.246877 -0.359139 0.105547 0.246358 0.132987 -0.0532056 0.0606862 0.383422 0.217391 0.327673 0.0753181 -0.435774 -0.0589796 -0.44566 0.1489 -0.14017 -0.418966 0.556949 0.0483808 0.152094 -0.178069 -0.271393 -0.334059 -0.249061 -0.187037 -0.0260714 -0.403778 -0.178361 0.509834 0.200824 -0.0131173 -0.0170949 -0.11879 -0.316339 0.19669 -0.104223 0.207749 -0.327485 0.495306 
white wine 0.16409 0.377521 0.0525914 -0.399308 0.149511 -0.448505 0.161285 -0.289997 -0.124515 0.118682 0.723593 -0.736968 -0.144078 -0.496009 0.346573 -0.621701 -0.174142 -0.30896 -0.242914 0.308916 -0.345835 0.638908 0.228419 0.135968 0.0537058 -0.616691 -0.20032 -0.465341 0.469247 -0.363538 0.899374 0.356637 0.0277275 -0.411532 -0.459929 0.00128824 0.458302 -0.635204 -0.141942 0.334199 -0.052934 0.0935194 0.396799 0.428826 0.202718 0.326629 0.137341 0.0262671 0.245947 -0.0524577 0.730342 0.375226 0.24396 0.320708 -0.21704 -0.327034 -0.174646 0.0570776 0.44678 -0.0287076 -0.0741987 -0.345293 -0.575752 0.736853 0.656565 0.674757 0.341067 -0.3973 -0.302004 0.200217 0.457037 -0.049535 0.188934 -0.742755 -0.0798562 0.421398 0.525879 -0.330806 -0.246991 -0.424724 0.115153 0.229054 -0.44246 0.64895 -0.179054 0.178701 -0.123464 0.728331 -0.58577 -0.587683 -0.896516 -0.10125 -0.273441 -0.3884 -0.313711 0.685989 0.525552 -0.535396 -0.267705 -0.771928 
sea salt -0.427925 0.247614 -0.361879 -0.0380174 0.690922 -0.251786 0.116105 0.41973 -0.369527 -0.163795 0.264567 -0.368755 0.0324391 -0.556243 0.000243015 -0.227981 -0.0164473 -0.190271 -0.0673834 0.379495 0.379566 -0.0754681 0.489328 0.20269 -0.112271 0.43335 -0.0676683 -0.350709 -0.336729 -0.416889 0.209278 0.129763 0.49233 -0.0368476 -0.472727 -0.508234 -0.252458 -0.388007 -0.289586 0.193378 -0.284494 -0.250243 -0.305811 0.24956 0.523594 0.537347 -0.531787 0.481469 0.689325 0.379019 0.639741 0.670653 0.044301 -0.098173 -0.200927 -0.485943 0.419283 -0.0505307 0.0577455 -0.0292385 0.195793 0.0939421 -0.180144 0.138057 0.475921 -0.068814 -0.537544 0.00113976 -0.440967 -0.509501 0.318532 -0.348007 0.494707 -0.252103 -0.256669 0.00965844 0.435664 -0.0175863 -0.613455 -0.077379 -0.691192 0.66763 0.430676 0.0253832 0.492726 -0.351114 -0.633682 -0.305697 -0.257085 0.0226704 0.406095 -0.0299713 0.182279 0.133213 0.134129 0.626658 -0.18984 -0.0379989 -0.230914 0.666353 
vine leaves 0.361241 -0.28309 0.0535223 -0.0438963 -0.353758 0.168345 0.280958 0.240924 0.127568 -0.449972 0.07725 0.182861 -0.281771 0.537261 0.204419 -0.708841 -0.482691 0.149504 -0.497807 -0.0167232 0.327969 0.0486059 -0.306306 0.365099 0.227987 0.0493032 -0.203913 0.518029 -0.138088 -0.11579 -0.0830231 0.340185 -0.2526 -0.600077 -0.323163 -0.212194 -0.0324674 -0.245747 0.297191 0.387021 -0.00867197 -0.210839 -0.31108 -0.375291 0.129661 -0.288457 0.2486 0.0552211 -0.244476 0.345064 0.413459 -0.407277 -0.282413 -0.610894 0.27571 0.193695 -0.227108 0.189562 0.275827 0.303243 -0.344731 0.138042 0.285643 -0.0879681 -0.263604 0.520202 0.589453 -0.127654 -0.392597 0.13128 0.303079 0.0743045 0.224544 0.266544 0.454969 0.268067 -0.247704 -0.436557 0.222171 0.553937 0.310117 0.00567202 0.16145 -0.173903 0.446817 0.309987 0.246549 0.418337 0.260395 -0.104133 0.0671514 -0.394345 -0.014187 0.107634 -0.436923 0.51142 -0.410971 0.0248749 -0.132031 0.217162 
cherry tomatoes -0.341549 0.0459832 -0.131652 0.391138 -0.458487 -0.436698 -0.253288 0.207198 -0.157482 -0.0697585 -0.152078 0.0817298 0.130199 -0.20656 -0.115581 0.422482 0.120602 0.255752 -0.243176 -0.18388 -0.18319 0.0717915 0.501772 0.283104 -0.0526414 -0.137593 0.0416316 -0.0808776 -0.622373 0.0196432 -0.262998 0.0963267 -0.123236 0.0821705 -0.106289 0.314521 -0.115442 0.779139 -0.159371 -0.680201 0.0206139 0.0615099 -0.399155 0.224693 -0.128813 0.42813 -0.0475793 -0.166917 0.186799 0.298309 0.00206445 -0.130199 0.410581 -0.311617 0.0168107 0.475417 -0.168751 -0.321378 -0.840714 -0.901279 0.610286 0.269271 -0.403187 -0.0478331 0.346364 -0.0606296 -0.408647 -0.491368 0.0858939 0.294554 -0.134751 -0.21846 0.106897 0.657401 0.041481 0.0716869 -0.38624 0.119759 -0.295095 -0.388862 0.258703 0.26401 0.841211 0.634892 -0.96914 -0.614543 0.06933 -0.463522 0.638686 -0.110453 -0.146852 -0.0547424 0.405696 0.157195 0.320184 -0.0517515 0.127776 -0.390585 -0.143341 0.065131 
mixed spice 0.423652 -0.410963 0.149501 -0.239056 0.149846 -0.465926 -0.165562 -0.356879 -0.197425 0.0472009 0.194446 0.352803 0.084642 0.11144 -0.101154 0.127085 -0.042637 -0.226686 0.499876 0.0834575 0.0435627 -0.388973 0.308393 -0.46267 0.16816 0.25382 0.215933 0.201283 0.00419786 0.0482956 -0.174056 0.421798 -0.0352192 0.438697 0.227865 -0.472419 0.226035 -0.0868654 -0.456949 -0.22509 -0.335086 0.357871 -0.00886927 -0.332172 0.494979 -0.0269799 -0.133031 0.126969 0.479735 -0.369101 0.438769 -0.431302 -0.231387 -0.222086 0.185569 -0.457213 0.18734 -0.150556 -0.307733 0.420193 0.25979 -0.468137 -0.0152855 0.0763132 -0.190399 -0.428231 0.0683796 -0.425308 0.371161 0.239887 0.0431689 -0.12942 0.237363 0.390248 0.142686 -0.454717 0.484352 0.352203 0.288576 -0.0237144 0.129346 -0.130907 0.290596 -0.232884 0.146985 0.431134 0.459456 -0.240308 0.332229 0.0807652 -0.225415 0.203643 -0.100608 0.456831 0.39858 0.261 -0.315749 -0.154212 -0.144826 0.227327 
doubanjiang -0.445521 -0.364016 -0.0597912 -0.244408 -0.0617904 0.0912162 0.447538 0.453738 -0.335356 -0.262643 -0.354423 0.374738 0.310154 -0.339736 0.419199 0.413467 0.207891 0.270252 0.0894904 0.431613 0.185078 -0.364276 -0.086328 -0.247174 -0.491391 -0.450043 -0.201739 -0.174372 0.0785893 0.234292 -0.335757 0.135824 -0.0514512 0.324207 0.267679 -0.286096 -0.212725 -0.0984844 -0.0438321 -0.300703 -0.19916 0.106093 0.345185 0.448729 0.0487406 0.0747818 0.141859 -0.395131 0.407547 0.37151 0.0360746 -0.0480289 0.229878 -0.378133 -0.456607 0.197937 0.254773 0.053841 0.471442 0.179407 -0.0681781 0.0576877 -0.37591 0.0836906 -0.348902 0.190263 0.270375 0.490924 -0.478305 0.468353 -0.0918448 0.16766 0.469873 0.133446 0.269025 0.157091 -0.35088 0.345817 -0.198655 0.475911 0.442733 0.46324 0.427182 -0.377363 -0.103416 0.181477 0.218187 -0.254236 0.0794831 0.207165 0.434206 0.303267 0.491782 0.195211 0.455145 0.24999 -0.310138 -0.238362 -0.38735 -0.190462 
parmesan cheese 0.501757 -0.486819 0.131949 -0.047291 0.344655 -0.250974 0.761899 -0.0302398 -0.341698 0.477404 0.691612 -0.201615 -0.0224736 0.818936 -0.638829 -0.271006 0.0874415 0.231594 0.283519 0.0756464 0.324125 0.257276 -0.0386831 -0.243797 0.417969 -0.328429 0.369316 -0.0435833 0.0922758 0.235037 -0.798487 -0.133254 -0.399805 0.655215 -0.320493 0.639355 0.471275 -0.417558 0.0492478 -0.422548 -0.191044 -0.18949 -0.48577 0.129144 -0.215583 0.536504 -0.630651 -0.127913 -0.707518 0.623682 0.39591 0.49414 0.000124893 0.338839 -0.346519 -0.0632912 0.027346 -0.417492 0.745462 0.0165375 0.605867 0.290832 -0.499906 -0.0431819 0.38501 -0.0832877 -0.377299 0.406905 -0.390137 0.601448 0.277363 0.675648 0.564397 -0.327269 -0.470657 0.128936 0.153751 0.137914 0.101245 -0.0491041 0.677778 -0.0555802 0.100164 -0.502224 0.706314 -0.092736 0.00201568 -0.299634 0.00985958 0.130292 0.0291726 -0.78758 0.393414 0.229041 -0.115156 0.471549 0.628416 0.481142 -0.600729 -0.450911 
reserve any fronds to garnish -0.022167 0.0864375 0.318843 0.549249 0.293319 0.564834 0.37887 -0.270228 0.348278 0.259734 -0.467919 0.166435 -0.315608 -0.0171836 -0.166069 -0.0890369 -0.527325 0.162409 0.282474 -0.486857 -0.0878914 0.658736 0.23985 0.202654 -0.676626 -0.111684 -0.267918 0.0414599 -0.513598 -0.275535 0.101165 -0.34068 0.332666 -0.125626 -0.0732337 0.349223 -0.369499 -0.296342 -0.102665 -0.520453 -0.422438 0.343077 -0.27061 -0.0841403 -0.228789 0.491048 0.190748 -0.398909 -0.172004 0.080511 -0.48751 -0.264564 -0.0427413 0.761723 0.354971 0.492288 0.137053 0.291677 0.0694231 -0.573969 -0.242374 -0.427129 -0.247736 0.414419 -0.371896 0.334962 -0.844224 -0.0811061 -0.227298 0.0117061 -0.072483 0.285316 0.405729 0.147033 0.127978 0.246514 -0.337566 -0.3537 -0.05251 -0.381162 0.516536 0.0819783 -0.505467 -0.477745 0.0656244 -0.0679836 -0.443095 -0.226082 -0.571204 0.291558 -0.273315 -0.430856 -0.469354 0.380126 0.137711 0.184724 0.209923 -0.343384 -0.424056 -0.4669 
shallots -0.0419207 0.434908 0.301786 -0.0215752 0.464171 0.324972 -0.272438 0.232793 0.0276481 -0.496861 0.0250815 -0.373826 0.357502 0.00978394 0.256924 0.0800439 0.112926 -0.492795 0.719555 -0.190769 -0.347127 -0.150677 -0.0996532 0.142749 -0.856032 0.328506 -0.116356 -0.149096 -0.681094 0.356367 0.278582 0.780256 0.0405161 -0.709882 0.0911936 -0.0673165 -0.366297 -0.123746 0.577173 0.313873 0.242333 0.0145296 -0.556266 -0.640903 -0.200798 -0.466954 0.037982 -0.366245 0.449116 -0.306437 0.76567 0.0961308 0.417979 -0.221612 -0.473349 0.350985 0.358546 0.547283 -0.393215 -0.12711 0.282674 0.847506 -0.21431 0.153018 -0.266076 -0.439986 0.142259 0.258636 0.700511 -0.191367 -0.258055 0.298634 0.488183 -0.625779 -0.288709 -0.246072 -0.177722 -0.288902 -0.577209 0.112748 0.27011 -0.281937 -0.322149 0.127247 0.622316 -0.462298 0.278674 0.284605 -0.63588 0.502235 0.378993 0.172936 0.597726 -0.217343 -0.265139 -0.156191 0.0138733 -0.0662104 0.296461 -0.600826 
onions 0.056778 0.311767 0.344029 -0.735894 -0.821326 -0.246097 0.672194 0.216301 -0.00133612 0.694758 -0.4062 0.0619512 0.685696 0.569956 0.459806 0.0343127 -0.589769 -0.172333 0.623535 -0.259364 0.583547 0.103335 0.148574 -0.331433 -0.273912 -0.401649 0.637791 0.264996 0.255406 0.56763 -0.531373 0.8125 0.213958 0.349321 0.256478 0.53735 0.231589 0.392922 -0.14274 0.413133 0.821567 0.00560137 0.102098 -0.0605064 -0.335698 -0.20321 -0.287182 0.204327 0.449833 0.284769 0.327783 -0.0928801 -0.48973 -0.159471 0.78463 0.461715 -0.00500423 -0.6828 0.784026 0.633407 1.08918 0.56718 -0.485813 0.00149678 0.293453 -0.283844 -0.0138866 -0.453778 0.447147 0.388972 0.755336 -1.16932 -0.427147 -0.759853 -0.947054 0.0703532 -0.109484 0.499662 -1.13843 -0.0240443 -0.847019 -0.8403 -0.871835 -0.539381 0.669951 -0.487643 -0.601347 0.366827 -0.247512 -0.352697 -0.0277108 -1.46744 0.138635 -0.220951 -0.144483 1.00005 1.30631 -0.246021 -0.533721 -0.461092 
tomato purée -0.253667 -0.0441446 -0.534713 -0.419658 0.297696 0.558155 0.583386 -0.27072 -0.0677325 -0.367007 0.177695 -0.15918 -0.449268 -0.556958 0.0984902 0.270788 0.405948 -0.266542 -0.0483016 0.529861 -0.406491 0.449363 0.309852 0.350345 0.283652 -0.25277 -0.0795605 -0.04556 -0.536826 -0.345092 0.251357 -0.30846 0.586863 -0.255865 0.133218 -0.468449 -0.384786 -0.390923 -0.352373 -0.0202872 0.0753335 0.140003 0.550407 0.372068 -0.00749195 0.442556 0.137445 -0.206013 0.0221695 -0.400296 -0.161601 0.54371 -0.238908 0.201302 -0.252263 0.518021 -0.314349 0.28197 -0.160104 0.0655524 -0.276738 0.0560575 -0.40144 -0.120581 -0.33472 0.0328363 -0.458733 0.316972 0.44514 -0.0597063 -0.00375555 -0.183932 0.144893 0.369669 -0.299396 -0.461587 -0.0909403 -0.329964 0.212199 -0.0167135 0.329379 -0.230013 -0.160361 0.101999 0.408234 -0.527181 -0.151446 0.399129 0.282217 -0.0311644 0.316249 -0.373106 0.15813 0.199105 0.318323 -0.692348 0.464276 0.0133456 0.0879798 -0.277963 
free range eggs, beaten 0.424417 -0.38911 -0.105116 0.157244 -0.589708 0.391754 -0.0169735 0.378818 0.172717 0.142075 0.142092 -0.096339 0.488635 0.0818508 -0.413028 -0.182168 -0.370689 -0.442167 -0.0272717 0.191763 0.129252 -0.121158 -0.354901 -0.123225 0.284444 0.229977 -0.0807775 -0.0997842 -0.161163 0.00357449 0.171208 -0.0560145 -0.330819 0.323412 -0.418843 0.480689 -0.471474 -0.351029 0.327661 0.545447 0.15085 0.213136 0.381839 0.289966 -0.00813075 -0.492405 -0.458363 0.476233 -0.368495 0.123822 0.169906 0.535951 0.454864 0.524718 0.0581044 -0.389408 0.324182 0.0882327 0.286242 -0.130821 -0.148842 0.332872 -0.329822 0.0355329 0.72385 -0.0289394 -0.200102 0.292995 0.565533 0.112704 -0.0545869 0.17381 -0.0846858 -0.400493 -0.178447 -0.0524887 0.0668695 -0.203879 -0.499638 0.360548 -0.204085 0.503219 0.320099 -0.278347 -0.296837 0.221637 0.511557 -0.75919 0.391614 0.107632 -0.462559 0.391979 -0.179294 -0.289632 0.0727727 -0.49608 0.166515 -0.313833 -0.269952 0.0886115 
coco sugar 0.568316 -0.0477575 0.237083 -0.84031 -0.102654 -0.210934 0.157374 0.117844 -0.615621 0.11413 0.216176 -0.0072754 -0.308428 -0.219247 -0.675995 0.315198 0.454339 -0.540287 0.235052 0.457844 0.146923 0.0323765 -0.25595 0.0266418 -0.378693 0.0334058 0.102979 -0.0577106 0.316822 -0.23504 -0.142357 -0.296723 0.109265 0.228906 -0.247675 0.452741 -0.327205 -0.0327703 0.336136 0.483263 0.221453 0.197234 0.291465 0.12232 0.479731 0.309325 -0.0962676 0.203092 -0.00150938 0.308505 -0.471186 -0.392653 -0.0491864 0.297387 0.0304209 0.0875854 -0.740992 0.302042 -0.208829 0.300904 0.489995 -0.0559117 -0.287737 0.221221 -0.388299 -0.410682 -0.0653188 -0.0375753 -0.398665 -0.681975 -0.404244 -0.127836 0.0543415 0.318398 0.314326 0.653277 -0.35015 0.400449 -0.532702 -0.0811408 0.125052 0.127195 0.295047 -0.306189 -0.201072 -0.0982883 -0.525857 -0.56614 0.0836909 0.233492 -0.17448 -0.054628 -0.176454 -0.156397 -0.132135 -0.40025 -0.446995 0.713275 -0.586345 0.322744 
whole milk 0.590264 -0.0390536 0.162984 -0.402268 0.532861 -0.656089 -0.347042 0.159024 0.265035 -0.097896 -0.394374 0.622028 0.157789 0.335549 0.0607509 0.459283 -0.220633 -0.324248 -0.41234 0.565265 0.104956 0.234869 -0.22018 0.250317 -0.153204 0.0183656 -0.384272 -0.190402 -0.385974 -0.319988 0.0799778 0.177893 -0.688986 0.17371 0.51209 -0.115252 -0.307314 0.151988 0.0616415 0.145395 0.46623 -0.445341 -0.411788 -0.129041 -0.567982 0.408013 0.115031 0.277606 -0.270151 0.0652138 -0.244553 0.187866 -0.209617 -0.195578 -0.120766 0.331565 0.121741 -0.359199 0.414549 -0.575639 -0.149695 0.224338 0.376536 -0.181996 -0.347288 -0.242717 0.130909 0.1004 -0.191027 0.137961 -0.52859 -0.291361 0.164839 -0.388689 -0.197467 0.414804 -0.600165 -0.0474695 -0.315961 -0.679496 0.383287 -0.118187 0.395459 -0.112237 0.0278482 -0.237611 -0.445297 0.371021 0.188629 -0.119237 0.0851712 -0.268177 -0.274731 0.0678624 -0.597227 0.243603 0.511857 -0.478585 0.17521 -0.0132749 
Koshari -0.0934294 -0.373871 0.454491 -0.0657306 -0.0331309 0.468913 -0.240786 0.387139 0.345331 -0.243915 0.113198 0.465941 0.157409 0.219589 0.323693 -0.479272 -0.131516 0.287159 -0.129713 -0.253445 -0.198129 0.208138 -0.0740604 0.0980558 -0.0163048 0.0196669 0.392308 0.206571 0.10533 -0.296883 0.18523 -0.221548 -0.353059 -0.151873 -0.436366 0.113347 -0.0835578 0.027557 0.0231734 0.0338107 0.181881 -0.116027 -0.132733 0.238401 0.0598967 -0.238933 0.42218 0.49163 -0.0686374 -0.0843045 -0.497225 0.265725 -0.472773 -0.196688 0.135601 0.433176 -0.422589 -0.160329 0.211397 0.482732 0.120361 -0.396742 -0.156463 0.288078 -0.131046 -0.334479 0.322923 -0.109457 0.29586 -0.0934495 -0.392592 0.408516 -0.127845 -0.15098 0.111144 0.428055 0.0257997 -0.416387 -0.435282 0.426455 0.130309 -0.0814672 -0.310281 0.422097 -0.101026 -0.415579 0.26885 -0.42259 0.454629 0.201579 -0.0702758 0.0512069 0.00599957 0.11361 -0.271827 0.416314 0.164487 -0.367446 -0.265643 -0.413269 
Chicken Couscous 0.194475 0.211746 -0.0168146 0.0530303 0.280633 0.35295 -0.226432 -0.365108 0.320663 0.441871 0.414784 0.143299 0.0214769 0.3849 -0.392708 -0.155637 0.430412 0.112684 0.444965 0.395624 -0.475302 -0.487251 0.0700398 0.0969801 -0.178506 -0.469016 -0.468252 -0.0168121 0.48706 -0.121299 0.271964 0.118763 0.429553 0.426311 0.47958 0.454136 0.0137341 -0.423593 -0.258318 0.251386 -0.190016 0.0956482 -0.111673 0.0401029 -0.444886 -0.209346 -0.370618 0.14707 0.187987 0.323881 -0.130499 0.45382 -0.375177 -0.12987 0.0970051 -0.0953724 0.471306 -0.161069 -0.473664 -0.300253 0.193325 -0.490051 -0.302373 0.0908252 -0.495547 -0.0691739 -0.497564 0.0308566 -0.0976193 0.0634973 -0.122696 0.145241 0.0913399 0.272426 0.0195471 0.163207 0.430188 -0.0438626 -0.127303 0.0213868 0.135144 0.250676 0.0722984 0.490064 0.420908 0.0467779 -0.334561 0.0915041 -0.424239 -0.154488 -0.360408 0.377303 0.128396 0.449574 -0.094446 -0.284588 -0.422754 0.177352 -0.258967 -0.184106 
Hot and Sour Soup 0.445253 -0.0858876 -0.0132289 0.269168 -0.499206 -0.269914 0.419776 -0.013677 -0.197359 -0.100522 0.248939 0.117832 -0.215895 -0.382748 0.0434368 -0.281431 0.237157 -0.455286 -0.489806 0.282617 0.451374 0.20338 0.393999 -0.364962 -0.467201 -0.404304 0.379901 -0.484142 -0.42887 -0.43655 0.320914 0.429925 -0.112757 0.443586 -0.00288806 -0.372402 -0.0357233 -0.372311 0.0237496 -0.367088 0.0804131 -0.0976809 0.116472 0.321793 0.364217 -0.405991 0.124798 -0.373211 0.302374 -0.0983012 0.047305 -0.165334 -0.154503 0.352011 -0.461539 0.320205 0.00655503 0.174969 -0.213863 -0.432029 -0.131185 0.44532 0.43728 -0.278659 -0.108107 -0.053021 0.345156 -0.237667 -0.12925 0.183721 0.0842324 -0.371668 -0.320886 0.20226 -0.357982 -0.146997 0.0628199 -0.401492 -0.405083 -0.236277 0.0204907 -0.160554 -0.0855397 0.370639 -0.36033 0.428226 -0.135231 0.204838 0.351162 -0.344194 -0.278992 0.125061 0.143475 -0.468536 -0.312417 0.498231 0.301922 -0.237597 0.254875 -0.457092 
leek -0.129858 -0.662031 -0.245498 -0.104186 -0.0529282 -0.0674076 -0.198233 0.132833 -0.729475 -0.441414 -0.236188 0.147941 -0.298983 0.120298 -0.00322253 -0.208719 0.304338 -0.715756 0.0280988 0.502362 -0.283646 0.266652 0.0516381 0.344916 0.00218725 0.944484 -0.0780102 -0.651925 0.382173 -0.232681 -0.512272 -0.297501 0.763488 0.312943 -0.525751 -0.162673 -0.120352 0.0729001 0.222023 -0.198843 0.343083 0.570354 0.421055 -0.727659 -0.443821 0.230477 -0.509854 0.233289 -0.647629 -0.182947 -0.654146 -0.279698 -0.193621 0.204735 0.0186351 -0.153291 0.0739366 0.719928 -0.0963352 -0.413687 0.0746071 -0.436697 -0.236417 0.295558 -0.365509 -0.670972 0.089875 0.395241 -0.523821 -0.437813 -0.207207 0.437092 0.337896 0.282181 0.285775 0.380463 0.0409475 -0.35829 -0.54645 -0.556794 0.146937 0.200825 0.119798 0.251844 -0.0868684 0.749825 -0.334467 0.14471 -0.418779 -0.138528 0.285249 0.0978209 0.031267 -0.519346 -0.0113503 0.164838 0.213062 0.382295 0.023473 0.27077 
tomatoes 0.0800131 0.0704611 -0.167279 0.209325 -0.311859 -0.715113 -0.303939 -0.0730788 -0.00285563 -0.40772 -0.1219 -0.709064 0.709816 -0.129581 -0.102938 -0.291346 0.122994 -0.799185 -0.183184 0.54398 0.649066 0.590608 0.786759 -0.00157733 -0.213684 0.126382 0.178656 -0.414904 -0.419019 0.174226 0.336491 -0.588089 0.127149 -0.145921 -0.401304 0.228562 -0.0425336 -0.0263814 0.577371 0.398377 -0.0859621 -0.628382 0.10691 0.186105 -0.215102 1.15198 -0.295695 0.585273 -0.0910515 -0.255662 0.0268722 -0.728619 0.128595 -0.146751 -0.315538 0.598538 0.178764 0.401643 0.179004 0.109894 0.0321675 -0.396044 0.379395 -0.243328 0.424197 0.275715 -0.053396 -0.391673 -0.830096 0.195041 -0.546527 -0.709572 -0.816672 0.599396 -0.483987 0.266022 0.0139708 -0.451237 1.01438 0.837878 -0.53255 -0.783298 -0.429723 0.313236 -0.000550265 0.0157915 -0.245235 -0.216387 -0.276775 0.692901 0.220302 -0.144664 -0.28764 -0.736215 -0.190398 0.1024 0.888413 0.306394 -0.740518 -0.375228 
enchilada sauce 0.285817 0.0711619 0.292744 0.0441159 0.253425 0.134711 0.522138 0.243697 0.102397 0.438329 -0.461242 0.139104 -0.0678017 0.410023 -0.286298 -0.190714 0.202382 -0.0792323 -0.319433 0.549679 0.105545 0.338849 -0.177825 -0.428473 0.369445 -0.140942 0.266162 0.0602632 0.200486 -0.0648456 -0.0514374 0.401483 0.21181 0.132408 0.0606552 -0.596878 0.227872 0.262364 -0.484798 0.203313 -0.25391 -0.329162 0.010713 0.118507 -0.192293 -0.0478353 0.409092 -0.352149 0.396482 0.365191 0.344529 -0.13378 -0.0101517 0.407512 0.0694081 -0.390946 0.00203769 -0.175157 -0.0861588 0.0686352 0.494483 0.311172 0.213204 -0.106699 0.162451 -0.166881 0.406288 -0.547752 0.239184 -0.00202944 0.255099 -0.166603 -0.0144429 0.158861 -0.241349 -0.440709 -0.0460375 0.50973 -0.48316 -0.0285736 -0.223678 -0.12101 -0.631071 0.277973 0.670257 0.00737003 -0.340869 -0.139552 0.43126 -0.262299 0.16692 -0.387059 -0.552068 0.39727 0.2598 0.205877 -0.389393 -0.139902 0.235396 -0.0191998 
biryani masala -0.528745 0.407173 0.562952 0.216677 0.0291687 0.165495 0.083826 -0.38365 -0.416573 0.288563 0.403012 0.482182 -0.608429 0.324242 -0.0664747 0.0204844 -0.23953 0.03444 -0.0333688 -0.327315 0.216811 0.507253 0.024749 -0.686667 -0.183371 -0.419849 0.164197 0.392176 0.00105313 0.368252 0.205528 0.201995 -0.42805 -0.0335066 0.153239 -0.0379143 -0.687581 0.0689796 -0.445089 -0.192069 -0.362091 -0.511023 0.324656 -0.143239 -0.372615 0.0928272 0.356633 0.121471 -0.274626 -0.240659 0.574369 -0.0573414 0.165752 0.20305 -0.353462 0.11289 -0.525025 0.167996 0.00613292 -0.400956 -0.216381 0.613335 0.0628328 0.0199116 -0.0701086 -0.305916 -0.228285 0.266895 0.0744277 0.0749261 -0.115707 0.157939 -0.420148 -0.253809 0.379758 0.414237 0.396671 -0.246229 -0.361105 -0.0924556 -0.242702 -0.236361 0.496882 0.29117 0.252838 0.117373 -0.128976 0.469951 0.217335 0.250614 0.103266 -0.0575367 -0.306642 0.153181 -0.0949267 0.0288002 -0.426934 -0.518053 0.230782 0.427861 
gouda cheese 0.129473 0.33621 -0.109907 0.37041 -0.411185 -0.388159 -0.177291 -0.11575 -0.112247 -0.554595 -0.00582923 -0.0513829 0.854488 -0.0322993 0.680982 -0.0996743 0.0409028 -0.676536 0.288491 0.0366605 -0.365171 -0.469861 -0.0611029 0.311276 0.398667 -0.389033 -0.0472047 0.468328 0.50662 0.16921 -0.316193 -0.210195 0.0101402 -0.254012 -0.426221 0.154758 -0.0948652 -0.163987 -0.445105 0.178643 -0.525155 -0.272206 0.747941 -0.0723051 -0.0338497 -0.479266 0.053796 0.204946 -0.145606 0.181963 -0.412953 0.313315 -0.425246 0.553785 0.663236 0.450718 0.291321 -0.346232 0.69629 0.26895 -0.399065 -0.0298311 -0.283621 -0.370705 0.261575 -0.00763072 0.402238 -0.133341 0.262311 -0.134308 -0.282605 -0.460282 -0.0523162 0.298339 0.073603 -0.109219 0.155417 0.214621 0.0141628 0.211055 -0.575697 0.109215 -0.184899 -0.311101 0.175832 0.139176 0.452156 -0.387202 0.012497 0.132646 -0.184733 -0.194753 0.179579 -0.127681 0.303138 -0.456834 -0.298897 -0.378662 -0.289343 0.134018 
italian seasoning 0.246454 0.461445 -0.0533644 0.237379 0.498685 -0.168253 0.579079 0.551116 -0.528174 -0.243835 0.0560116 -0.232189 0.414675 -0.0719441 0.15235 0.253072 0.109478 0.0881301 -0.145505 -0.441314 0.413062 0.148175 -0.0277373 0.106009 0.320089 0.225096 -0.371867 0.0592754 0.18615 0.179117 0.183981 -0.0397978 -0.424927 -0.373689 -0.153908 -0.529864 -0.194914 -0.0363214 -0.666811 -0.208642 0.00730184 -0.101914 -0.481461 -0.266009 -0.0514258 0.631819 -0.0164409 0.31248 0.404862 0.335536 -0.617057 0.0578684 -0.25304 0.409347 0.0961525 0.233182 0.383737 0.0625756 -0.258614 -0.0030282 0.320166 0.233933 -0.120935 0.327734 0.217632 0.348075 0.346668 0.278566 -0.173175 0.428628 -0.179935 -0.0433156 0.177355 0.0623855 -0.457314 0.431076 -0.0631828 -0.437365 -0.653579 0.212799 -0.600375 -0.258692 -0.23289 -0.0854514 -0.148089 0.122838 0.0710553 0.596993 0.100149 0.68714 -0.142076 -0.371584 -0.000728427 -0.354923 0.362828 0.670789 0.307281 0.179214 0.0996687 -0.190615 
diced tomatoes 0.401676 -0.281246 -0.542069 -0.451982 0.473632 -0.357064 0.288744 -0.289254 -0.5156 -0.18321 -0.0649842 0.316465 0.0476625 0.144203 0.265201 -0.137149 0.251814 -0.443616 0.530205 0.0766443 0.778101 -0.111328 0.19116 0.481215 0.188145 -0.403509 -0.0274112 -0.253614 0.000123017 0.275488 0.322661 -0.216779 0.0974412 0.30644 0.0260047 0.251711 -0.456373 0.309686 -0.071428 0.320032 -0.434094 -0.495412 -0.467366 0.291178 0.21232 -0.0431782 0.173518 -0.19056 0.398809 -0.122977 0.524909 0.360582 -0.414386 -0.115882 0.642823 -0.595769 -0.388478 0.214924 0.11681 -0.0451965 0.0981577 0.658295 0.124961 0.432996 -0.311349 0.130773 -0.29515 -0.459641 0.0288787 -0.519013 0.118007 -0.219402 0.559849 0.257398 0.530352 0.549706 -0.298845 -0.128013 0.484621 0.0123143 0.0177044 -0.645779 0.0329129 -0.235243 0.41616 -0.263092 0.4202 0.791047 -0.419705 -0.458323 0.304394 -0.67047 -0.144177 -0.103866 -0.135636 0.0778903 -0.373325 0.10651 0.403364 0.0880048 
pork -0.624426 0.187609 0.476216 0.0576595 0.0293103 0.043895 0.0952236 -0.206027 -0.0219139 0.22037 0.334415 0.0733199 -0.4602 -0.015243 0.267378 -0.370042 0.151491 0.105149 -0.0626192 0.302054 -0.0810444 0.550585 0.180082 -0.378878 0.250662 -0.208952 0.166431 -0.426654 0.435419 0.142592 -0.500173 -0.19426 -0.195392 -0.470739 -0.0863146 0.599028 -0.240148 0.284513 0.389838 0.335602 -0.490497 -0.121198 -0.470242 -0.224629 0.103427 0.604108 -0.00114752 0.228829 -0.633107 -0.462127 0.0442835 -0.0161602 0.43813 0.606717 0.225885 -0.101007 0.108285 -0.01448 0.231773 -0.451425 0.136115 0.0848976 -0.21906 -0.310949 0.266147 -0.100403 0.366738 0.0519187 -0.336925 0.166537 0.116539 -0.0713494 0.0713444 -0.0249209 0.114515 0.303291 -0.358583 0.0484528 0.347214 0.219355 -0.176674 -0.0825502 -0.162599 -0.514 0.463199 0.677604 0.566319 0.436858 -0.555356 0.134434 -0.190076 -0.384301 0.344847 -0.0612701 0.351365 0.211964 0.75091 0.224961 0.133274 0.0263626 
fennel 0.569528 0.267504 0.0764437 0.0263092 -0.254084 -0.0371949 -0.249798 0.714941 0.373683 0.349986 -0.522808 -0.0216178 -0.0524972 0.0682995 -0.402124 -0.205649 0.198967 0.675283 -0.229198 -0.0247016 0.245047 0.277471 -0.210022 0.228128 0.219728 0.294243 0.0322335 0.211506 0.195779 -0.0212147 0.43371 0.598915 0.0128254 0.070885 -0.323327 0.0162929 -0.381744 0.0068979 -0.373119 -0.452249 -0.219985 0.639946 0.270927 -0.231958 0.186224 0.192239 -0.00791016 -0.0398267 -0.357379 -0.312497 0.152401 0.412691 -0.187057 0.148841 0.0145471 -0.418818 -0.418499 -0.221665 -0.112755 -0.033341 -0.046869 -0.0537696 -0.584864 -0.201807 -0.712142 -0.232724 0.524882 0.598074 -0.325864 -0.544734 0.57154 -0.0761355 0.247875 0.19995 -0.0914797 -0.0825464 -0.496109 -0.285614 -0.107888 0.163435 -0.0178365 -0.352636 0.181077 -0.184806 -0.0172439 -0.464839 -0.14419 -0.902488 -0.158445 -0.0311453 -0.105845 0.439178 -0.0813854 -0.0465123 0.695772 0.246282 -0.0957391 0.000138109 0.10306 -0.702583 
Beef stroganoff -0.150623 -0.260442 0.0998024 0.436721 0.340658 -0.00912429 -0.252382 0.330053 0.32939 0.0335855 0.158726 -0.0282275 0.382511 0.49981 -0.103961 0.00888883 -0.0906961 0.457681 0.413137 0.346591 0.0501781 0.114352 0.150226 0.0049552 -0.0825361 -0.255756 0.00655924 0.26957 -0.267856 0.526174 0.232854 0.0806133 0.244427 0.447808 0.130712 -0.50237 0.304383 0.413603 -0.291116 0.391795 -0.415238 0.0369578 0.383847 0.0247566 -0.220841 0.138292 0.223395 -0.227227 0.136265 -0.37031 0.0806085 -0.116755 -0.262082 0.510933 0.181182 -0.319857 0.327488 -0.311147 -0.237503 -0.0540928 0.482685 -0.295285 -0.152566 0.0253282 -0.509934 -0.275936 0.419871 -0.139926 -0.0437151 -0.0750533 -0.154868 0.284519 -0.478672 -0.0639497 0.0445812 -0.432118 0.319745 -0.406294 0.242363 0.318131 -0.0335913 -0.262312 -0.215133 -0.24298 0.233582 0.0267659 -0.314054 -0.0289463 -0.179602 -0.119847 -0.0661549 0.190622 0.655666 0.487032 -0.0256388 -0.358991 -0.317852 -0.231772 -0.0395653 -0.274091 
miniature marshmallows 0.117671 0.586694 0.0739913 -0.343808 -0.00612006 0.346038 -0.0707964 -0.122193 -0.13928 0.548891 -0.729314 0.241122 0.149972 0.170011 -0.246757 -0.342114 0.108746 0.595896 0.252217 0.543716 0.319529 -0.239903 0.552402 0.211338 0.208774 0.0640089 0.552083 -0.550069 -0.724752 -0.13489 -0.272932 0.214853 0.329454 -0.608325 -0.0386387 0.347543 0.466285 0.47117 0.545922 -0.187609 -0.423772 -0.0329634 0.314813 -0.0958359 -0.125801 -0.310848 -0.581488 -0.061307 0.507876 0.472094 0.577393 -0.383211 0.417706 0.29692 0.400142 0.656345 0.472566 0.236372 -0.21977 0.0353922 -0.0917769 0.182676 -0.0373221 -0.140002 0.0712592 0.244622 0.0872362 -0.186113 0.065564 0.180824 0.16508 0.255936 -0.00353209 0.319487 0.0235736 0.304152 -0.0854976 -0.355555 -0.787454 -0.568557 0.039969 -0.209098 0.565976 -0.0969723 -0.192819 -0.429435 0.0911235 -0.380188 -0.772495 0.467709 -0.00305915 -0.051209 0.529249 0.53944 0.285721 0.357226 0.384057 0.283748 0.543859 0.418032 
black beans -0.0527039 -0.13111 -0.460279 0.23017 0.230667 -0.20464 0.425297 -0.163054 0.147819 0.00675148 -0.452195 0.351892 -0.244256 0.242379 0.0761019 -0.30017 -0.204103 -0.368744 -0.388411 0.347267 0.313588 -0.163473 -0.265164 0.492533 -0.290827 0.214908 0.246516 0.127933 -0.229646 -0.0508064 0.0179547 -0.165555 0.0479059 -0.0443487 0.464794 -0.47491 0.418985 -0.301662 0.27646 0.379889 0.296536 0.0541816 -0.424194 -0.429697 -0.0575833 -0.271971 0.350983 0.305538 -0.371224 -0.425121 0.154868 -0.35339 -0.457212 -0.174959 0.124093 0.116147 -0.462677 0.462762 0.472363 0.0511994 -0.362468 -0.491449 0.103498 0.121545 -0.0320688 -0.199321 0.168314 0.388541 0.154365 -0.127736 0.294924 -0.113465 0.377981 -0.233824 -0.355703 0.423624 -0.304659 0.274235 -0.294013 -0.0646749 -0.0797477 0.498589 -0.131176 -0.429673 0.266916 -0.474116 -0.391064 0.11104 0.28427 -0.486898 0.280613 -0.00651845 -0.407862 0.347125 -0.199721 0.239236 -0.0571152 -0.35892 -0.220347 -0.0605077 
Chicken Handi -0.223213 -0.296426 0.416765 0.219349 0.129555 -0.569626 0.127965 -0.0232117 -0.32457 -0.294647 0.158203 -0.0336609 -0.11696 0.499852 0.471261 0.258699 -0.304411 0.0339396 0.405422 0.181905 -0.0808639 0.255388 0.174188 0.375036 0.231831 -0.106875 -0.326984 -0.401338 0.137197 -0.262498 0.596436 0.209059 0.342283 0.290866 -0.356648 0.0453355 0.316599 0.53004 -0.352108 -0.33867 0.232252 -0.256849 -0.236395 0.0268092 0.243564 -0.415532 0.362826 -0.125606 -0.229227 0.372794 0.104318 -0.398024 -0.175734 -0.333341 -0.431562 0.606067 0.664974 -0.356436 -0.314694 0.327732 -0.193335 -0.0495003 -0.257109 -0.538101 0.131035 0.0209158 0.0907536 -0.0159622 0.152434 -0.227598 0.0374249 0.307853 -0.318367 -0.28883 -0.281599 -0.33646 0.0489941 -0.200755 0.316054 0.369916 -0.0936873 -0.0129938 0.354708 -0.00155023 0.16959 0.3507 -0.555261 -0.264505 0.0344982 -0.318402 -0.102059 0.181967 0.195132 0.555539 -0.0478311 -0.217648 -0.272796 -0.153661 -0.224626 -0.225669 
Bakewell tart -0.121674 0.261693 0.184473 0.143021 -0.188652 -0.378575 -0.107347 0.244777 0.439847 0.311512 -0.0173548 0.251856 0.0726473 -0.307294 0.173835 -0.375948 0.499111 -0.129982 -0.17375 -0.0741864 -0.104456 -0.565734 -0.273273 0.208658 -0.181894 -0.0888371 -0.310546 -0.043094 0.0744129 -0.133323 -0.0342788 0.275475 -0.104963 0.162617 0.142232 0.417832 0.0408424 0.485679 -0.0459634 -0.388288 -0.271163 0.408603 -0.344516 0.0359894 -0.179279 0.303793 -0.416051 -0.323175 0.37195 0.0824357 -0.201571 0.283585 -0.346296 0.325063 0.465838 -0.0451615 -0.191396 -0.26974 -0.475514 -0.528354 0.0503291 0.332302 -0.144592 0.410672 -0.169457 -0.326423 0.360865 -0.181809 -0.29243 0.413318 0.100926 -0.196046 0.538506 0.404306 0.104422 0.236749 0.526014 0.239226 0.671317 0.0522179 -0.232076 0.00484814 -0.306422 -0.33246 0.39978 0.0199566 0.0473202 -0.40114 -0.399461 -0.178155 0.575494 0.429654 0.0846173 -0.287097 0.0717773 0.606683 -0.459293 -0.184866 -0.303034 -0.480501 
breadcrumbs 0.782947 -0.0363003 0.12993 0.154175 0.143267 0.264234 0.00593486 -0.192672 0.515756 -0.478707 -0.0577213 0.773374 -0.538763 0.0726744 -0.00158119 -0.0863775 0.401807 0.327786 0.0340621 0.333944 -0.0620611 -0.45882 -0.579881 -0.412248 -0.264643 0.342317 0.393244 -0.175699 0.35531 0.226208 -0.254774 0.262999 -0.177256 0.0864348 0.259498 -0.839128 -0.462273 0.349532 -0.114192 0.368887 0.356177 0.268517 -0.0485912 0.291012 -0.35502 -0.285994 -0.0787423 0.444114 0.107165 0.00428845 0.460412 0.471981 0.314279 -0.231863 0.129589 -0.0495968 0.0055911 0.383312 -0.149688 -0.655057 -0.207592 -0.131531 -0.234518 -0.275647 0.728517 -0.613342 -0.185205 -0.414316 -0.796674 0.346262 -0.0708942 0.286077 -0.0195875 0.319056 -0.12861 0.438025 -0.178438 -0.286418 -0.196414 -0.110706 -0.335945 0.38924 -0.00512639 -0.194713 -0.286454 -0.624878 -0.0104275 -0.0861132 0.350155 -0.132746 -0.0884249 0.281733 -0.75241 0.110898 0.296449 0.145982 -0.173311 0.00250693 -0.178398 -0.134529 
mussels 0.236282 -0.0660424 -0.51737 0.208924 0.252636 -0.0320771 0.165381 0.223394 -0.633416 0.15328 0.0799627 -0.562377 -0.432174 -0.245519 -0.208138 -0.25752 0.129531 -0.342183 0.254696 0.0431885 -0.113106 -0.250984 -0.339672 0.269531 -0.354712 -0.387932 -0.148241 -0.23088 -0.147161 0.452739 -0.135511 0.00475002 0.0396301 0.603021 -0.0430576 -0.420915 0.268674 -0.253552 0.238668 0.815071 -0.290555 0.0315212 0.316716 -0.440753 0.191008 0.533098 0.200461 0.332768 -0.542816 -0.0197231 0.00415276 -0.110115 -0.250402 -0.413754 -0.13936 -0.175401 -0.356925 0.167835 -0.182177 -0.0839775 0.559815 0.355367 -0.519824 0.254867 0.456195 0.532977 -0.13228 0.731057 -0.297991 -0.443467 0.378209 -0.17213 -0.562756 0.235417 0.209487 -0.564974 0.0172646 0.288698 0.0713561 0.560241 0.190794 -0.0462155 0.0635547 0.457978 0.303587 -0.323245 -0.375227 -0.133152 0.318385 0.200878 0.187725 -0.0715228 -0.20641 -0.13158 0.118669 0.322231 -0.188295 0.0605437 0.0196618 0.54006 
Fish Soup (Ukha) 0.318693 -0.0919777 0.412898 -0.390423 -0.278924 -0.245446 0.257613 0.47377 -0.186215 0.0244745 -0.286205 0.274993 0.315268 0.13861 -0.300263 -0.072417 -0.267745 -0.376616 0.224668 -0.16752 0.154483 0.0257892 -0.228958 0.117355 0.478967 -0.455773 0.454862 -0.324332 0.0707825 -0.0485679 -0.286049 0.259565 0.409381 -0.427297 0.48895 -0.474493 0.115218 0.0868204 0.25049 -0.099609 0.462442 0.119297 0.483327 0.375727 0.352543 0.211195 0.157221 0.0386704 -0.254976 0.194941 -0.416621 -0.258971 0.068768 0.116937 -0.298567 -0.0831032 0.0340663 -0.274599 -0.299578 0.0118464 0.158425 -0.28289 -0.0921909 0.492721 0.368632 -0.327139 -0.264881 0.307001 0.0227226 0.45958 -0.431936 0.43026 0.430761 -0.0398594 -0.201731 0.0168562 0.24921 -0.230215 0.0254296 -0.361959 -0.0938815 0.139141 0.42496 0.372161 -0.457391 0.372952 0.427816 0.258475 -0.270473 -0.205056 -0.210469 0.382373 0.486463 0.296507 0.0590085 -0.495272 0.3711 0.272342 0.122461 0.228828 
Dal fry 0.340904 -0.40902 0.0959304 0.39443 -0.220821 0.0998005 -0.435005 -0.39787 -0.361382 0.526346 -0.241276 0.291976 0.314799 0.118993 0.511577 0.0534811 -0.210876 0.277565 0.230224 -0.103005 0.181245 0.00554128 0.0168678 -0.549698 0.0246008 0.0451028 -0.357299 0.156731 0.398314 -0.0614235 0.0196775 -0.0166865 -0.0739051 -0.342742 0.163183 -0.5559 0.210396 -0.0236158 -0.485032 -0.0603404 -0.246279 0.248325 -0.311645 -0.516837 0.00965642 0.243747 0.127594 0.263729 0.0647784 0.273885 0.00791201 -0.260457 -0.368154 0.18878 0.0720497 -0.208572 -0.411209 -0.287135 0.0876739 -0.326497 0.130843 0.241849 0.456484 -0.134748 -0.340956 -0.309352 0.326372 0.334633 -0.29494 0.22495 0.641605 0.0222901 0.392943 0.536844 0.182207 0.0593572 0.257834 0.294553 -0.497713 -0.40539 -0.259774 -0.0786136 0.212852 -0.108881 -0.385501 0.323706 -0.241063 0.381073 -0.279793 0.261588 0.0309054 0.00774344 -0.0370752 -0.424755 -0.512328 -0.186578 0.397666 0.495435 0.194283 0.384076 
paneer -0.446894 -0.163457 0.444997 0.0522736 0.379593 -0.397541 0.134438 0.0794036 -0.190231 -0.376206 -0.206044 -0.0566924 -0.408709 0.128917 -0.342383 0.47067 0.0969541 0.252186 -0.206735 -0.309441 0.278968 0.476586 -0.200427 0.108443 -0.404336 0.41657 -0.314234 0.0426402 0.201977 0.299147 0.317092 -0.0637329 -0.368912 0.489713 0.260011 -0.445008 -0.412705 0.278677 0.0870674 0.468646 0.291575 -0.316721 -0.294781 -0.151691 -0.471888 0.442313 -0.192643 -0.0473724 0.0435672 0.427659 -0.409844 -0.0232567 -0.0964994 0.264834 0.0306134 0.0563806 0.235048 -0.280062 -0.493843 -0.163344 0.242035 0.147098 0.232334 -0.0784298 0.461275 0.148531 -0.255405 -0.37674 -0.0440072 0.36411 -0.393528 0.271728 0.1422 0.430172 -0.24004 -0.0145692 -0.0463572 0.201562 0.0393832 -0.147199 -0.08614 0.134789 0.499373 0.321437 0.427696 0.082364 0.438812 -0.276083 0.117302 0.278507 -0.498053 -0.193178 0.00242577 0.207854 -0.431697 -0.395977 0.414691 0.496707 0.36964 -0.160204 
Vegan Chocolate Cake 0.0327534 0.118607 0.213734 -0.48069 -0.54046 -0.332612 -0.307138 -0.179422 0.202436 -0.324622 -0.00456716 -0.358254 0.168465 0.15456 -0.55099 0.2148 -0.103555 -0.223421 -0.0594841 0.445603 -0.326444 0.401608 0.510984 0.312922 0.202918 -0.542562 -0.13361 -0.455134 0.0301965 0.0227359 0.0299337 -0.158316 0.039275 -0.112596 -0.176723 -0.222497 -0.0885418 -0.284208 -0.0955179 -0.0137805 0.321176 -0.523524 -0.158135 -0.0962992 -0.0198438 0.322743 -0.340044 -0.340132 -0.395204 -0.290291 -0.400911 -0.710774 -0.40802 -0.158996 -0.543465 -0.596197 -0.315786 -0.221241 0.440067 0.373427 -0.0562379 -0.566996 0.457282 0.208428 0.244031 -0.0744563 0.357409 0.117758 0.0428387 0.0917834 0.0704992 -0.278761 0.197313 -0.370713 -0.49958 0.172905 -0.181818 0.380248 -0.410587 -0.304896 0.504058 -0.221993 0.182567 0.31243 0.243989 0.207885 -0.463818 -0.55588 -0.00436281 0.494245 0.172028 0.0274461 -0.0213284 0.0788439 -0.112251 -0.498039 0.000644562 -0.106926 -0.202409 -0.0729987 
cubed feta cheese 0.434742 0.144361 -0.101422 0.0148465 -0.232894 0.359641 0.522643 -0.192456 -0.299737 0.280125 -0.422899 -0.342426 0.554205 0.610683 0.171536 0.190412 -0.332934 -0.0157411 0.555396 -0.202471 0.173853 0.447015 -0.0852966 -0.503731 0.0180122 -0.374872 -0.249044 0.0424067 0.222643 -0.147657 0.558588 0.0746748 -0.1191 0.148421 -0.243703 0.508247 -0.0335316 0.253171 0.388382 -0.20728 0.128893 0.172119 0.15976 -0.370437 0.152591 -0.124402 0.344747 0.126334 -0.547726 -0.560329 0.0667043 -0.0311264 0.338324 0.0868836 -0.184907 -0.545346 0.344207 0.0983248 0.414372 0.145972 0.171471 -0.354249 0.216768 0.427808 0.132766 0.454879 0.0327131 -0.269867 -0.270529 -0.329696 0.0640988 0.347069 -0.251887 0.432548 0.00850311 -0.174562 0.0939179 -0.133412 -0.479724 -0.344965 0.195013 0.19921 -0.731793 0.449163 0.62051 0.0531549 -0.436639 0.346144 -0.149085 0.374464 -0.636838 -0.203542 0.331904 -0.30315 -0.381114 -0.225066 0.157135 -0.281577 0.0195974 0.459111 
Apam balik -0.444492 0.207214 0.440969 0.380312 -0.318163 -0.305296 -0.407433 -0.104124 0.204836 -0.387297 0.470302 0.369258 0.413204 0.373575 0.0668981 0.107971 0.261626 0.306788 -0.240985 0.348824 0.0983406 -0.0343557 0.463161 -0.404272 -0.254333 -0.421624 0.154253 -0.022779 -0.44489 0.411897 0.373234 0.202149 0.0649501 0.495686 -0.0529358 -0.323541 0.233141 -0.10409 -0.430461 -0.01797 -0.326199 -0.441434 0.431364 0.341575 0.0703801 -0.43132 0.0598595 0.319597 0.058018 -0.256664 0.306671 -0.336325 -0.0496379 0.284268 -0.389052 0.455731 0.478696 -0.337267 0.109897 -0.185978 -0.1564 0.358978 0.496512 0.404432 0.0984559 0.0389304 0.393621 -0.240594 -0.358649 0.36801 0.104318 0.0637685 0.491374 0.267254 -0.360339 -0.103907 0.0888229 0.30701 -0.0276015 -0.165694 0.126222 -0.219503 0.17337 0.038858 0.29919 0.498025 0.242142 0.330989 -0.216384 -0.1868 0.0683852 -0.444135 -0.421361 0.305511 0.338371 0.405772 -0.426328 0.0801228 -0.464801 -0.338221 
hazlenuts 0.318566 0.27448 -0.108328 0.206038 -0.0763509 0.315746 -0.247662 -0.272513 -0.202265 -0.360991 0.10199 -0.0435829 -0.0118491 -0.159959 0.180085 0.302523 0.437692 -0.00791801 -0.17626 -0.383875 0.396994 -0.0332532 0.403348 0.152339 0.264299 0.117418 -0.414848 0.495103 0.496951 0.396165 -0.284855 -0.424178 -0.279222 -0.146105 -0.07445 0.0298468 -0.242816 0.493385 0.434547 -0.0702217 -0.180139 0.369483 -0.0412043 -0.146921 -0.293698 0.448829 -0.0164672 0.317528 0.354612 0.334584 0.490876 -0.452596 -0.488222 -0.0644599 0.436933 -0.186081 0.482785 0.313001 -0.210937 0.0938213 -0.0543838 0.323533 -0.262239 0.00155298 0.378453 -0.328809 -0.190361 -0.256623 -0.116534 -0.022947 -0.286672 -0.412176 -0.498948 -0.203401 0.459745 -0.242245 -0.101713 0.48974 0.190212 -0.0833617 0.461734 0.277666 -0.112684 -0.158429 0.091101 0.106484 -0.107908 0.0243953 -0.125479 -0.458453 -0.400694 0.0956824 0.0504212 0.426039 -0.36663 0.43249 0.455266 0.294189 -0.354798 -0.439424 
Coq au vin 0.0233396 0.293258 -0.234228 0.302487 -0.220029 -0.161332 0.294412 0.209289 -0.408965 0.467366 -0.516893 -0.64062 0.492807 0.35042 0.402704 -0.456339 0.0181041 0.537576 -0.156447 -0.0666413 0.260238 0.165847 -0.205526 0.397131 0.144969 0.0769166 0.518531 -0.265091 -0.119085 -0.0300292 -0.421263 -0.558527 0.125639 0.0340086 -0.441134 0.347934 0.02893 -0.234231 -0.181701 0.0568255 -0.464327 -0.347937 -0.260933 -0.00915588 -0.270925 -0.530789 0.453062 -0.573911 0.290484 -0.24934 -0.448473 -0.553639 -0.30721 -0.396249 0.0951341 0.273148 -0.278819 0.249932 -0.468721 -0.505569 -0.0854415 -0.414278 -0.3148 -0.25445 -0.489356 0.24531 0.500891 -0.0161006 -0.130083 0.385394 -0.429196 -0.111898 0.481475 0.324074 -0.124217 0.666973 -0.240371 0.166798 0.0538159 -0.445896 -0.245102 0.443793 -0.117596 -0.564885 -0.312171 0.159774 -0.397492 0.260373 0.493403 0.0218893 0.0470842 0.499886 -0.421382 0.294046 0.524733 0.128872 0.342597 0.462256 0.14055 -0.156805 
capers 0.414503 -0.305583 0.0457392 0.212131 0.189935 -0.223181 -0.149664 -0.20348 0.178935 -0.490491 0.13892 0.315995 0.286719 -0.00849031 -0.328661 0.355892 -0.129248 0.302904 0.442394 -0.452434 0.347894 -0.24199 -0.439512 -0.213754 -0.0459038 -0.473236 0.409064 0.0946707 -0.312651 0.0363101 0.32299 0.135338 -0.191587 0.459095 0.028092 0.128718 0.305832 -0.383293 -0.0402811 0.380279 -0.150989 0.0985614 -0.206704 0.122358 -0.255891 -0.235907 0.108893 0.363994 0.340836 -0.459526 0.283642 -0.318271 -0.432694 -0.453733 0.494644 -0.340612 -0.137713 0.329915 -0.181387 0.309066 0.0780398 0.409705 0.282816 0.253202 0.245085 0.298887 0.380739 -0.277985 0.425629 -0.381614 0.439573 0.126212 -0.436946 0.167459 0.00412895 -0.0181984 0.44102 0.338059 -0.297857 -0.371131 -0.317536 -0.0064883 -0.283777 -0.387632 0.159267 0.160571 -0.21456 0.00650288 -0.399614 0.264612 0.233898 0.414849 -0.485561 0.40069 -0.182178 0.118741 -0.211386 0.348765 -0.347588 -0.364477 
Pad See Ew -0.11866 0.34333 -0.487724 0.11451 0.295155 -0.104515 -0.469001 -0.0848723 -0.108174 -0.5124 0.246172 0.186127 -0.136522 0.265282 0.237673 -0.367563 0.264788 -0.00878643 0.241011 0.442026 -0.315348 0.136319 -0.725302 0.185815 -0.642132 -0.0360077 0.373163 0.0746731 0.394695 -0.154874 -0.151305 -0.214777 0.0219656 0.439561 -0.336363 0.191934 0.221479 -0.208456 -0.160035 0.135594 0.134878 -0.235781 -0.0869602 -0.310777 -0.0739827 -0.526901 -0.384798 -0.243837 0.181368 -0.522227 -0.480258 -0.0730818 -0.04386 -0.558021 -0.0702452 -0.134494 0.541194 0.218579 -0.154537 -0.263653 0.0275956 -0.564355 0.550373 -0.229905 0.508496 -0.361059 0.180353 -0.299098 0.0943632 -0.0998462 0.116881 -0.317791 0.382629 0.0829551 0.153312 0.425853 0.0414449 0.420508 -0.231418 -0.44959 0.177456 0.0042683 -0.100438 0.688529 0.275157 -0.423151 0.249364 0.481133 -0.299813 0.252864 -0.347664 -0.245744 0.324516 -0.102684 -0.157395 -0.225279 -0.00429682 -0.0575658 0.345995 0.236374 
Tuna and Egg Briks 0.454917 -0.471249 -0.184295 -0.397515 -0.325096 -0.282654 0.0925489 -0.0557928 -0.448063 -0.200228 -0.227867 0.485305 0.221048 -0.423598 -0.420734 -0.287949 -0.0569815 -0.0152865 -0.20378 -0.453582 -0.314644 0.224697 -0.276263 -0.296374 0.0481378 0.306554 0.350272 -0.206078 -0.423993 0.425968 -0.243874 0.174259 -0.402812 -0.388417 0.117439 -0.261303 -0.38781 0.273808 0.214202 0.445363 0.447229 -0.122042 0.220816 0.119862 0.130686 0.450133 -0.166748 -0.0716547 -0.249301 -0.246112 0.187034 -0.0285418 -0.419727 0.486124 0.175096 -0.146261 0.155755 0.0812514 -0.278504 -0.486867 0.0910414 -0.28661 -0.422233 0.297995 0.251992 0.169149 0.492906 -0.126691 -0.490409 -0.272053 -0.357757 0.274534 -0.468084 0.253462 -0.0910222 0.168069 0.0709735 0.016768 0.486661 0.435266 0.277111 -0.0503262 0.385782 -0.239351 0.0653172 -0.394331 -0.470001 0.343184 0.0168653 0.334427 -0.499421 -0.485294 -0.450707 0.445996 0.0203472 0.38923 -0.484436 -0.0494646 0.0260796 -0.126478 
rice stick noodles 0.122273 0.386419 0.210098 -0.445916 0.390298 -0.228522 -0.06607 -0.283964 0.058204 0.239891 0.56619 -0.191916 -0.504346 -0.264346 -0.261752 -0.107131 0.128547 -0.0443083 0.225102 0.503486 0.283519 0.401387 -0.156762 0.0736398 0.50469 0.295002 -0.0216556 0.260172 -0.348969 0.424206 -0.0135223 0.118771 0.299599 -0.0705728 -0.319229 0.274599 0.23921 -0.00176364 -0.0872384 0.121679 0.114487 -0.345784 -0.241959 0.390381 0.315225 -0.0250891 -0.460049 -0.326554 -0.225098 0.119527 0.16659 0.345368 0.309355 0.196139 0.0379544 0.453138 0.575078 -0.286327 -0.19048 0.149745 -0.0978919 0.0481091 -0.573648 -0.134729 -0.26511 0.392064 -0.378553 0.217569 -0.347126 0.0615138 0.341517 0.339966 -0.0235934 0.30915 -0.0378201 -0.364725 0.582979 -0.0645648 -0.105492 -0.0193275 -0.561712 0.114867 -0.106462 -0.344115 0.1035 0.186731 -0.457667 -0.360012 -0.132464 0.38586 -0.223946 -0.432982 -0.551557 0.154669 0.0315578 0.179766 -0.0525346 -0.141667 -0.462079 0.00472978 
chicken breasts -0.735896 -0.104822 -0.0388225 -0.0694157 -0.230536 0.202555 0.587354 0.135048 -0.58195 -0.0285548 -1.22802 0.046937 0.0635909 0.270324 0.21904 -0.0798914 -0.0141801 -0.380081 0.493032 0.627435 -0.609496 0.614039 -0.538158 0.12376 0.000793845 -1.22799 -0.354852 -0.497593 -0.295211 -0.803653 -0.374707 0.676639 -0.0641538 0.208989 -0.199424 -0.942656 -0.026676 -0.0116578 0.24089 -0.90897 0.343385 0.0704644 0.524609 -0.184869 0.33077 0.365465 0.100927 0.592888 0.302897 1.11895 -1.09241 -0.354075 -0.574794 0.0402105 0.6096 -0.930929 -0.403324 -0.679165 -0.740375 -0.200484 -0.125592 0.618805 -0.661138 0.538143 -0.437938 -1.19439 0.920325 0.245616 0.125775 -0.16732 0.169672 -0.402874 -0.537249 -0.664941 -0.543773 -0.448871 0.387746 0.741974 -0.0687303 -0.0855123 -0.391275 0.398683 0.0369993 -0.12612 -0.0847853 -0.485507 0.296788 -0.213587 -0.350411 0.631384 -0.621603 -0.31453 -0.566878 0.821322 -0.0836536 -0.0935321 -0.022347 0.164822 0.162419 -0.250673 
beef stock -0.566466 0.517917 0.312593 -0.277711 0.107253 0.0615988 -0.391447 0.0406248 0.0805006 0.446374 -0.322245 -0.140213 0.363484 0.0392711 0.2074 0.366811 -0.359972 0.211169 -0.0354629 -0.125676 0.152272 0.137645 -0.408806 -0.277531 -0.356742 0.231019 0.468965 0.0110082 0.0971977 -0.097343 0.784935 0.100568 -0.503052 -0.339962 -0.476053 0.203558 -0.215085 0.350435 0.247531 0.0395408 -0.397475 0.399047 0.0370096 0.139193 -0.0201158 -0.490893 -0.350618 -0.170283 -0.63635 0.552266 0.01551 0.315085 0.0844902 0.0293184 0.766346 0.117348 0.123257 -0.0793629 -0.0139778 -0.206532 -0.411328 0.28278 -0.0429252 0.162035 0.206234 -0.441663 1.04686 -0.163753 0.617192 0.417055 0.0166566 0.32127 -0.00073854 -0.0633716 -0.135492 -0.215982 -0.397004 0.252849 -0.233876 0.0988278 -0.751718 0.0562071 -0.0764059 -0.129663 0.0885852 0.360928 0.556132 -0.349276 -0.407277 -0.184898 0.152573 0.363047 -0.213936 -0.535294 0.547681 -0.157025 -0.27368 0.697911 -0.217242 0.234266 
rocket 0.0445819 0.265237 -0.0548545 0.195768 0.172761 -0.421244 0.182418 0.143003 0.010819 0.351673 -0.310398 0.136677 -0.142273 -0.460376 -0.332249 0.14233 0.0927324 0.10367 0.402384 -0.0424697 0.251764 -0.224936 0.0104143 -0.108949 0.427429 -0.00150472 0.491204 0.136051 0.142821 0.540396 0.354985 -0.332693 -0.31504 -0.626392 0.329426 0.206788 -0.416687 0.205012 0.223841 0.469366 0.191989 -0.0913835 0.326265 0.0715042 0.13065 0.458429 -0.0229654 -0.076049 -0.238517 0.239418 0.139425 -0.151923 -0.216894 0.371738 0.368918 0.313668 0.407711 -0.0120225 0.111455 -0.130223 -0.081588 -0.61129 0.214708 0.108389 0.201215 -0.397974 -0.4271 -0.360067 -0.434596 0.249681 0.190337 0.0640144 0.194855 0.00345797 -0.139565 -0.412972 0.0145736 0.391731 0.280885 -0.386383 0.0650244 -0.548678 -0.699927 0.551744 -0.00842104 0.156731 -0.277573 0.255078 -0.740009 0.0784424 -0.204189 -0.072181 0.117753 -0.596329 -0.319196 -0.275525 0.456658 -0.150714 0.303895 -0.106799 
chopped onion -0.470302 0.543005 0.134502 -0.365871 -0.041876 0.0876927 -0.224904 0.0563166 0.13696 -0.173807 -0.0726229 -0.00834271 0.433523 0.547547 -0.0643116 0.174007 0.253093 0.255349 0.0771319 -0.0446197 0.18731 0.108276 -0.420534 -0.142192 0.293297 0.442729 -0.209913 -0.0347443 -0.0891945 -0.201195 -0.20085 0.480446 0.546417 -0.431462 -0.199006 -0.115621 -0.100223 0.106788 0.270916 0.47042 -0.373631 0.0932086 -0.225084 0.534029 0.321926 0.484517 0.45829 0.0519679 0.411202 0.206561 -0.486521 -0.248047 -0.344891 -0.0468423 0.580571 -0.329115 0.129337 0.41096 0.394803 -0.498449 0.138611 -0.370604 -0.359837 -0.0517134 0.20828 0.420266 -0.0428231 0.281029 0.0981518 0.581353 -0.0826421 0.438624 -0.124643 -0.152633 0.169319 0.471422 0.248308 -0.196874 -0.0945711 0.291833 -0.0704813 0.235476 -0.294622 -0.164461 -0.0428357 -0.370238 0.313616 -0.159149 -0.163542 0.301846 -0.477641 0.0838889 0.128084 0.181339 -0.293305 -0.541374 0.0396968 0.293735 -0.165197 0.0372603 
Summer Pistou 0.0927324 -0.30193 0.102675 0.141124 0.385432 -0.411727 0.227871 -0.419142 0.182955 0.374782 -0.202231 -0.058663 -0.44212 0.0044448 -0.199576 -0.091797 -0.0837735 0.281866 -0.0492 -0.231195 0.186938 0.297961 0.276679 0.115291 -0.28218 -0.00105893 -0.257518 -0.475324 0.442443 -0.36018 0.499568 0.133554 0.12049 0.307498 0.0127793 -0.455228 0.0377974 -0.271689 -0.380846 0.296014 0.190014 0.288735 -0.226484 0.0762941 -0.0796782 0.0665538 0.355862 -0.179665 0.358396 0.158981 -0.211113 -0.381757 0.211423 0.382714 -0.250702 0.266302 0.00417474 -0.329037 0.0122932 0.22236 -0.383871 0.197642 0.127326 -0.115995 0.492636 -0.332604 -0.441411 -0.23735 -0.228795 0.236348 0.298977 -0.249949 0.313517 0.170056 -0.275295 0.3207 -0.0466213 0.0789877 0.308138 0.423866 -0.479149 0.205978 -0.107491 0.318539 0.43881 -0.375808 0.431147 -0.159622 -0.00187087 -0.386453 -0.266448 0.139733 -0.384617 -0.119495 0.475388 -0.295435 -0.365404 0.347527 0.483643 -0.478292 
lamb mince -0.379724 0.0814544 0.188781 0.254774 0.392445 -0.122721 0.291834 0.113939 0.616033 -0.0359534 0.202359 -0.00881756 0.388823 -0.320345 0.0122127 0.0376109 0.109573 -0.164609 0.350645 -0.213988 0.464475 0.181556 0.225955 -0.202071 -0.602094 0.323888 -0.465738 0.318843 0.248185 -0.345489 0.596246 0.207345 -0.249947 0.220183 -0.614279 0.0332819 -0.413266 0.136062 0.514971 -0.263218 0.616176 0.186973 0.665258 -0.562344 -0.356623 -0.608755 0.41329 0.136455 -0.315555 -0.431708 -0.0405862 -0.40138 -0.289248 0.30156 0.657436 -0.190635 -0.551863 -0.100488 0.41964 0.275525 -0.140779 -0.000463715 0.0378548 -0.418225 0.137413 -0.169344 -0.197389 -0.0953249 -0.0784623 0.00510863 -0.144747 0.185686 0.221593 0.589984 0.0741473 -0.393508 -0.301161 0.341919 -0.342844 0.285196 -0.110018 0.373394 -0.101419 -0.233559 -0.208291 0.336169 -0.0655871 -0.336316 0.599967 0.348355 -0.140305 0.546542 0.293581 -0.173306 -0.399834 0.345334 0.395535 -0.524156 0.286418 0.885886 
Portuguese prego with green piri-piri 0.0430537 0.315624 0.285028 -0.295347 -0.0532435 0.086071 0.301063 -0.0273546 0.114149 -0.385623 -0.169687 0.409054 -0.228597 0.179974 -0.0180703 0.304262 0.432794 0.0832203 0.405838 -0.232428 0.0248981 -0.12106 0.239646 -0.431521 0.318527 -0.319707 0.355687 -0.0585522 -0.363051 -0.189528 0.272259 -0.228672 0.20929 -0.208785 -0.38386 0.192488 0.131245 0.122575 -0.0146407 0.0616338 -0.0147904 -0.261147 -0.385345 0.468633 0.449848 0.196397 -0.0740426 -0.351662 -0.136886 0.212646 -0.304134 0.17294 -0.437071 -0.0709686 -0.263042 -0.464932 -0.341136 -0.0310371 0.00332481 0.190053 -0.170945 0.0690049 -0.0903399 -0.427037 -0.387385 0.418433 -0.186342 -0.162153 0.237721 0.280004 -0.014647 -0.0185761 -0.0919576 -0.438407 -0.457092 0.322599 0.348127 0.0684048 0.0621675 -0.476564 0.4445 0.205392 -0.431418 0.435035 -0.33549 -0.220172 0.332019 -0.299557 -0.366829 0.0940931 -0.0735082 -0.0535811 -0.125711 0.368917 0.372966 0.405773 -0.082109 -0.2336 0.283201 -0.165767 
chicken stock cube -0.0900378 -0.0745341 0.0851445 -0.452535 0.500516 -0.259982 -0.219263 0.162541 -0.483849 0.193511 0.318355 0.0876868 0.0404066 -0.0813772 -0.118992 0.17621 0.425846 0.144425 -0.230301 -0.134466 -0.0559258 -0.0275022 0.327896 0.192262 -0.0221854 -0.143913 0.179742 0.0681546 -0.0561052 -0.494556 0.451264 0.653749 0.43056 -0.130269 0.224944 -0.144081 0.286916 0.547501 -0.305779 0.21283 0.0476371 0.28873 -0.107747 0.304125 -0.109456 -0.356094 0.556427 0.142917 0.459594 0.0460542 -0.525851 -0.747438 0.267401 -0.229054 -0.315164 -0.272611 -0.213734 -0.160613 0.120562 -0.114292 -0.295597 -0.241911 0.189912 -0.0300286 -0.057222 -0.509442 -0.0122806 0.0907076 0.518924 0.168963 0.155929 0.00865918 0.173857 -0.137328 0.745042 0.322632 0.265868 -0.125094 0.32984 0.614057 -0.250995 0.242246 0.118045 -0.480096 -0.245295 -0.43359 0.0275524 -0.162034 0.435185 -0.142647 -0.232429 -0.259409 -0.351225 -0.0904647 0.0158752 0.418701 0.418289 0.448241 0.0628299 -0.130431 
Pizza Express Margherita -0.442428 -0.234247 0.00286436 -0.0325519 0.285358 0.130768 0.0832971 -0.436008 0.106832 0.342683 -0.386013 -0.167169 0.299051 -0.0118413 -0.272816 0.171503 -0.431474 -0.204147 0.310277 0.174122 -0.295841 -0.402156 0.357861 -0.112324 0.428088 0.0409026 -0.263689 -0.34493 0.106614 -0.478398 0.179712 -0.323983 0.32327 0.333156 -0.440894 0.330424 -0.265833 -0.0853984 -0.303709 0.150054 -0.43605 0.472885 0.176348 -0.0759869 -0.126106 0.0119775 0.20895 0.02203 -0.108015 0.0158361 -0.221851 -0.103698 0.359002 0.1098 0.0767732 -0.00636462 0.179687 0.207655 0.434768 0.446401 0.198209 0.203679 0.434361 -0.309541 -0.243317 -0.289499 0.0452511 0.377142 0.197217 0.186343 0.49264 -0.284865 -0.484714 -0.27753 0.0741867 -0.0990856 0.405471 0.319094 -0.30573 -0.00739463 -0.0162008 0.349201 0.0123858 0.323 0.353126 0.222558 -0.342929 -0.290883 -0.0230596 -0.0383535 0.060554 0.355288 0.36857 0.101336 0.291785 -0.135004 -0.239339 -0.455226 -0.164309 -0.376976 
minced garlic -0.162619 -0.409051 0.477363 -0.0702526 0.625229 0.292438 -0.33569 -1.00093 -0.18821 -0.241676 -0.233584 -0.117788 -0.418567 0.171016 -0.294001 0.113206 0.137971 -0.654713 0.870389 0.4018 0.430394 -0.338983 -0.28745 -0.427558 0.271018 -0.315981 0.381448 0.310364 -0.0110547 0.400769 -0.565898 -0.133891 0.690825 0.698681 0.187044 -0.341551 -0.218756 -0.287072 0.192536 0.702633 -0.18557 -0.473416 -0.447795 -0.738188 0.315876 -0.3107 -0.369374 -0.251969 -0.370745 0.325477 -0.500759 -0.432261 -0.68441 0.127577 0.10171 0.00760534 0.40658 -0.399385 0.709581 -0.0405538 0.024861 0.530022 -0.101486 0.148777 0.382709 0.633126 0.318223 0.299899 0.111809 -0.265959 0.428058 -0.223902 0.512925 -0.00154942 -0.413781 0.250258 0.382684 -0.122619 0.030071 0.0563358 -0.622676 0.626294 0.00459845 0.322313 0.00400227 0.357954 -0.524071 -0.0962213 0.298233 -0.325891 -0.559757 -0.61936 0.140025 0.398516 -0.660918 -0.530915 0.427202 0.562081 0.14862 0.811212 
Vegetarian Casserole 0.122961 -0.170721 -0.286524 -0.211018 0.187322 0.114977 0.276764 0.0933344 0.482813 0.36204 0.100638 -0.275752 0.249749 -0.111686 0.277424 -0.08068 0.452113 -0.0712368 -0.37758 0.0671513 -0.455869 0.473807 -0.357952 -0.0918877 -0.278788 -0.0794258 -0.0369823 -0.0616165 0.353611 0.0759995 -0.434414 0.18084 -0.457756 -0.125762 -0.122614 -0.400054 0.224581 -0.154574 -0.161556 -0.361486 -0.308767 -0.338635 -0.390897 0.0306804 0.264859 0.199583 0.479565 -0.109033 -0.312768 -0.106109 0.315808 -0.201944 -0.255547 -0.47285 -0.450752 0.0692416 0.362856 0.4721 -0.401016 0.239769 -0.252498 0.344979 0.193974 -0.447952 -0.150531 0.131788 0.208919 -0.411865 -0.491046 -0.141033 0.153457 0.0510631 0.344666 0.0583809 0.458578 -0.487724 0.426723 0.216006 0.286674 0.246042 -0.466554 0.00775701 -0.356302 0.394013 -0.440871 -0.0482805 0.201345 0.2341 -0.398654 -0.310762 -0.194544 0.135486 0.271614 -0.162035 0.294649 0.212558 0.137146 -0.0151263 0.456158 -0.37236 
Wontons 0.0993503 0.487905 -0.283255 0.0570552 0.399539 -0.435652 -0.0202425 -0.222171 -0.371803 -0.480836 -0.156327 -0.130956 0.377145 -0.378826 -0.459826 0.00785559 0.114213 -0.162508 -0.248411 0.364334 0.230266 0.315982 -0.24085 -0.0719319 -0.434635 0.105064 -0.13777 -0.243046 -0.194635 0.434309 0.0943237 -0.354739 0.0259616 0.110951 0.4941 0.241868 0.490189 -0.239188 -0.490239 0.256417 0.329214 -0.063397 0.330637 0.259042 -0.0368698 -0.238864 0.405622 0.128049 -0.137778 -0.203168 0.309679 0.419223 0.300779 -0.203404 0.360206 0.00996138 0.486722 -0.265482 0.313736 -0.0969806 -0.180134 0.23285 0.441046 -0.347545 -0.21273 -0.406859 0.408295 0.334167 -0.180863 -0.0469534 0.220751 -0.446942 -0.130272 -0.0633367 0.314167 0.300933 -0.436363 0.0429354 -0.260323 -0.442117 -0.251715 -0.483721 -0.374901 -0.0352216 0.0792104 -0.294639 0.0371998 -0.480635 0.130613 0.0149548 0.436416 0.303483 0.311142 -0.41168 -0.204275 0.407589 0.388778 0.171062 0.378719 0.439787 
raw king prawns -0.710092 0.502339 0.392371 -0.0569904 -0.05163 0.300342 -0.115021 -0.129571 -0.135035 0.52318 -0.32241 0.377362 0.299809 0.456937 -0.125815 -0.347626 -0.396337 0.137725 0.561482 0.238647 -0.214233 -0.5346 0.0529568 -0.60821 0.0204086 0.282834 -0.312303 -0.318335 0.323132 0.064574 0.236268 0.537275 -0.0747504 0.396858 -0.0905723 0.169103 0.609892 0.196765 -0.0269419 0.617622 -0.406339 -0.152232 -0.225566 0.424948 0.252641 0.421655 -0.485645 0.251175 -0.210788 0.0230613 0.136264 0.443984 0.00152419 0.39609 -0.471445 -0.124828 -0.375492 0.298553 -0.0571494 0.26593 -0.505824 0.362214 -0.186076 0.436327 0.333324 -0.122347 -0.396517 -0.0662389 0.333218 -0.253064 -0.402499 0.205386 0.269689 0.140307 -0.0852266 -0.282281 -0.164036 0.502825 -0.542076 0.604792 0.0976287 0.00135978 0.421271 -0.11482 0.394896 0.333637 0.143973 -0.205194 0.137677 0.442687 -0.25591 0.0561993 -0.189097 -0.293498 0.284377 0.0410456 0.535022 0.556058 0.222935 -0.143986 
custard 0.183776 -0.244774 -0.24494 0.06565 0.00516648 0.486034 0.378856 0.235688 -0.326309 -0.215386 0.0292397 -0.371032 0.30119 -0.166709 0.412891 -0.173837 0.313232 -0.36116 0.285419 0.211426 0.0153485 0.433338 -0.4016 0.0146918 -0.204675 -0.344249 0.37756 -0.253039 0.219692 -0.221305 0.252638 -0.487766 0.149852 -0.285459 -0.0556446 0.448321 0.490372 0.494529 -0.427974 -0.209828 0.050279 0.0946621 0.184402 -0.231627 0.146819 -0.495982 0.0306251 -0.161297 0.481211 -0.433853 0.120333 0.0405798 0.267722 0.218221 0.474489 0.215328 -0.196983 0.324565 0.0745409 0.277937 0.207217 -0.441255 -0.36295 0.0582022 -0.224617 0.141064 0.0486435 -0.159433 -0.0346965 0.271397 0.150675 -0.293215 0.280748 -0.229358 0.328668 -0.426864 0.137397 0.147728 0.0369314 -0.0154994 0.32956 0.0440367 -0.0728584 -0.151027 -0.227356 -0.233399 -0.365732 0.403239 -0.161151 -0.297614 -0.260491 -0.000491161 0.268347 -0.0838225 0.218108 0.490668 -0.211576 -0.352894 0.237986 -0.311072 
lemon zest 0.183663 0.0859482 0.0157389 0.158655 0.0753363 0.15576 -0.542237 0.00660401 0.567455 -0.00218185 -0.170984 -0.694646 0.433567 0.204375 -0.0903073 -0.428585 -0.294588 0.197715 -0.19837 0.535578 0.219197 0.287249 0.29506 0.58777 0.58668 0.564422 0.274786 0.284491 0.433624 -0.226389 -0.0477886 0.435004 0.36968 0.205054 0.141747 0.178125 -0.878126 0.0852423 0.204767 0.523163 -0.187214 0.191557 -0.326308 -0.416779 0.338762 0.250712 0.095591 0.263978 0.278293 0.29707 0.213136 0.332262 -0.519867 -0.244427 -0.387446 0.0074856 -0.205814 0.0141355 0.117821 0.142328 -0.66643 0.423362 0.364078 -0.496495 -0.0604365 -0.121926 0.264048 0.181654 -0.076705 0.585263 0.438157 -0.206486 -0.239142 0.264068 -0.229909 0.660415 -0.158354 0.315529 -0.0641652 -0.20552 -0.276868 -0.0709336 -0.143854 -0.689859 -0.426968 -0.149248 0.455256 -0.340618 0.32929 0.18532 -0.304827 0.268103 -0.150368 0.256191 -0.00455234 -0.00059213 -0.470302 0.158336 -0.0798947 0.600185 
almond extract -0.0621286 -0.0613746 -0.155641 -0.360066 -0.63709 0.323848 -0.52071 -0.00562035 0.415629 0.0154415 -0.436647 0.0161576 0.239287 -0.0104069 -0.094143 -0.307186 -0.616506 0.332291 -0.374517 -0.362836 -0.327284 -0.326493 0.211228 -0.312606 0.0874112 0.450621 0.187719 -0.355277 -0.0725867 0.521328 0.257338 -0.197361 -0.350323 -0.492105 0.0802343 0.135667 -0.183618 -0.333823 -0.0281137 0.0356687 0.0422329 0.616689 0.718087 0.258612 -0.432389 0.0366962 -0.263432 0.653916 -0.669718 -0.647751 0.0761167 0.584179 0.44017 0.127594 0.521575 -0.269738 -0.367622 0.578396 0.305015 -0.434619 -0.00448503 0.0557426 0.349588 0.262607 0.460097 -0.587992 0.320462 -0.685952 0.610773 0.477694 -0.155627 -0.234432 0.535183 0.263471 0.520538 -0.20334 0.0230101 -0.474037 0.115274 -0.267122 0.198871 0.0333207 -0.322967 -0.23659 0.118699 -0.140373 0.132619 -0.607219 -0.497198 0.63883 -0.363617 0.0621603 -0.47928 0.388425 -0.433556 0.433096 0.101678 -0.108691 0.885217 0.233863 
Garides Saganaki -0.30066 -0.331254 -0.110701 0.235125 0.246332 -0.27646 0.294919 0.155445 0.269888 0.313418 -0.166489 0.0705751 0.356857 -0.482952 0.0790563 0.119296 0.151151 -0.387328 0.532679 0.63865 -0.296839 0.232205 0.312236 0.102353 -0.441869 0.0579179 0.352576 0.0181496 0.0663669 0.391292 -0.102662 0.355198 0.587678 -0.135625 -0.425771 0.0253911 -0.0553056 0.411996 -0.137841 -0.0901962 0.172978 -0.364689 0.432726 -0.4271 0.318699 0.105583 -0.404988 0.313465 -0.159741 -0.0750702 -0.0109866 0.143207 0.24211 0.19607 0.197834 -0.131768 -0.540942 -0.190899 0.359897 -0.152553 -0.286732 -0.332185 -0.0812482 -0.288076 -0.0527095 -0.325835 -0.404752 -0.272151 -0.373151 0.364453 -0.319207 0.075028 0.377176 -0.339758 0.191061 -0.438802 -0.22942 0.0945178 -0.0470197 -0.241256 0.32565 0.0604911 -0.313684 -0.0570787 -0.0149181 0.111887 -0.209719 -0.0598454 -0.249874 0.103869 0.00671234 -0.452917 0.281689 -0.112548 0.459589 0.0709861 0.308646 0.419575 -0.288589 -0.211361 
butter beans 0.413896 -0.496706 -0.406488 0.265591 0.183781 -0.274893 -0.44476 0.211171 -0.485253 -0.14168 0.128189 0.306742 -0.274366 0.0912726 0.466037 -0.120796 0.294965 -0.265961 -0.473228 0.33825 -0.427309 0.274663 0.130676 0.329474 0.309268 -0.000791396 0.279442 0.24362 0.282723 0.464467 -0.456234 -0.058785 -0.130276 0.489275 -0.140599 0.482336 0.251003 0.338063 -0.463331 0.011343 -0.0765693 -0.309327 -0.391959 -0.185533 0.193226 0.458384 -0.0456486 0.101564 -0.348587 -0.169732 -0.329812 0.326923 -0.286711 -0.0689245 0.113268 0.349972 0.0474149 -0.014318 -0.0689069 0.0831888 -0.25394 -0.229913 -0.423914 0.40826 0.293882 0.0558478 -0.146802 -0.324701 -0.0193703 -0.0827727 -0.418541 0.137993 -0.0330606 -0.198232 -0.3261 0.404581 -0.0129799 -0.126945 -0.281737 -0.169577 -0.197875 -0.469002 0.188415 0.179156 -0.220615 0.129384 -0.165726 0.163235 0.358638 -0.191873 0.0410212 0.0686403 0.136922 0.106168 -0.240688 0.133772 -0.376935 0.012682 -0.379101 0.325625 
white fish 0.37318 0.168177 -0.122054 0.0907713 -0.523927 0.164257 0.190897 -0.472291 -0.280866 0.441019 -0.581263 -0.0620769 -0.70375 0.0338979 0.43073 0.10151 -0.557278 -0.481587 0.0458333 -0.155908 -0.155508 -0.314694 0.727456 -0.299332 -0.622605 0.429258 0.2602 0.527278 0.534764 0.303388 -0.206768 0.171143 0.363628 0.224278 0.551964 -0.0157562 0.615521 -0.14872 0.41568 -0.0374246 -0.030117 0.120266 0.14024 -0.0253137 0.253078 0.314375 0.274553 0.143529 0.137729 0.00724527 -0.201413 -0.434967 0.0104903 -0.520035 0.435215 0.237904 -0.297054 -0.296995 -0.322946 -0.401374 0.183378 0.0721754 0.457034 -0.225325 -0.0731221 -0.222892 0.627226 0.247694 -0.258938 -0.106647 0.131455 0.240296 0.383993 0.174 0.178017 -0.111125 0.0908839 0.216093 -0.402106 0.198324 0.210188 0.453113 -0.0623345 0.34215 0.133275 -0.3702 0.316645 -0.671567 -0.17065 0.0889204 -0.44268 0.155268 -0.448705 -0.144991 0.245017 -0.60926 0.48146 -0.510464 0.0549652 0.290149 
butter 0.3078 -1.2805 -1.45456 -0.602309 -0.796716 0.70099 0.271388 0.167663 0.321715 0.778258 -0.553479 -0.489484 0.711706 -0.250143 1.15403 0.917204 -0.468234 0.684977 0.0739522 1.19911 -0.971446 0.65947 -0.702756 0.182354 -0.429028 0.969135 0.52667 -0.20554 0.271984 0.331782 -0.353107 -0.452625 -0.65077 0.397504 -0.632688 -0.176413 0.266192 -0.31008 -0.680821 -0.283797 -0.267035 0.522735 1.07285 -0.186174 0.119789 0.0986816 -0.387629 -1.26002 0.603574 2.28198 -0.425264 0.119295 -0.695786 0.974951 0.891195 -0.6672 0.112373 -1.10592 -0.89506 -1.67249 -0.522918 -0.694105 0.128249 1.14052 -0.844275 -1.36049 1.10792 0.0904168 -0.95662 1.22245 -0.180303 0.436523 0.289091 1.59798 0.206786 -0.559224 -0.630403 0.6924 -1.06352 -0.355618 0.701644 1.53899 -0.333339 1.62665 0.638943 -0.97698 -0.822485 -0.633416 1.47427 0.72307 -0.196248 0.587038 0.582828 0.613006 0.450217 1.23283 0.697325 0.814909 0.251595 0.643289 
corn flour -0.457647 0.575221 -0.623799 -0.137638 -0.337783 0.0807535 0.0247065 -0.152746 0.194938 0.289379 -0.199704 -0.288842 -0.305831 -0.151606 -0.161235 0.28453 -0.466813 -0.333642 0.301581 -0.33156 -0.52188 -0.460922 0.26678 0.524864 0.197292 0.471378 -0.578009 -0.266905 -0.272444 -0.0460065 0.0443605 0.269905 -0.276123 -0.000517014 -0.395677 0.360321 0.409728 -0.056875 0.227469 0.159985 -0.246184 -0.237576 -0.30467 0.0706179 0.449212 -0.607498 -0.0537409 0.17588 -0.352308 0.0376858 0.0260226 -0.274372 -0.273569 0.238204 -0.0714372 0.394705 0.368731 -0.0830181 -0.371735 0.355434 -0.0469831 0.274369 -0.361527 0.0527875 0.171618 -0.000220787 -0.151363 0.44549 -0.526921 -0.271322 0.125091 0.234783 -0.154316 0.279193 0.0097332 -0.15387 -0.235656 -0.215001 0.456115 -0.091399 0.552064 -0.394077 -0.0771269 -0.148429 -0.335468 -0.160117 0.481097 0.525685 -0.166501 0.306157 0.608812 -0.185578 0.00495669 -0.279121 0.097149 0.0950876 0.137281 0.38697 0.00477677 -0.207663 
cold water -0.210851 0.0327869 -0.393481 -0.0702472 -0.450321 -0.345945 0.316846 0.708033 0.0729975 0.215717 -0.564095 0.383584 0.504253 0.292379 0.436876 -0.0238072 0.249925 0.156418 -0.469617 0.157176 -0.544185 0.406139 -0.0793727 -0.609651 0.0168614 0.812713 0.51944 -0.590819 -0.461368 -0.372196 0.0343693 -0.337514 0.111389 -0.120383 -0.0828605 0.0557522 -0.326733 0.347275 0.122554 0.304238 -0.101801 -0.335441 0.0344343 0.379948 0.293936 -0.0744384 -0.0980605 0.513507 0.418594 -0.545934 -0.563125 0.228584 -0.0670183 0.654238 -0.0352367 -0.506252 -0.660734 -0.0881758 0.0415591 0.0188654 -0.166847 0.0162816 0.0803505 0.446312 -0.145123 -0.520577 0.282497 0.23776 -0.202829 -0.198842 0.314097 -0.210779 0.545485 0.43593 0.280297 0.245723 0.106736 0.165676 0.139799 0.167655 0.223485 0.651181 0.281262 0.393662 0.108638 0.00727681 0.462129 -0.488603 0.0812411 -0.18093 -0.0697352 -0.655573 0.406437 -0.0746051 -0.366753 0.351699 0.184904 0.302861 0.721374 0.186718 
boiling water 0.4149 0.314058 0.250331 -0.0193372 0.0763804 -0.236832 -0.116288 -0.0489107 -0.0188868 -0.448082 -0.0844705 0.389035 -0.0253132 0.43975 -0.200135 0.0366244 0.331551 -0.454318 -0.0612645 0.346122 0.214522 0.442042 0.166698 0.118601 -0.0571196 0.350599 0.332491 0.375916 -0.305126 -0.42701 -0.249883 0.477355 -0.148006 -0.006269 -0.324745 0.260345 0.389925 0.242821 -0.223767 0.239184 -0.390175 0.446959 -0.466968 0.362922 -0.298902 -0.0712841 -0.139878 -0.478263 -0.225935 -0.490604 0.0683883 -0.3486 0.429014 0.00491592 0.211444 0.419673 0.304218 0.293216 0.447481 -0.299246 0.482601 -0.422437 -0.314368 -0.256166 0.406369 0.209387 0.125342 0.417213 -0.00934563 -0.359469 0.297377 0.264815 -0.262663 -0.252555 -0.211652 -0.289858 -0.200706 -0.375567 -0.233521 0.077305 -0.0615143 -0.046461 -0.408252 0.217761 -0.176608 0.0737863 0.447593 0.104743 -0.22723 0.452977 0.17129 -0.251738 0.179425 -0.273244 0.4071 0.263623 -0.329075 0.498031 0.292291 0.145318 
parmesan -0.507829 -0.198791 0.331596 0.199106 -0.0362435 -0.121105 0.0914209 0.116379 0.148841 -0.437214 0.067563 0.284684 0.0259636 0.3959 0.292425 -0.145531 0.0360616 -0.661304 0.353785 -0.184789 0.419811 0.00377003 0.349213 0.400854 -0.567002 -0.828108 0.418085 0.296016 -0.256113 -0.277381 -0.133466 0.0892235 0.089831 0.357218 -0.658014 -0.541511 -0.295673 -0.235957 0.893165 0.125827 0.117686 0.0855239 -0.103347 0.036392 -0.396682 0.426607 -0.0583977 0.373499 -0.500904 -0.0955743 -0.06678 0.234315 -0.135753 -0.7783 0.940174 0.394284 0.198507 -0.770276 0.536624 -0.466741 0.0367614 0.10533 0.0154543 -0.102026 0.0124694 0.428694 0.032291 -0.314333 0.122968 0.735297 0.112782 -0.0678061 -0.763046 -0.410223 -0.35527 -0.115254 -0.599494 -0.462202 -0.0378575 0.130688 -0.964895 0.0695439 -0.00301382 0.653726 0.0110645 -0.0486772 -0.507004 0.930147 0.147464 -0.029265 0.573067 -0.528167 -0.418879 -0.732214 0.562482 0.732078 0.340185 0.322067 -0.687219 0.343881 
oregano -0.453759 0.103871 -0.238468 -0.0529916 0.0189233 0.347591 0.146995 0.0241904 0.13538 0.0895747 0.0965608 -0.180668 -0.207445 0.364499 0.334376 -0.751594 0.254856 0.409218 0.640218 -0.0641315 0.371633 -0.0142869 0.631983 0.520763 -0.0182643 0.182437 0.0624807 0.573429 -0.411756 0.0289454 -0.176983 -0.196111 -0.195552 -0.0994429 -0.225606 0.443447 0.07202 -0.614168 -0.0719149 0.9403 -0.213125 0.0554914 -0.0176931 -0.134759 0.253245 -0.419834 0.500133 0.465465 -0.155573 -0.21894 -0.149699 0.712783 0.459189 -0.975555 0.328076 -0.122033 0.249336 -0.374894 -0.171911 -0.501354 -0.276803 -0.0106968 -0.767048 -0.21709 -0.585921 0.137188 -0.401657 -0.680117 0.0279821 0.0288409 0.0110682 -0.212353 0.133076 -0.74413 -0.205281 0.196507 0.211656 -0.0393864 -0.0297832 -0.189068 -0.30012 0.16324 0.148687 -0.82513 -0.145148 -0.00785045 0.00377737 -0.228128 0.0740519 -0.588111 0.549442 0.511711 -0.538578 -0.293663 -0.556406 0.331657 0.212922 0.391148 0.0541652 0.109741 
brown sugar -0.114715 -0.447131 -0.0869274 -0.292675 -0.0060697 -0.171479 0.284223 0.0655366 0.48052 -0.436789 0.378682 -0.241086 0.281631 0.477635 -0.233416 -0.66051 0.102948 -0.479862 0.451897 1.08266 0.472926 -0.215637 -0.295591 -0.127382 0.528759 -0.013832 0.123025 0.430703 0.0221291 -0.597238 -0.379614 0.511782 -0.268055 -0.281027 -0.419659 -0.0367897 0.533269 -0.0391144 -0.312142 -0.410839 -0.0789643 -0.0263719 0.562614 0.807124 0.82281 -0.129748 -0.177309 0.355665 0.197388 0.79971 -0.0363377 -0.253692 -0.135858 0.624147 0.0121729 -0.129321 -0.485341 -0.351419 0.0222653 -0.184311 -0.830217 -0.694471 -0.197156 0.467235 -0.403798 -0.150575 -0.0389586 -0.294686 0.571793 -0.429688 0.888405 0.0620972 -0.236633 0.910832 0.169987 -0.623643 -0.240765 0.127784 -0.187473 -0.956577 -0.245235 0.487044 0.28768 0.00130209 -0.56193 0.0575219 -0.204504 -0.180904 0.173388 -0.0443641 -0.113168 -0.0928175 -0.546071 -0.00560302 0.596573 0.157819 0.0228518 -0.160292 0.505244 0.345278 
fajita seasoning 0.569719 0.283558 0.482187 0.416912 0.109331 0.645498 0.264127 0.592858 -0.364272 0.143903 0.142865 0.318275 -0.205506 -0.60015 0.215805 0.171521 -0.682629 0.452652 0.147534 -0.346243 0.154611 0.148357 -0.275663 0.370341 0.0749582 0.294249 0.220821 0.113675 -0.172811 0.0279816 0.61535 0.170307 0.342483 -0.389548 0.34305 0.100541 0.191427 0.0258469 -0.40902 -0.502052 -0.377972 0.186705 0.227979 -0.115288 0.502068 -0.279091 0.188487 -0.254171 -0.391228 -0.34587 -0.206451 0.011231 0.115392 -0.231178 -0.0477535 -0.040057 -0.36603 -0.26302 0.00898095 -0.230066 -0.524553 -0.152901 -0.65306 -0.0706418 -0.200786 0.282954 -0.00730352 0.113125 -0.294263 -0.529506 0.530163 -0.0797277 0.275875 -0.342774 -0.4221 -0.0591185 -0.571857 0.053731 0.0240015 -0.297854 0.315066 0.00382483 -0.04949 0.009581 0.112869 -0.14367 -0.444518 0.0136183 0.358276 0.713573 -0.236675 0.125294 -0.0306824 0.112567 0.435077 0.23324 0.0490409 0.477832 0.616224 -0.0357949 
french lentils -0.0850866 0.306873 0.068956 0.210512 -0.372214 0.270672 0.0188247 -0.454109 -0.0161806 0.0146818 -0.367695 -0.22016 -0.00765079 -0.185517 0.412125 -0.456145 -0.151206 0.171814 0.269646 -0.0195993 -0.340588 -0.421663 0.0342073 0.0477395 -0.297775 0.0482603 -0.51284 -0.306586 0.352483 -0.2039 0.119319 -0.198778 -0.189597 -0.121924 0.326057 -0.259688 -0.0238108 0.265022 0.193766 0.437974 -0.396471 0.336881 -0.44418 -0.40852 0.286526 0.00657058 -0.245 -0.45331 0.383767 -0.359192 0.0942317 -0.0118682 0.113245 -0.0879109 -0.259973 0.557664 -0.341102 -0.611879 0.46333 0.313553 -0.281403 0.521943 0.245139 0.0486746 -0.0407328 0.119159 -0.174576 -0.161217 0.0636847 0.0554912 0.293037 0.438867 -0.441671 -0.203246 0.402644 0.238615 -0.41462 0.191188 -0.215021 -0.361701 -0.201289 -0.0266508 0.24995 -0.154823 0.368145 0.117046 -0.253078 -0.286122 0.0870411 0.226597 -0.35911 -0.0410351 0.413446 0.13592 -0.250273 0.179088 0.392655 0.0741219 -0.229548 0.450817 
freshly chopped parsley -0.0241892 0.374354 0.236151 0.10926 -0.283148 -0.507411 0.288861 -0.0694767 -0.327475 0.477986 -0.31055 -0.808773 -0.142338 -0.0758243 0.250983 -0.127304 0.0577577 -0.542124 0.213539 0.126898 0.104396 0.00811957 0.0967795 -0.612774 0.0971742 -0.189062 0.0285943 0.475466 -0.335079 0.554841 -0.136565 0.453275 -0.160675 -0.0389422 -0.218919 0.326961 -0.120432 0.505756 -0.223278 0.130124 0.382936 -0.273703 0.282627 -0.242772 -0.187048 0.307146 0.225299 0.148904 -0.33255 0.483834 0.264565 -0.389891 -0.440321 -0.536478 0.334737 -0.516835 0.138687 0.485822 0.254004 -0.560609 0.378459 0.0896548 -0.236507 0.305026 0.666821 0.427249 0.21348 0.183256 0.379789 0.424159 0.326972 0.483824 -0.496227 0.0523333 -0.466002 -0.261588 -0.131776 0.349663 -0.767236 0.353891 -0.319506 0.420037 0.208939 0.432737 -0.34036 0.288235 0.125923 0.0785621 0.162074 -0.271106 -0.31294 0.221343 -0.331956 -0.339539 -0.213693 -0.652226 0.869418 0.204722 0.0321248 0.0359728 
ginger 0.43635 -0.107039 0.994456 0.393555 1.63476 -0.658737 0.83021 0.696087 -0.582693 0.712197 0.126361 -1.07957 0.231701 -0.545382 -0.605527 0.512612 0.0385074 -0.085297 -0.245023 -0.00440484 0.388821 -0.66409 0.0820108 0.0386224 -0.378338 -0.705007 -0.591796 -0.822491 -0.599832 0.326508 0.0721387 1.29057 -0.355128 0.19928 0.011179 -0.249336 -0.844034 0.22401 -0.0835728 -0.411433 0.209432 0.305915 0.638914 -1.28253 -0.133748 0.323993 0.655395 0.70365 -0.0639573 -0.62744 0.372058 0.505485 -0.482472 -0.457 -0.0368742 -0.102085 -0.40499 0.602815 -0.319434 -0.0375061 0.023419 0.0777171 -1.17653 -0.162319 -0.207873 0.0419794 -0.417044 0.436328 -0.0508309 1.0088 0.591737 -0.0523264 0.227517 0.182898 -0.0618815 0.0206431 -0.272313 0.0784735 -0.39595 -0.0800019 0.575183 -1.03363 -0.565503 -0.0975744 -0.298612 -1.38246 -0.0529413 -0.363118 0.188594 -0.381457 -0.15042 0.0676226 -0.194586 0.300415 -0.023512 0.298454 -0.355026 -0.112449 0.131038 0.289768 
goose fat 0.37812 -0.00580277 0.386415 -0.00941947 0.115012 -0.357844 0.279128 0.0128064 0.27862 -0.298767 0.19571 -0.116765 -0.169333 -0.209231 0.287033 0.458279 -0.465868 -0.185132 0.0109123 -0.0661371 0.0562735 0.407545 0.0170602 -0.364311 -0.336511 0.496266 0.0755727 -0.446439 -0.266775 -0.251658 -0.0129256 -0.373932 0.368797 -0.1199 -0.104376 0.00428644 -0.149022 -0.332463 -0.35137 -0.177424 0.374434 0.415996 0.488725 0.49981 0.185134 -0.394951 -0.187472 -0.00942391 0.480655 -0.0830504 0.130797 0.184108 0.198172 0.299121 -0.0344981 -0.451706 -0.47916 0.252141 0.150494 -0.0884606 -0.408617 -0.45541 -0.427119 -0.478069 0.0517095 -0.36699 -0.279998 -0.484472 -0.162887 0.28865 -0.112091 0.487576 -0.212591 0.308744 0.0492342 -0.0220012 -0.0120202 0.126009 0.324097 -0.146412 -0.288993 -0.381821 0.336187 -0.363099 0.0909337 0.498405 -0.461052 -0.158089 0.330662 0.445216 -0.329441 -0.107885 -0.392535 -0.185848 0.225331 -0.0982892 0.492353 0.496197 -0.0115983 0.333569 
dried apricots -0.347923 0.481238 0.12432 -0.0793752 0.0983478 -0.19864 -0.459794 0.463116 0.148778 0.318263 0.10802 -0.155066 -0.0918932 -0.266217 0.427916 0.17919 -0.169382 -0.108261 -0.30902 0.130672 0.302756 -0.404128 0.200044 0.344562 0.423198 0.0880022 0.446806 -0.027239 0.0308731 -0.0545323 -0.097783 0.375622 -0.0803756 0.415778 0.0537483 -0.231457 -0.0390498 -0.0771146 -0.0291812 -0.433603 -0.318009 -0.166916 0.0201842 0.11577 0.0140747 -0.4777 -0.44632 0.32741 -0.0155682 -0.0917579 0.382003 -0.49821 0.355533 -0.217078 -0.27914 -0.21702 -0.429215 -0.0831784 -0.027146 0.337939 -0.375088 -0.262028 -0.413608 0.482786 -0.251219 -0.103212 -0.281049 0.242547 -0.0833356 0.360841 0.151775 0.197302 -0.473659 -0.425249 0.491107 0.392675 -0.0721474 0.189262 0.267922 0.381287 -0.451647 0.316713 0.207124 0.0947731 -0.0499975 -0.0325729 0.27186 0.145272 0.249647 0.167797 0.302091 -0.194957 -0.447318 -0.165782 0.364893 -0.39096 -0.0586442 0.189995 0.469307 -0.370021 
puff pastry -0.122884 0.326562 -0.423108 -0.0760253 0.236185 0.167236 -0.176427 -0.369743 -0.149284 -0.296231 0.411836 -0.40434 0.128605 -0.189895 -0.364775 -0.220999 0.308823 0.428545 -0.268348 -0.024259 0.105381 -0.127582 -0.299133 0.165708 -0.0092677 0.0246146 -0.161212 0.563506 -0.102861 -0.00544039 -0.620471 -0.016449 -0.0333059 0.118179 -0.0698532 -0.317057 0.26179 0.467516 0.231845 -0.461954 0.314589 0.328665 0.14766 -0.0800573 0.108678 -0.0939095 -0.0788635 -0.461704 -0.476481 0.356379 -0.3569 0.0571814 0.0529597 0.0305893 -0.457257 0.339063 -0.059016 0.193479 -0.609429 0.0172956 -0.262942 0.310746 -0.503296 0.016192 0.105782 0.201376 -0.264679 0.222677 -0.156538 0.231022 0.474002 0.403444 0.268857 -0.378719 0.395609 -0.438077 0.614542 -0.0228763 -0.00284579 0.179868 0.0750545 -0.245227 -0.155104 -0.529626 -0.681232 0.310034 0.13007 -0.310788 -0.0107261 -0.39333 -0.312181 -0.727657 0.295925 0.0157161 0.0429012 -0.364673 0.406981 0.206311 0.160383 -0.147694 
sultanas -0.42472 -0.105792 0.536365 0.0557282 -0.420373 0.302939 0.386099 -0.359255 -0.271576 -0.309859 0.364753 -0.0258653 -0.312381 0.228183 0.154484 0.192471 -0.314635 0.303825 -0.205144 -0.148324 0.280528 0.713653 0.347093 -0.0813536 0.333381 -0.428163 0.0754375 0.0570952 0.0150923 -0.283841 0.378099 0.288421 -0.158696 0.378645 -0.178705 0.313257 0.174466 0.360776 0.152601 0.428442 -0.114034 -0.112762 0.221299 -0.33389 -0.00839275 0.499586 0.139092 0.0484204 0.186318 -0.234497 -0.0509773 -0.295473 0.57642 0.300504 0.492026 -0.560814 -0.53515 0.258525 -0.039309 0.169948 -0.531194 0.493926 0.223493 -0.281363 -0.0988656 -0.599382 -0.160629 0.0106955 -0.0160498 -0.159856 -0.184479 -0.072815 0.259796 -0.538242 0.280066 -0.29462 0.217043 0.524704 0.325721 -0.294211 -0.145364 -0.433261 0.380498 -0.338411 0.743682 -0.183441 0.129905 0.022925 0.608162 0.207102 -0.00125801 -0.560278 -0.513474 0.510223 0.343218 0.00334879 -0.0614614 -0.442235 0.173363 0.14667 
ground almonds 0.108364 -0.090989 -0.42992 -0.418472 -0.458734 -0.485976 0.120978 -0.0495548 -0.202718 -0.233191 -0.537573 -0.495557 0.669458 0.803147 -0.355054 0.117826 -0.0931207 -0.124355 -0.522389 -0.300023 0.384702 0.244781 -0.198052 -0.245507 0.0200171 -0.151415 0.538257 0.0742306 -0.0584713 0.550462 -0.326029 0.520517 -0.198684 0.0581771 0.201531 -0.0984125 -0.548627 0.495735 -0.595811 0.16493 -0.782415 -0.405634 -0.023124 -0.279516 -0.239814 -0.153121 0.344764 -0.188836 -0.219482 -0.170516 0.371856 0.867137 -0.470779 -0.0319798 -0.488883 -0.373598 -0.254529 -0.544173 0.360981 -0.0219076 0.2668 0.065735 -0.106346 0.262956 0.319182 0.158936 0.50089 0.191432 0.266653 0.298866 0.0126672 -0.193585 0.326737 0.241041 0.118425 0.254509 -0.658614 -0.0658279 0.155846 -0.470963 0.18707 0.310217 0.0349808 0.782876 0.345741 0.181901 -0.0465665 -0.00785455 -0.4277 0.116168 0.0635541 0.329012 0.504038 -0.402584 0.291039 -0.303319 0.353524 -0.113706 0.435639 -0.533479 
bramley apples -0.535566 -0.411422 -0.215446 -0.321298 0.466088 0.480653 0.21357 -0.11974 -0.0113578 0.464855 0.0821994 0.339442 0.519796 0.232855 0.379137 0.207968 -0.392276 -0.244683 0.298508 0.0883212 -0.0813174 -0.0825227 0.358547 -0.197467 -0.194524 0.659785 0.426728 -0.0937213 0.248929 0.035962 -0.164902 0.0456316 -0.202322 -0.625865 0.294568 -0.11553 0.159065 0.409478 -7.03174e-05 -0.212692 -0.31176 0.185537 -0.0441662 -0.10606 0.28357 -0.455022 -0.230935 0.477674 -0.079731 0.30378 -0.237106 0.401826 -0.0503704 0.0438637 0.0901271 0.431719 0.21462 0.262259 -0.0225726 0.18709 -0.105982 -0.189628 -0.095995 0.51106 -0.299448 -0.49049 -0.0364755 0.0729792 0.207236 0.202388 -0.235703 0.559806 0.227598 0.64735 -0.500275 -0.394484 0.0205937 -0.0661187 -0.332787 -0.39292 0.448385 -0.0058064 -0.227141 0.282743 -0.00260044 -0.399431 0.179606 -0.310387 -0.147213 0.414072 -0.379124 -0.101219 0.250886 0.194461 -0.583701 -0.0667505 0.0170507 0.35538 0.184947 -0.102898 
strawberries -0.261304 0.267279 0.08418 -0.118832 -0.307451 0.387884 -0.0583737 0.344864 0.117146 -0.594704 0.0211381 -0.462622 0.441761 0.523558 0.237513 0.410251 0.37731 -0.321913 0.459225 0.121547 0.371902 -0.468476 -0.254626 -0.121361 0.160744 -0.416476 0.0863016 -0.172433 -0.233129 0.209055 0.057183 -0.0845652 0.0440718 -0.370531 -0.0952958 -0.00391748 0.53091 -0.219658 0.215181 0.0105777 0.111422 0.0124024 0.0408134 -0.279021 -0.175415 0.0179995 -0.506904 -0.0311843 0.323999 0.139877 -0.463195 -0.433871 0.613794 0.490028 0.180139 0.0649992 -0.0978722 -0.677896 0.363396 -0.0648522 0.182507 -0.544537 0.48539 -0.140941 -0.238297 0.0337903 0.122376 0.654537 0.19299 0.407618 -0.469328 -0.436421 -0.22677 0.19874 -0.381898 0.242628 -0.0598419 0.328957 -0.238388 -0.0101022 -0.500396 0.0221998 0.377432 -0.186693 0.632842 0.363991 0.343964 0.0581492 0.27452 0.258397 -0.0943145 -0.524678 -0.00180815 -0.301302 0.223436 -0.166009 0.204465 -0.190611 -0.201147 0.448873 
stir fry vegetables 0.464576 0.165112 0.0115706 0.69672 0.453882 -0.374237 0.0300905 -0.273725 0.157636 -0.189493 0.644089 -0.270548 0.409639 -0.230229 0.385652 0.296495 0.194206 0.344562 0.0783679 -0.00648214 0.137921 0.135637 0.100588 -0.365029 0.524504 -0.543058 -0.176054 -0.285688 -0.302995 0.0892599 -0.0797791 0.237751 0.138002 -0.435431 0.280663 -0.396364 0.404003 0.195232 0.0580217 0.153743 -0.127696 0.291346 0.297519 -0.268306 0.118285 0.400727 -0.6767 -0.153028 0.195949 -0.0942126 0.369215 0.170389 0.0808681 0.204963 -0.427306 0.10498 0.489623 0.0874032 -0.161948 0.37237 0.315464 0.625508 0.102339 -0.25146 -0.180406 0.325465 0.133049 -0.258686 -0.408364 0.0287384 -0.12191 -0.0772718 0.062847 0.491723 -0.1411 0.0984489 -0.0338829 -0.414082 -0.088304 -0.131237 0.0725552 0.619435 0.585514 0.113143 -0.166121 0.389572 0.256018 0.29061 -0.407892 -0.409234 0.224396 -0.197883 -0.510854 0.145841 -0.50045 -0.0069056 0.565911 0.229868 0.0465896 0.0741552 
mirin 0.336462 -0.454199 -0.0342405 0.485709 0.428282 -0.162778 0.246284 -0.0519868 0.0341335 0.0513405 -0.0180476 -0.125526 0.393833 0.16735 -0.28052 -0.480335 -0.378479 0.136222 -0.272119 0.270759 0.487087 -0.0642529 0.378376 0.173509 0.497986 -0.283757 -0.414612 0.229455 0.352462 -0.351429 -0.395374 -0.423343 -0.0905845 0.484407 0.232062 -0.316125 0.206269 0.292287 -0.167936 -0.313958 0.231289 -0.0682475 0.00961792 -0.313528 -0.00868474 0.462513 0.369258 0.119378 0.37697 0.227772 -0.200342 -0.133141 0.0313834 0.20593 0.010497 0.0683682 -0.4403 -0.121231 0.19372 -0.341789 -0.468566 -0.342315 -0.0810796 -0.120764 0.39315 0.103734 -0.340112 -0.466536 -0.190709 -0.313476 -0.0850033 0.322562 -0.48345 0.103815 -0.330916 -0.277023 -0.48339 -0.373992 0.115935 -0.364271 0.138994 -0.447806 -0.279142 0.150159 -0.0516167 -0.441842 0.213742 -0.103223 -0.2738 0.156519 -0.452543 0.18349 0.347225 0.0398447 0.477652 -0.24838 0.101094 -0.370562 0.226036 -0.452637 
salted butter 0.257417 -0.388697 -0.268569 0.0693681 -0.27591 -0.587716 0.0571273 0.423156 0.036757 0.140215 0.525039 -0.310549 0.821082 -0.0612496 -0.016656 0.126745 0.0414028 0.519588 0.286984 -0.0098809 -0.147448 0.293005 -0.259004 0.448452 -0.459672 0.0549192 -0.569348 -0.58504 -0.480156 -0.336284 -0.0800221 0.425889 0.202394 0.428243 0.113642 -0.215452 0.121522 0.240636 0.265579 0.646384 0.0824527 -0.155301 0.382105 -0.263844 0.684616 0.0713804 -0.169893 0.42423 0.162991 -0.616583 -0.0317671 0.00685662 -0.0686476 -0.205892 -0.0881465 -0.546182 -0.659738 -0.398978 -0.415948 -0.41367 -0.0284484 0.50962 -0.195047 0.120905 0.143016 -0.512824 -0.223433 -0.0366356 -0.223475 -0.271223 -0.101345 -0.133632 0.85741 0.338256 0.159823 -0.471502 0.287481 -0.0618848 0.0628526 -0.0881558 0.147345 0.0435279 -0.247958 -0.316335 0.393495 -0.331239 -0.487274 0.0414789 -0.327242 0.220234 -0.539843 0.122283 0.281065 -0.2813 -0.280514 0.473916 -0.0161896 -0.420364 0.123631 -0.63934 
honey -0.0599605 0.0530597 -0.460332 -0.390666 0.533841 -0.507978 -0.126819 0.602906 0.220013 0.668019 0.300594 -0.718834 0.0732765 -0.146878 -0.254825 -0.0358448 0.576722 -0.193354 0.323001 0.0439041 0.678473 0.0998266 0.196417 0.51954 0.221758 0.751509 0.285435 -0.804987 0.016082 0.390354 -0.929765 0.985981 -0.109672 -0.137172 0.359679 0.241989 -0.65284 0.102506 0.0543734 -0.191547 0.256959 0.375426 0.140481 0.458924 -0.00116601 0.332553 0.169925 0.0802431 0.184953 -0.391218 0.341295 0.216683 -0.591584 0.00913938 0.350846 0.736483 -0.336788 0.422542 0.144149 0.0324517 0.588611 -0.128909 0.190028 0.163678 -0.195173 0.269475 0.478215 -0.144342 0.234537 -0.082912 -0.524757 -0.208193 -0.00158704 -0.819857 -0.1504 -0.400544 0.0760349 0.0776279 0.0423905 -0.217693 0.364307 -0.479965 -0.426854 -0.257248 0.0375416 0.152924 -0.47479 -0.0375481 0.672126 -0.0949536 0.0741064 -0.734829 -0.318241 0.213475 0.0865821 -0.390478 0.351702 0.372912 -0.826539 -0.348639 
Apple Frangipan Tart -0.0517967 -0.10112 -0.689261 0.278443 0.240783 0.143716 -0.158049 0.527508 -0.307263 -0.16599 -0.593424 -0.0656979 0.208664 -0.191112 -0.408414 0.267354 -0.547444 -0.414884 0.349737 -0.405115 -0.437225 0.145907 -0.520397 0.422276 0.237891 0.222983 0.282964 -0.0862762 0.475677 -0.46876 0.190308 0.0686474 -0.0604718 -0.0767371 -0.420284 0.548876 -0.0708663 0.397226 0.177396 -0.192596 0.0162666 -0.00202527 0.384489 0.24049 -0.222163 -0.344305 0.370672 -0.191637 0.162871 -0.574221 -0.393481 0.530523 -0.340656 0.37785 -0.240772 0.391528 -0.0360538 0.253843 -0.434288 -0.274408 -0.320026 -0.12473 -0.230447 0.331817 -0.220999 -0.306505 0.262019 -0.403892 0.383464 -0.275376 0.235787 -0.468874 0.392934 0.0753937 0.191939 -0.315584 0.11331 -0.374412 -0.123722 -0.512715 -0.0387434 0.170008 0.369388 0.133301 -0.269209 0.034393 -0.203759 -0.116004 -0.467833 0.304595 -0.109393 -0.285472 -0.108387 0.269725 -0.0793052 -0.486606 -0.412806 -0.115999 -0.114366 -0.550908 
rhubarb 0.130631 0.247607 0.341572 0.300827 -0.104362 0.143656 0.293521 -0.0284808 0.290467 0.428116 -0.0926784 0.0830964 -0.168831 0.140469 0.3646 -0.444925 0.153894 0.260199 0.371358 0.0528504 0.0223002 -0.441111 0.153645 0.267954 0.0631189 0.0138392 0.41592 0.136815 0.258333 -0.3704 0.429143 -0.190932 0.00520343 0.141061 -0.274525 -0.133918 0.26784 -0.3994 0.23778 -0.0394891 -0.458769 -0.307935 0.41128 -0.072338 0.379525 -0.03573 0.408996 0.386286 0.191996 -0.210035 0.312478 -0.0568375 -0.215815 0.0035119 -0.083578 0.444458 -0.384949 0.460145 -0.254078 -0.355081 -0.337288 -0.361465 -0.215689 -0.155458 0.0732857 0.0384588 0.317967 -0.146961 0.113867 0.422501 0.425058 -0.017435 -0.352192 0.371937 -0.35277 -0.261544 -0.351301 -0.340127 0.063952 -0.177874 -0.249502 -0.0710273 0.452629 -0.0735645 0.284652 -0.29454 -0.0769954 0.173863 -0.0226405 0.468629 0.322343 0.103657 0.309041 -0.0148222 -0.36662 -0.264919 0.127573 0.351161 -0.340535 0.210193 
McSinghs Scotch pie -0.326026 -0.338012 -0.397178 0.218924 0.112005 0.193634 0.312143 0.102504 0.190074 -0.0224367 0.0639737 0.484618 0.417941 0.106606 -0.248424 0.0970563 0.349768 0.452071 -0.176593 -0.383191 0.285623 -0.0203378 0.30641 -0.0386015 0.0837631 -0.178364 0.0985035 -0.222232 0.36961 0.336208 -0.441349 -0.28338 0.428362 0.0620699 0.336143 0.406794 0.258447 0.405932 0.220409 -0.225481 0.186294 -0.427412 -0.12422 0.0270241 0.122992 0.0110465 0.178272 0.26479 -0.123731 0.46252 0.0875126 -0.120572 0.141357 -0.219714 -0.0601183 -0.339189 0.0408627 -0.12824 -0.308095 0.196162 -0.0262991 -0.49528 -0.146798 0.107922 0.477274 0.293373 0.338555 -0.074599 0.306885 -0.458034 0.174576 0.147855 -0.490781 0.192471 -0.397328 0.302925 0.279528 -0.146548 0.445419 -0.30351 -0.429875 0.208297 0.32055 -0.125784 -0.0462726 -0.00526819 0.451826 -0.244473 0.0713245 -0.451526 0.37674 -0.186223 -0.284215 0.226179 -0.363501 0.103484 0.0367302 -0.417649 0.254415 -0.112192 
Boxty Breakfast 0.324648 -0.457553 -0.201996 -0.456882 -0.269959 -0.451848 -0.0798688 -0.399307 0.330255 0.4328 0.00514607 -0.157531 0.0368248 0.349347 0.427475 -0.13155 -0.393266 -0.493775 0.190217 0.46028 0.0518314 0.0120443 -0.0661491 -0.014838 0.286896 -0.466376 -0.313741 0.301025 -0.26656 0.325145 -0.17192 0.389457 -0.441908 0.28814 -0.0702183 0.0488421 -0.341964 -0.280042 -0.0282061 -0.0722173 -0.287299 -0.267541 -0.128275 -0.0336906 0.202908 -0.263049 0.020642 0.0452672 -0.153876 -0.162213 -0.0674426 0.366432 0.47705 0.0984139 0.300379 -0.111116 -0.433915 -0.179421 0.12585 0.0144475 -0.194539 -0.263347 -0.408608 -0.447519 0.493755 0.386719 0.281791 -0.0113753 0.251032 0.223064 -0.199368 0.315488 -0.353621 -0.00309003 -0.125716 0.101208 -0.321238 -0.291033 0.217848 0.136772 -0.0246079 -0.218683 0.395186 -0.0526201 0.35225 -0.165624 0.335016 -0.315225 0.206361 -0.34625 0.0986 0.142832 0.18835 -0.437854 -0.232884 -0.266397 0.199644 -0.352033 0.285409 -0.251889 
mushrooms 0.429843 0.650213 0.673831 -0.465815 -0.182277 -0.758052 -0.304719 0.821192 0.0428177 0.856035 -0.344884 -0.111935 0.651586 -0.621578 0.335701 -0.40357 0.234031 0.30402 0.404826 0.245696 0.530285 -0.182784 -0.597163 -0.295984 0.309722 -0.298772 0.13889 -0.172137 0.234251 0.436927 0.415093 0.0810656 -0.241819 0.0420674 0.176296 0.414511 0.286171 0.453611 0.184821 -0.0895863 -0.174241 0.134772 0.240942 0.41779 0.130004 0.389022 0.515351 -0.42563 -0.314505 0.309461 -0.809294 0.54626 -0.808548 -0.190704 -0.180778 0.227257 -0.122408 -0.503906 0.505217 0.292291 -0.421365 0.00224976 -0.348903 0.295495 -0.142035 0.482574 0.363625 -0.0821661 -0.563957 -0.434334 -0.120247 0.504944 0.023057 -0.817276 -0.225887 -0.0915212 0.206581 -0.502309 -0.514278 0.756801 -1.08634 -0.0628042 -0.246583 -0.613689 0.0780336 -0.0286646 -0.135378 0.0705738 0.340139 -0.0679294 -0.476695 -0.818971 -0.1024 -0.197499 0.600451 0.164878 0.0937415 0.667798 -0.74131 -0.12628 
sugar 0.333423 -0.661146 0.916358 -0.584856 0.0510256 0.379508 0.413339 -0.245575 -0.0345321 -0.594894 0.184202 -0.144793 -0.519759 -0.331586 -0.0620541 -0.0630988 -0.286491 -0.310332 -0.0274036 -0.170015 0.451315 0.559587 -0.161884 -0.00515879 0.0750541 0.0697484 0.188703 -0.474925 -0.286405 1.03085 -0.129678 0.284596 0.1559 -0.433819 -1.0769 0.203917 0.227607 -1.06387 -0.0256379 0.252416 -0.89 -0.33379 -0.381627 0.566889 -0.245216 0.0725928 -0.970848 0.467371 -0.110986 0.723645 0.549911 -0.0288064 0.666359 -0.258215 -0.330032 0.491784 0.374546 0.768676 0.16311 -0.867885 -0.114641 0.761691 -0.280478 -0.0733516 0.257763 -0.357919 -0.547425 0.00242663 0.154582 0.804878 -0.11998 -0.740171 0.795354 -0.000420744 0.508406 0.292077 -0.0458917 -0.0659902 0.428403 0.00502818 -0.690106 0.711449 -0.440399 0.11438 0.41985 -0.171953 -0.874114 0.389152 -0.250539 0.352048 0.0615784 -0.409728 -0.25404 0.100852 -0.577963 0.317851 0.108985 0.271166 0.143951 -0.901995 
Keleya Zaara 0.0941944 0.236942 -0.228786 -0.437256 -0.0510581 0.163533 -0.261473 -0.16406 -0.0257466 -0.253523 -0.0433156 -0.402254 -0.344979 -0.393799 0.198917 0.221143 0.363386 -0.229072 0.363608 -0.497702 0.418983 -0.154985 -0.430045 0.0944287 0.0281305 -0.46006 0.468794 0.263722 -0.387496 0.372553 0.413059 -0.200172 0.0041886 -0.106773 -0.26653 -0.457459 0.024427 0.331689 -0.444359 -0.077125 0.0188902 -0.196091 0.117789 -0.447567 0.21347 0.271413 0.19689 -0.311905 0.138168 -0.0486931 -0.383554 -0.121186 0.258913 -0.311743 -0.0554335 -0.080828 -0.171467 -0.00853302 -0.421505 -0.0793595 -0.474369 0.363561 0.128356 -0.0356603 0.0136228 -0.170425 0.398168 0.280956 -0.393581 -0.343334 -0.294633 0.45434 -0.22707 -0.152068 0.355683 -0.118459 -0.481874 -0.422509 -0.292213 0.0446192 -0.242897 -0.452905 -0.494933 -0.432257 0.369643 0.22656 -0.115525 0.496028 0.354451 -0.446633 0.133602 0.344814 0.264418 -0.202906 -0.104129 -0.39824 0.313396 -0.0870114 -0.396625 -0.0338453 
kale 0.12988 -0.340811 0.210318 0.0451497 0.273326 -0.399431 -0.404303 -0.2433 -0.262058 0.211033 -0.0183203 -0.489595 0.384989 -0.159334 0.376297 -0.126163 -0.270009 0.0392043 -0.192288 0.493735 0.106473 0.229149 0.625372 -0.254872 -0.168791 -0.308464 0.239191 0.0116609 -0.486327 -0.00842323 0.451203 0.471246 -0.117853 -0.0556195 0.313109 -0.0685096 -0.0380681 -0.268043 0.275959 -0.393805 0.546284 -0.108628 0.0835208 0.109646 0.221984 -0.215795 0.206996 -0.329501 0.366151 -0.0497088 -0.317536 -0.150825 0.274725 -0.493031 -0.14671 0.0999403 0.143688 -0.052787 0.238688 0.343967 0.0911681 0.467529 -0.0610959 -0.161369 0.278183 -0.359186 0.47465 -0.220693 -0.169734 -0.180811 0.22935 0.146366 -0.109789 0.342059 0.206968 -0.216169 -0.506581 0.028299 -0.120992 0.347697 0.0944633 0.265223 -0.588568 -0.0879652 0.196627 -0.433809 0.263555 -0.216636 -0.0131261 -0.326379 0.410043 0.035873 -0.0528307 0.00358915 0.414901 0.13 0.264348 0.0831645 -0.0322676 -0.35986 
Tonkatsu pork 0.114752 0.184688 0.352394 0.13341 -0.335107 0.37825 0.22753 -0.405514 0.455649 -0.343 0.0902566 -0.077875 -0.497166 0.126255 0.2519 -0.20101 -0.384933 -0.334294 0.0609587 -0.210032 -0.184861 -0.260153 -0.423124 -0.461695 -0.41224 -0.169323 0.421939 -0.0673318 0.467743 -0.31056 0.247209 0.37111 -0.283456 0.497655 -0.0914421 -0.010148 -0.279125 0.247456 0.435832 -0.349052 -0.0141806 -0.0283554 -0.323238 -0.316646 -0.304984 0.302797 -0.465909 0.483944 0.33059 0.133755 -0.124101 0.0884573 -0.168932 0.174927 0.0425488 -0.058885 0.473595 -0.348511 -0.0411076 0.0932057 -0.240195 0.337258 -0.310668 0.117716 0.40692 0.44595 -0.363165 -0.431545 -0.419698 0.242715 0.122999 0.298026 -0.39388 0.416135 -0.00732135 0.137822 -0.210337 0.371212 -0.305588 0.451704 -0.0676391 -0.453319 -0.133856 -0.49791 0.459303 -0.0235202 -0.410045 0.365729 -0.440215 0.265158 0.0680854 -0.369101 0.390814 0.205149 -0.107654 -0.407218 0.361818 0.422259 0.154541 -0.0148014 
Vegetarian Chilli -0.104467 0.0879884 0.119937 -0.0868178 0.207345 -0.324665 -0.186917 -0.363354 0.327601 0.41432 -0.205935 0.139868 0.182803 -0.406364 -0.495106 0.20578 -0.475102 -0.186736 0.479501 -0.0277184 0.353393 0.371347 0.223606 -0.362712 0.326152 0.445246 -0.386068 0.172097 0.354922 0.0319861 -0.38101 0.116742 0.374457 -0.203199 -0.146802 0.221596 0.303703 -0.399339 0.189153 -0.178326 0.197662 0.435181 0.212701 0.355223 0.484136 -0.133885 -0.41732 -0.37315 -0.277785 0.39791 0.462753 -0.474371 -0.119299 0.411911 -0.184 0.0074279 0.311928 0.413276 0.154192 0.313073 -0.00286104 -0.286859 -0.237769 0.077598 0.112352 0.38412 -0.342847 -0.154684 0.38109 -0.0140469 -0.315478 -0.479674 -0.0889047 0.0883224 -0.0115959 0.38237 0.301964 -0.17932 -0.348235 -0.198773 0.218814 -0.147088 0.218812 -0.44473 0.263151 0.0305493 -0.178716 0.0900078 -0.481938 -0.465601 -0.0446936 0.374378 0.274468 0.277549 0.374777 0.252563 -0.220055 0.143951 -0.245231 0.175163 
olive oil 1.51858 0.423819 -1.48584 0.106188 0.966442 -0.310173 2.11387 0.920442 -0.930275 -0.902571 -0.831256 -1.31572 0.114503 -1.70802 0.105099 0.835275 0.683942 0.966676 -0.124824 -0.138661 0.629763 -0.137795 1.69986 -0.497558 -1.80184 -0.520585 1.09913 -1.32143 0.121051 1.73145 0.245419 1.77212 0.274391 -1.35115 0.538888 -1.84329 -0.552983 -0.415051 0.847099 -0.490239 -0.799202 0.722163 1.53451 -0.218677 -1.75954 1.91512 0.107469 1.198 -2.06421 1.09187 0.336554 -0.649456 0.00111521 0.419717 1.49589 -0.50202 0.301242 0.656078 1.09146 -0.149601 0.127266 -0.536707 -0.843893 -0.0523636 1.19728 0.0614925 0.32481 0.779298 -0.41523 0.614602 1.05357 0.910135 1.32454 0.522027 0.439878 0.086832 0.134703 -1.41564 -0.887551 0.260671 0.489626 -1.69091 -1.01658 0.207606 1.84403 -1.03385 -0.874742 -0.481166 0.424841 -1.75204 -1.40873 -0.609288 0.224406 -0.843161 2.23445 1.49643 0.488176 0.150732 -1.78467 -0.331136 
Eton Mess -0.400549 0.0200263 -0.631815 -0.254724 -0.371507 -0.326567 0.440514 -0.303172 0.382783 -0.164451 -0.117579 -0.566699 -0.19986 -0.271523 -0.106082 -0.346743 0.229537 0.268929 -0.0259133 0.381729 0.143618 0.205562 0.251228 0.622023 -0.234166 -0.425205 -0.574458 0.238307 0.394595 -0.388834 -0.238532 0.476591 -0.366561 0.247009 -0.384611 0.00860535 -0.262407 -0.208046 0.545014 0.164872 0.083237 -0.447162 -0.323802 -0.0446218 0.23983 0.0318805 -0.166008 -0.216984 -0.225139 -0.433107 -0.421772 -0.170341 -0.169469 -0.270012 0.0371077 0.159163 0.220741 -0.321465 -0.100269 0.308815 0.111622 -0.0913102 0.0827221 -0.210321 0.0539042 -0.342541 -0.29918 -0.290547 -0.459544 -0.397015 -0.34822 -0.612994 -0.322044 0.337656 0.0684318 0.367455 -0.336926 -0.524464 0.272704 -0.371892 0.0647661 0.328879 0.149353 0.393761 -0.22313 0.147565 0.49917 -0.429736 -0.577241 0.179327 0.264386 -0.0925978 0.782979 0.141563 -0.0742114 0.444131 0.276949 0.539452 -0.0835111 0.385105 
tomato puree -0.375884 0.119284 -0.00478345 0.280299 0.248998 -0.352208 0.022349 0.299214 -0.0723487 -0.269268 -0.848759 -0.0425818 -0.547522 -0.13816 0.156057 -0.820856 -0.13155 -0.180846 0.262139 -0.520889 0.332786 0.740036 -0.51005 0.393346 -0.352721 -0.140203 0.127897 0.363425 0.515108 -0.00840645 -0.748602 0.055508 0.168158 -0.711417 -0.653945 0.55346 -0.35241 -1.09945 -0.526824 -0.222318 -0.25602 -0.552926 -0.262257 -0.150477 -0.814602 -0.436767 -0.195172 0.195747 0.199841 -0.0568147 -0.552894 0.711225 0.0797387 0.195389 0.0926103 0.155469 -0.150711 -0.313327 0.143004 -0.213709 -0.0725232 -0.381604 0.265831 0.515074 0.38556 -0.35876 -0.201498 -0.697748 -0.566215 -0.519243 0.190758 -0.234098 0.370412 0.290618 -0.677263 0.0135354 -0.200323 -0.415982 -0.280943 -0.0305108 -0.239273 0.143663 -0.267246 0.327707 -0.0977588 0.201231 -0.64419 0.777756 -0.0412346 -0.0882768 -0.447567 -0.213692 0.00361445 -0.123165 0.556505 0.189968 0.00965508 -0.176677 0.488709 -1.01035 
flour 0.193196 0.323646 -0.307963 -0.0558466 -0.126551 0.235541 0.383784 0.0922885 0.0543028 0.283061 0.26138 -0.340486 0.86225 -1.08604 0.00112905 0.0840847 -0.228094 0.0135545 1.06571 0.98019 0.862663 -0.0960952 -0.639347 -0.433425 0.719793 0.122086 0.305866 -0.292875 1.10449 0.0940001 0.065461 0.410971 0.0743314 0.609625 -0.146558 0.158689 0.0727047 -0.0293672 -1.03151 0.487358 -0.0307937 0.654851 0.0901456 0.730751 -0.0820599 -0.722729 -0.0589081 0.100273 -0.53871 0.657186 -0.156322 0.0559888 -0.675584 0.284171 0.212643 -0.886152 0.321967 0.237651 -0.298375 0.215267 -0.0888491 -0.0733242 0.303981 -0.0078404 0.0165455 -0.606775 0.192095 -0.795478 -0.438239 0.40197 0.0296865 -0.75699 -0.0627448 0.327233 -0.353001 -0.00334394 -0.07098 -0.265818 0.60736 -0.0299625 -0.0607709 -0.508678 0.103366 -0.636451 0.650617 0.118281 0.359879 0.250047 0.809957 0.480362 -0.191059 0.742422 -0.313907 -0.282247 0.36564 0.519399 -0.544508 0.762555 -0.147769 -0.548958 
Croatian Bean Stew 0.158665 0.0833791 0.162403 -0.13915 0.407803 0.373238 0.304973 0.425204 0.403035 -0.276391 -0.00930955 0.267592 0.299047 -0.310143 0.423547 0.210172 -0.467059 0.115261 0.262372 0.0260135 0.235146 0.41965 -0.354958 -0.293275 -0.344486 -0.443316 -0.407879 0.292057 -0.262206 0.494321 -0.344392 -0.428699 -0.0921066 -0.0583279 0.0947971 -0.172414 -0.27987 0.121262 0.483262 -0.376481 0.392439 0.0475424 0.325212 -0.482648 -0.378962 0.486579 0.497328 -0.449299 0.175205 0.0635001 0.134094 0.308871 -0.078828 -0.315962 0.119869 0.394549 -0.283211 -0.0454202 0.361279 -0.00783172 0.275101 0.199923 -0.305555 0.497212 -0.243869 -0.125006 0.13325 -0.372454 0.205322 -0.368282 -0.470767 -0.0430682 -0.370722 0.183996 -0.33945 -0.367588 0.00176579 0.068399 -0.0079695 -0.309495 -0.328962 0.0797617 -0.104997 0.409844 0.28408 -0.373962 0.167041 0.396703 -0.251099 0.0381453 0.0329432 0.200207 -0.243839 0.0767504 -0.383353 -0.225731 0.171464 0.449753 -0.0034372 -0.150599 
free range egg, beaten 0.483213 0.00992363 0.350483 -0.0635457 0.122489 0.0439906 -0.190026 0.238506 -0.388583 0.281823 -0.170188 0.759452 0.239137 0.096592 0.346452 -0.433823 0.246557 -0.394869 -0.166971 0.193886 -0.609071 0.397846 -0.590126 0.284352 0.0157738 -0.20483 0.495516 -0.238848 -0.565068 0.305754 0.157719 -0.0398766 -0.06937 -0.443841 -0.0328977 -0.51977 0.113801 -0.112664 0.324118 0.0678369 -0.77994 -0.454725 0.500562 -0.325141 -0.260925 -0.411116 0.607229 0.219731 -0.363947 0.00300274 0.594047 0.245416 0.238684 0.031525 0.0457586 0.474352 -0.0709057 0.0740589 -0.346527 -0.256021 0.116401 -0.036498 0.020935 -0.221208 -0.14545 -0.410528 0.672596 0.409748 0.186305 -0.0519026 0.180702 -0.267096 0.207349 0.363933 -0.450024 -0.353696 0.149745 0.0347099 -0.507491 -0.123727 0.323526 -0.0663571 0.0725738 -0.313986 0.300912 -0.15251 -0.221727 -0.126878 -0.532523 0.171802 0.282578 -0.0530748 0.281328 -0.500214 -0.128937 -0.146403 -0.265021 0.375857 0.0714793 0.0364595 
tomato ketchup -0.334027 -0.109431 -0.349899 0.114784 -0.0206664 0.120026 -0.0430614 -0.250792 -0.21482 -0.0173412 -0.1366 -0.234894 -0.330313 0.636969 -0.222141 -0.143269 0.423588 -0.293817 0.382744 0.52412 0.217091 -0.305019 -0.168364 0.14611 0.348154 -0.280771 0.290507 -0.165856 0.383741 0.132561 -0.0961614 -0.221506 -0.550477 0.445586 -0.199479 -0.0115957 0.0478086 -0.221172 0.0654469 -0.1906 -0.394672 0.321091 0.119792 0.29741 -0.530282 -0.467648 -0.447527 0.00581042 0.319559 0.0317648 -0.321601 -0.385764 0.617281 0.393423 0.389217 -0.281319 0.0314579 0.423263 -0.302325 0.14036 -0.0978129 -0.028312 0.0481534 -0.404222 -0.307957 0.417762 0.169572 -0.364131 0.157342 0.121197 -0.117536 -0.190473 0.00728703 0.0455518 -0.517244 0.500173 0.242243 0.455878 0.38299 0.515966 0.133879 -0.199288 -0.357673 0.0668052 -0.0438813 -0.0289254 0.247666 -0.0588223 0.404357 -0.265641 -0.0290087 0.299562 0.113933 0.0715298 0.363374 0.385576 0.0418915 0.427516 -0.335118 0.255049 
baked beans 0.363623 0.261819 0.443697 -0.065429 -0.269262 -0.186646 -0.134168 -0.0903343 -0.453684 -0.0363814 0.086302 0.093156 -0.0353095 0.26314 -0.46142 0.0209032 -0.439425 0.442282 -0.0293154 -0.0710619 -0.331181 0.387033 -0.258729 0.341538 -0.497935 0.459753 0.131259 -0.374536 0.316314 0.45804 0.349421 -0.168127 -0.28251 -0.0594938 -0.138356 -0.01198 -0.143762 0.094255 0.349225 -0.462602 0.186355 -0.133039 0.260159 -0.0848477 0.199058 -0.278563 -0.487788 -0.173456 -0.388742 0.312824 0.348769 -0.317054 0.307975 0.280035 0.498483 0.153904 -0.467802 0.434232 -0.154703 -0.29898 0.157542 -0.0213013 0.48964 -0.191496 -0.37126 -0.15957 0.0804391 -0.477635 -0.0479027 0.235104 0.296213 -0.399643 0.0970786 0.380628 0.191682 0.268799 -0.137407 -0.13685 -0.102265 0.305322 -0.121952 0.380388 -0.312036 -0.321392 -0.279451 -0.303812 0.127202 -0.0809295 -0.204765 0.225627 0.443916 -0.473388 -0.0605214 0.42924 0.45579 -0.341579 -0.067036 -0.0192373 0.21569 -0.0311661 
fettuccine -0.0417882 -0.0300036 -0.664966 -0.651264 0.363549 -0.234193 0.458129 0.392547 -0.0411727 -0.139364 -0.360907 -0.0298156 -0.367238 -0.184951 0.158899 0.473479 0.31422 0.248912 -0.433988 -0.322856 -0.574026 -0.069584 -0.577399 0.474705 0.355773 0.461585 -0.0160241 0.33995 -0.262165 0.132637 -0.18224 0.100197 0.159265 0.158341 0.189324 -0.40092 -0.311263 0.254784 0.183605 0.0965516 0.713812 0.244098 0.201894 0.314598 -0.212428 0.322107 0.272115 0.00811403 -0.696092 0.58912 -0.282556 -0.0178423 -0.460874 0.524199 0.315804 -0.00965371 0.463672 -0.627751 -0.173279 -0.322 -0.0808018 -0.439198 0.365549 0.0644954 -0.358755 0.138024 0.118421 0.312899 -0.412066 -0.0430857 0.27256 -0.00706952 0.0752028 -0.609393 -0.32345 -0.305391 0.0743224 0.131569 -0.305548 -0.57901 -0.0238203 0.221433 -0.220755 -0.0455357 0.225234 -0.381158 0.136924 0.285368 -0.427475 0.118468 0.450178 -0.509649 0.36478 -0.16887 0.564685 0.680383 -0.0618879 0.188164 -0.266558 0.0935488 
Pancakes -0.295671 -0.350663 -0.263158 0.0664803 -0.464013 -0.178085 0.343773 0.0139058 -0.182721 0.248738 -0.0973489 -0.0205994 -0.209242 -0.0429926 -0.212381 0.461619 0.00489944 0.116055 -0.0882482 0.0542264 0.0879148 -0.3545 -0.235899 0.457028 -0.457782 0.131349 0.194414 0.218488 0.105291 0.211971 0.416353 0.337658 0.0189359 -0.183731 0.132039 0.0240817 -0.0681925 -0.404536 0.146804 0.355608 -0.431454 -0.379338 -0.015835 -0.138195 -0.233892 0.0709223 -0.0622563 0.190304 -0.287496 0.203062 -0.2934 -0.313238 -0.0997734 0.464756 0.04383 -0.0440183 -0.365222 -0.154023 -0.496315 -0.313786 0.286226 0.393067 -0.179112 0.430734 -0.315499 -0.412717 -0.121889 0.238262 -0.32034 -0.274769 -0.361144 0.388628 -0.424178 -0.336905 -0.345657 -0.191269 0.262234 0.252197 0.0480588 0.469188 -0.403645 -0.0792427 0.0998566 0.0495402 0.268491 -0.423364 -0.481492 0.407206 0.216595 0.485634 -0.104182 0.0803547 0.215901 -0.316353 0.0561949 0.412052 0.0924781 -0.00879982 0.0550804 -0.00324396 
Croatian lamb peka -0.388502 0.254949 0.31117 -0.490706 0.199473 0.341405 -0.216036 -0.444292 -0.324947 -0.489496 0.0776794 -0.183757 0.231368 -0.421322 -0.0577292 -0.292446 0.181484 -0.291192 0.381703 -0.154188 -0.0380452 -0.324565 0.0814906 -0.0251618 -0.305254 0.25814 -0.103656 -0.350926 -0.00190915 0.181992 0.143755 -0.341445 0.321768 -0.373478 -0.496973 0.0819209 0.0955995 0.379562 -0.485652 0.00897923 0.350087 -0.439328 -0.140352 0.458625 -0.0934506 0.308202 -0.118441 -0.332116 0.204012 -0.311068 -0.137344 -0.216069 0.149464 -0.302772 0.285622 0.130844 0.375429 -0.311974 -0.323815 0.435604 -0.477229 0.103714 -0.254229 -0.174109 0.250524 0.43051 -0.487686 0.302065 -0.291636 -0.1827 -0.399112 0.105711 0.169342 0.274116 0.0169264 0.196836 -0.26371 0.4633 0.461981 0.10903 -0.240976 -0.196715 -0.343867 0.0757372 -0.202882 0.441747 0.238545 -0.148796 -0.296349 0.231184 -0.128607 0.122149 -0.410517 0.298771 0.264721 0.488486 -0.385852 0.259224 0.379216 -0.150862 
Golabki (cabbage roll) -0.256259 0.130054 -0.390753 -0.309206 0.157026 -0.0471265 -0.455901 -0.0617217 -0.406667 0.470316 0.0259256 -0.390828 -0.334101 0.317581 -0.329719 0.306098 0.235872 0.140831 -0.089735 -0.287155 0.0888321 -0.00707783 -0.386642 -0.371947 0.391457 0.0712863 -0.290207 -0.159368 0.239314 -0.23955 0.314758 0.00846642 -0.112955 -0.0625082 -0.0684595 0.404633 0.0936662 0.106127 0.48313 0.448774 -0.39276 -0.0577662 0.16026 0.315858 -0.0591376 0.055672 -0.0517477 -0.411567 0.269566 0.0594377 -0.345827 -0.314178 -0.0497216 0.00386141 -0.292082 -0.360624 -0.0643034 0.235226 0.454057 -0.0863635 0.313422 -0.406154 -0.218858 0.355388 0.320911 0.0365607 0.142845 0.192896 -0.0664234 0.356355 -0.324747 0.432735 -0.359393 0.156669 0.485353 0.0140968 0.20112 -0.249461 -0.372954 0.0420589 0.477997 -0.42764 -0.258998 0.451506 0.0156683 -0.0160236 0.0275454 0.199841 -0.474255 -0.495899 -0.375499 0.348707 -0.35564 0.331017 -0.378118 -0.123325 0.0125671 -0.0668137 -0.248422 -0.0383274 
ground ginger 0.619738 -0.573922 -0.11222 0.524941 -0.202331 0.165468 -0.139051 -0.424594 0.386521 -0.0944803 0.291094 -0.25115 0.442523 0.275487 0.0478925 -0.454104 -0.278349 0.0813701 0.449729 -0.266457 -0.352646 0.325196 -0.302043 0.0960936 0.796762 -0.00689965 0.274539 -0.361124 -0.198691 -0.474408 -0.189764 -0.163352 0.140559 0.255432 -0.422449 0.200527 -0.129173 -0.628753 0.0310167 0.210137 -0.378903 -0.339277 0.305481 0.197126 0.580674 0.414594 0.299167 0.724902 -0.295465 -0.146065 0.0999151 -0.0189377 -0.0157662 -0.336813 0.474547 0.0206095 0.061372 -0.134092 0.356929 -0.303899 -0.531205 0.644164 0.394046 0.267013 0.413755 -0.385581 0.576618 -0.155715 -0.298928 0.389883 0.235717 0.000639447 -0.403852 0.358329 -0.0507464 0.37448 0.179261 0.0663668 0.00540706 0.315384 0.416568 0.905066 0.00897201 0.52588 -0.14359 0.712578 -0.395323 -0.154523 -0.45032 -0.149685 -0.13723 -0.38726 0.186776 0.130038 0.246854 0.46045 -0.405958 -0.331764 -0.64144 -0.327547 
Tahini Lentils 0.374009 0.10264 0.127772 -0.257609 0.204036 0.499448 -0.0119639 0.439208 -0.499003 -0.323908 0.491871 -0.206623 0.333819 -0.49122 0.433408 0.232212 -0.0340094 -0.276846 -0.105816 -0.284788 0.434858 -0.061445 -0.362943 0.416253 -0.272028 0.198694 0.0336596 -0.226549 -0.0310813 0.274875 0.398043 -0.0705847 0.327904 -0.017662 0.3184 0.139374 -0.0509009 -0.205341 0.188464 -0.418592 -0.0127907 0.329375 -0.153771 0.00397118 0.32149 0.483073 -0.129065 -0.0582554 0.00225987 -0.181474 -0.210396 -0.35778 0.428389 -0.325016 0.13176 0.248844 -0.0979872 -0.413635 0.385261 -0.272938 0.200283 0.117455 -0.254003 0.249487 0.16902 0.0649425 0.00819265 0.453715 0.269232 -0.115367 -0.381979 0.31567 -0.128506 -0.0829475 0.170509 -0.295001 0.187636 0.120754 -0.0472493 0.0278015 0.327195 0.376348 -0.358663 0.0275961 0.24968 0.314093 -0.494794 -0.0488921 -0.451931 0.368986 0.393758 -0.185091 0.131408 -0.22568 0.333383 0.0247446 -0.264477 -0.31009 0.146685 -0.46377 
Beef Sunday Roast -0.590659 -0.398152 0.293986 0.291664 0.214453 0.557785 0.467244 -0.00350996 -0.190959 -0.457976 0.337951 -0.434249 -0.247011 -0.23431 0.223472 0.247536 -0.4237 -0.182471 0.342777 0.0926849 0.129781 -0.4635 0.604646 -0.0223113 0.11304 0.359518 -0.185136 0.535132 -0.0904568 0.024596 0.0448129 -0.255308 -0.277914 -0.18935 0.0991395 0.25172 -0.410668 -0.131622 0.292761 -0.248227 -0.324919 0.451537 0.125624 -0.47889 0.513176 -0.60849 -0.283433 -0.249374 -0.203208 0.312254 -0.217187 0.295419 -0.328847 -0.213463 0.236076 0.192164 0.0737006 0.165863 0.0343908 0.157645 -0.114186 0.368541 -0.127654 -0.259246 -0.589742 -0.0550289 0.22336 0.386391 -0.323914 -0.256822 -0.0446496 0.0191354 -0.194421 0.736747 0.30008 0.0665208 -0.247904 -0.235017 -0.358596 -0.395757 0.323306 -0.195007 0.0539257 -0.245202 -0.133899 -0.0596014 -0.469026 -0.335789 -0.344809 -0.384531 0.170316 0.615978 0.225746 0.0315899 0.244785 0.0551713 -0.0554693 -0.0954875 0.332019 -0.499746 
Honey Teriyaki Salmon -0.580163 0.2945 0.182844 0.32286 0.284901 -0.200859 0.650839 -0.558384 0.182634 0.0579984 0.448376 0.00548873 0.238491 0.117381 -0.0797421 -0.666136 -0.147854 -0.247308 0.397312 -0.616945 0.111549 0.435177 0.238037 0.191677 -0.434219 -0.524402 -0.113327 -0.337069 0.462883 0.163354 -0.266568 0.394572 -0.0635053 0.192062 -0.324535 -0.100807 -0.504937 0.245825 -0.264527 0.129512 -0.112486 0.41034 -0.315739 0.0810126 0.172828 -0.0667076 -0.378733 -0.354883 -0.294424 0.449757 -0.203982 -0.36963 0.229197 0.541327 0.0738804 -0.137428 0.0628822 0.162595 -0.0594847 -0.272167 -0.589648 0.142721 -0.420372 -0.494011 0.56289 -0.270278 0.0551897 0.328636 0.0519607 0.421132 -0.199197 0.163763 -0.708615 0.172538 0.0201505 0.24086 -0.398045 0.144925 0.148114 0.491857 -0.290531 0.202462 0.392637 -0.220213 0.476045 0.0999203 -0.261564 0.32898 -0.198147 0.307057 -0.524481 0.454159 0.549813 -0.284311 -0.615945 0.197705 0.416443 -0.317598 -0.274954 -0.142988 
malt vinegar -0.395414 -0.443582 0.101709 -0.164762 0.230912 0.266706 0.427907 0.118467 -0.106052 0.0854653 -0.0822511 0.189496 -0.390589 0.370505 -0.150003 0.121336 0.20235 0.242594 -0.41069 0.464336 -0.11249 -0.395987 0.379179 -0.360882 0.462746 0.0654128 -0.0841662 -0.116457 -0.351843 -0.499637 0.0185451 -0.40084 -0.307238 -0.332901 0.445593 -0.388807 -0.0385142 0.0497957 -0.105625 0.325124 0.489475 -0.0185427 0.294298 -0.479183 0.0968743 -0.00775956 0.318449 -0.0448352 -0.141715 -0.0571797 0.289742 0.480679 0.15092 -0.268096 0.0546722 -0.0298943 0.334559 -0.0473372 0.297223 0.235043 -0.45446 -0.256943 -0.276906 -0.381794 0.30965 -0.351789 -0.197012 0.0731041 -0.282063 -0.451169 0.104208 0.118489 -0.468241 0.0204214 0.385815 -0.398173 -0.13547 -0.00749407 0.431452 0.320278 0.18335 0.36839 0.0117336 0.259221 -0.389993 -0.415671 -0.00921595 0.467613 0.313966 -0.010344 0.0934728 0.437342 -0.465611 -0.337369 0.476436 0.484613 -0.405637 -0.276802 0.267466 -0.17812 
sake -0.0305819 -0.086546 -0.367663 0.298482 0.439864 0.239635 -0.100482 -0.249979 0.361139 0.0567713 0.810959 -0.420333 0.550179 -0.448067 0.0550721 -0.391332 -0.335546 0.138971 -0.0231113 -0.349665 0.157038 0.568142 0.313544 0.415246 0.229512 -0.665489 -0.144236 -0.0296823 0.626221 0.189908 -0.676961 -0.523151 0.108035 0.182707 0.251108 0.0164578 0.298777 -0.233686 0.275692 0.637625 0.0199226 0.430953 -0.154035 -0.117878 -0.745109 0.113207 0.187977 -0.0571964 0.328466 0.338099 -0.296852 -0.0286231 0.103713 -0.247205 -0.263147 0.33829 -0.0724039 -0.51403 -0.217161 -0.0665149 -0.149031 0.0295506 -0.629296 -0.0280334 -0.161014 0.267634 -0.722093 -0.303048 0.566852 0.0518284 0.375777 0.498793 -0.677203 0.0121861 -0.201034 0.328729 0.372876 -0.298002 -0.693024 0.0626252 0.000980764 -0.00458002 0.116749 0.301807 0.319286 0.122538 0.00756674 0.281837 -0.264236 0.626457 -0.243149 -0.00549971 0.250091 -0.509073 0.0608051 -0.0108315 0.581573 -0.162788 -0.295016 0.19078 
chicken -0.349262 -0.217216 0.252225 -0.243097 0.819752 -0.370082 0.392202 0.101329 0.409873 0.227379 -0.210332 0.000121819 0.938612 -0.305307 0.0503088 0.149262 0.244475 0.18244 0.589535 0.279542 0.990244 1.01717 0.423518 -0.0231703 0.304899 -0.424878 0.66464 -0.147345 0.532649 -0.0329299 0.927205 1.03407 -0.390718 0.326091 0.122318 -0.320565 -0.22864 0.257541 -0.704512 -0.33552 0.543931 0.592118 -0.359027 -0.376011 -0.145538 -0.730172 0.218416 -0.668232 -0.948167 -0.459015 -0.351641 0.0783007 -1.10733 0.195329 -0.0529506 0.259401 -0.62201 0.270052 -0.0428768 0.505987 -0.108619 -0.223733 -0.205296 0.398368 0.102915 -0.52659 0.842698 0.722076 0.832953 0.168897 -0.265841 0.606422 0.459358 1.21713 0.253573 -0.785618 -0.602414 -0.708658 0.141687 0.00603112 -0.682047 0.293847 0.393158 -0.791848 -0.124334 0.239997 0.29884 0.598778 -0.133696 -0.323751 0.24184 0.145765 0.592087 0.294461 0.282489 0.0267856 -0.416532 -0.0987351 -0.183419 0.24266 
ricotta -0.242853 -0.180755 -0.175844 -0.0184736 0.424387 -0.0177594 -0.147609 0.471417 -0.231273 0.242872 0.287752 0.0308053 0.461932 -0.203383 -0.0685193 -0.33581 -0.0495261 0.272623 0.281866 -0.486387 -0.440343 0.0189393 0.41293 -0.323706 -0.273491 0.270087 -0.358583 -0.239829 -0.273167 -0.342654 0.370926 0.0556491 0.469788 -0.0127969 0.0891296 -0.381131 0.212589 -0.449292 -0.0589302 -0.221134 -0.388498 -0.31712 0.093929 -0.153213 0.347146 -0.316197 0.337376 0.237127 -0.438448 0.131371 0.219894 0.427748 0.185538 0.121061 -0.0335644 -0.0342646 0.329065 -0.362904 -0.408854 0.15552 0.0968385 0.397149 -0.440855 0.447634 -0.037837 -0.304073 0.292168 0.43076 -0.402661 0.194813 0.140808 0.387663 -0.292877 -0.282277 -0.499224 -0.106202 0.400228 0.351972 0.206474 -0.0533078 -0.173175 -0.229869 0.251013 0.368008 -0.0744562 -0.473474 -0.387476 0.264084 0.306036 -0.481611 -0.311041 -0.0299039 -0.419985 0.113086 -0.3702 -0.21979 0.378074 -0.0739372 0.152141 0.24491 
tuna 0.11226 0.0862395 0.0670836 -0.126182 -0.506225 -0.386108 0.0426273 0.439378 0.362875 -0.24133 0.279461 0.443037 -0.404625 -0.434728 -0.0329789 0.341276 0.067045 0.15433 -0.057544 -0.290987 0.282651 -0.0724064 0.0334245 0.389487 0.403646 -0.529895 -0.089615 -0.52089 -0.273599 0.0173065 0.394685 0.204952 0.421875 -0.224616 0.208835 0.221317 -0.0285817 -0.397832 -0.342215 -0.392746 -0.233956 0.312198 -0.0608079 0.105114 -0.00788063 -0.114047 0.279923 -0.129896 -0.323032 -0.410963 -0.27876 0.148709 0.281636 0.332956 -0.0754992 -0.0193216 0.301103 -0.0498227 0.545392 -0.441075 -0.289009 -0.318723 0.168055 -0.387742 -0.333086 -0.0551346 0.443172 -0.118234 -0.613368 -0.221883 0.434587 0.460767 0.0426643 0.205897 0.0248257 -0.143618 0.438479 -0.146321 0.665331 -0.165655 0.307826 0.377587 -0.128474 -0.106141 0.280543 -0.160402 0.557171 -0.495041 -0.0220979 0.405358 -0.125784 -0.377615 0.0153139 -0.199831 -0.157789 0.419578 0.433571 0.150347 -0.332666 0.31163 
dark soy sauce -0.345665 -0.239057 -0.660568 -0.289931 0.561239 -0.600749 0.016102 0.426353 -0.098229 -0.00734788 0.170959 0.17707 -0.489062 -0.289379 0.0818453 0.581791 -0.773672 -0.161632 -0.106765 0.274751 -0.0945349 0.141786 -0.553193 -0.0885073 0.04698 0.521 0.343209 -0.091015 0.427171 0.134945 -0.384244 0.251979 -0.180432 -0.336599 -0.260468 0.505618 -0.172422 -0.38999 0.0449281 -0.052744 0.0271908 0.193996 -0.493657 0.326761 -0.340063 0.607893 -0.291375 0.400204 -0.175023 -0.00303759 0.154877 -0.110536 -0.24763 -0.470999 0.325598 -0.0155688 -0.0645807 0.0769811 0.000159972 -0.428465 -0.384351 0.355377 0.00202018 0.478789 0.157772 -0.216834 -0.0106763 -0.339528 -0.288882 -0.117543 -0.0101764 0.0586658 -0.307049 0.369809 -0.321716 -0.0299007 0.249617 0.287079 0.118648 -0.441056 0.117836 0.313139 0.320861 -0.18885 -0.794972 -0.0974693 -0.235858 -0.26472 0.49069 -0.103105 -0.423428 0.184139 -0.183936 0.143659 -0.0872606 0.176712 0.164401 0.392215 -0.0735279 -0.361648 
marzipan 0.422687 -0.25864 0.44743 -0.231968 -0.396985 -0.483788 -0.154013 0.352917 0.0898278 0.189878 0.378659 -0.0545972 -0.0216626 0.449794 0.0584995 -0.264524 0.182336 0.315502 -0.383484 -0.200149 -0.486597 -0.426239 0.315114 -0.0663061 -0.00860768 -0.296625 0.0487908 0.426797 0.129882 0.0326649 0.170402 0.482007 0.35398 0.240351 0.267122 -0.421282 -0.0612959 -0.462398 0.474142 0.29921 -0.217395 -0.0602251 0.0268765 0.30184 0.212477 0.211002 -0.456134 -0.0982794 0.0696565 -0.098664 -0.433359 -0.145181 0.125204 0.423927 -0.0558356 0.253012 -0.169694 -0.220581 0.228572 -0.0398219 -0.103792 -0.488793 -0.424004 -0.0507049 0.260462 0.277089 0.189178 0.0733509 -0.0388813 0.0807342 0.19786 -0.0453366 -0.39654 0.367653 0.455741 0.140272 -0.0205608 0.357322 -0.443722 0.0101042 0.204017 -0.0518675 -0.116082 -0.243511 0.10653 0.336071 -0.22092 0.122457 0.059625 0.179497 -0.11087 0.0506317 0.210015 0.170271 0.112976 0.319969 -0.292518 -0.450922 -0.141067 -0.00325682 
brown lentils 0.0700987 -0.533469 -0.307837 -0.13537 -0.764282 -0.137102 0.669904 -0.0765281 -0.386757 -0.0069891 -0.258609 -0.566451 0.509469 -0.0229764 -0.331618 -0.0119257 0.291427 -0.549786 0.317742 0.435608 -0.420657 -0.282009 -0.273936 -0.144902 0.0981385 -0.370807 0.561899 -0.423795 0.333114 -0.38523 -0.505164 -0.131604 0.0865563 -0.322854 -0.037037 -0.072364 0.00181961 -0.130609 -0.043984 0.060025 0.685024 -0.562858 -0.100411 0.159133 0.0912096 0.151625 -0.157099 -0.098355 0.0733374 -0.252028 -0.0765304 -0.0230976 0.357235 0.0141417 -0.118245 -0.277737 -0.034305 -0.48419 -0.768723 -0.410603 -0.0102895 0.356355 0.178482 -0.178937 0.529715 -0.243352 0.5126 0.245778 -0.360985 -0.0575368 0.0913553 0.0467121 -0.188249 -0.0959293 -0.295727 -0.480975 0.246995 0.08138 -0.205654 -0.0265782 0.0483386 0.221347 -0.0244313 -0.0434259 0.427618 0.256279 0.436742 0.0306807 -0.655487 -0.220458 -0.203289 -0.0736078 -0.41465 0.483989 -0.574295 -0.399705 -0.602686 0.288445 0.770346 -0.532386 
dry white wine 0.450226 0.00385855 0.0371108 -0.459324 -0.207393 -0.245611 -0.216266 0.68373 -0.471197 0.269225 0.513904 0.150852 -0.346165 -0.36117 -0.0359284 0.269495 0.0716593 -0.00608449 -0.00648691 0.575996 0.180016 0.597432 -0.518349 -0.186512 -0.16501 -0.249691 0.407753 0.400506 -0.296087 0.0534395 -0.397647 -0.0500144 0.177401 -0.32882 -0.601439 -0.192376 -0.0984104 0.39891 -0.044427 -0.428796 0.106027 0.253478 0.129121 -0.555884 0.617878 0.0782436 0.468109 -0.322962 -0.195339 0.570864 0.0137144 -0.279252 0.156522 0.1532 -0.211765 -0.330305 -0.339306 0.0808995 0.094826 -0.336868 -0.0586775 0.0956533 -0.11122 0.350431 0.378904 0.194811 -0.19013 0.138497 -0.429999 0.198524 0.458448 -0.115008 0.535852 -0.607399 -0.350477 -0.458508 0.429107 -0.5931 0.0933347 -0.294458 -0.787511 -0.383856 0.341729 -0.749602 -0.459387 0.529576 0.299747 -0.438293 -0.43869 0.323591 0.270955 0.450061 0.0166403 0.393994 0.0967027 0.315949 -0.0678573 0.300206 -0.421242 -0.255071 
charlotte potatoes 0.0471737 0.0369835 -0.261669 -0.319798 -0.446084 -0.394142 0.0615909 -0.153748 0.369178 -0.0949172 -0.493888 0.216419 -0.10304 0.174975 0.275924 0.0516417 0.0277634 -0.507835 -0.425489 0.230226 -0.0338259 0.356232 -0.713384 -0.173306 0.113042 -0.118896 0.0139606 0.398093 0.244657 -0.164845 -0.391329 0.0913706 0.474312 0.530078 -0.0380085 0.357749 0.0398058 0.404413 0.441566 0.378598 -0.095999 -0.257492 0.318915 0.019051 -0.128757 -0.598262 0.138597 -0.128141 -0.230705 -0.557768 -0.269457 -0.0258421 0.339059 -0.208062 0.33886 -0.0546548 -0.167358 -0.393482 -0.25397 -0.15113 -0.21902 0.534139 -0.809445 0.419722 -0.241823 -0.392419 -0.03237 0.384513 0.431633 -0.62558 -0.300347 0.223886 0.241998 0.321543 -0.545315 -0.377609 -0.597597 0.147702 0.179341 -0.084146 -0.548981 -0.392402 -0.639994 -0.28236 0.542101 -0.53372 0.00305626 0.127992 -0.269133 0.907139 0.469787 -0.536796 0.0688678 -0.38163 0.761524 0.316301 0.628814 0.607707 0.322597 0.409359 
Strawberries Romanoff -0.451408 -0.397789 -0.430535 0.205948 -0.32836 -0.428631 -0.0257701 -0.143275 0.041855 0.475183 0.0555408 0.170187 -0.371417 -0.199386 0.112897 0.0040618 0.0742804 -0.486902 0.488819 -0.0859232 -0.00102502 0.113441 0.179183 0.364146 -0.358309 0.444408 0.150267 -0.130989 0.253778 -0.359112 0.397562 -0.0526523 -0.303524 -0.26569 -0.401637 0.0962449 0.123173 0.424191 0.0620462 0.270372 0.220588 -0.436994 -0.287626 -0.219492 -0.159674 -0.114085 -0.0882389 -0.423025 0.436091 0.466023 -0.0759805 0.388507 -0.436064 0.358354 -0.0638371 0.466281 -0.266286 -0.203644 -0.384347 -0.0911665 -0.416282 0.417432 0.208415 -0.0998439 0.0905471 0.459008 -0.0562774 -0.0158439 -0.376847 -0.421466 -0.151026 -0.496343 -0.0276458 -0.358608 -0.403418 -0.166 0.366573 -0.259673 -0.30464 0.28063 0.119965 -0.412403 0.161571 0.319799 0.357815 -0.13216 -0.0344031 0.334746 0.365907 -0.286113 -0.402459 0.237791 -0.366808 0.326873 -0.166972 0.190562 -0.0597274 -0.443715 -0.391542 0.320948 
anchovy fillet -0.574178 0.226798 -0.355362 -0.488375 -0.264902 0.514404 0.424125 -0.231967 -0.171151 0.505868 -0.151024 0.265076 -0.277238 0.194409 -0.196981 0.323628 0.0970028 -0.383226 0.118102 0.384754 -0.464131 -0.426491 -0.254112 -0.085256 0.0724107 0.788819 0.0141401 0.318346 -0.341871 -0.22384 -0.388177 -0.247119 -0.000349655 0.140981 -0.377905 0.240475 0.373931 0.597498 -0.198154 0.0184398 0.22865 -0.54461 -0.188107 -0.239375 0.185526 -0.614487 0.0237354 -0.0916184 0.236213 0.0520462 -0.306244 0.0341052 0.561898 0.178623 0.201466 -0.303555 -0.152339 0.00189057 0.0838839 -0.0721322 -0.172708 -0.0515861 -0.108802 0.193241 0.365573 0.396271 0.202375 -0.184728 0.541806 0.342346 -0.394461 0.260192 0.210935 0.44522 -0.283119 -0.301564 -0.279708 -0.33236 0.00647474 -0.265712 0.42509 0.191613 0.283804 0.460131 -0.420635 0.394643 -0.835355 -0.385435 -0.271088 0.317793 -0.337607 0.0297597 0.0725329 -0.303407 -0.229688 -0.672602 0.319553 -0.327577 0.414222 -0.25797 
egg 0.600454 0.471261 -0.767063 -0.211669 0.402605 0.217976 0.142069 -0.157101 -0.467654 0.0845704 0.421409 -0.151351 -0.0395181 -0.0425895 0.220938 0.177988 -0.523786 0.687547 0.769769 0.640376 0.575539 0.265815 -0.492255 -0.00854224 -0.703925 -0.496035 0.288319 -0.118325 -0.510636 -0.281034 0.223952 -0.25184 -0.0142127 -0.204871 -0.225087 -0.244431 0.128969 0.232648 0.0237701 0.520209 -0.73468 0.579702 0.0498142 -0.701219 -0.906442 -0.0848698 0.195934 0.0875144 -0.632927 0.109981 0.294262 0.357253 -0.496623 -0.58964 0.212268 0.277887 0.158598 0.435411 -0.115947 0.236113 0.11849 -0.143628 -0.330421 0.54127 -0.080572 0.264825 0.735991 0.0108292 0.336372 -0.528712 0.769349 -0.457014 -0.0341361 -0.152762 0.0297555 -0.127805 -1.01029 -0.0575239 0.204508 -0.474617 -0.142844 -0.641362 0.122207 -0.536987 -0.20349 -1.07078 -0.357564 0.306386 0.100377 -0.330402 -1.02816 0.198586 -0.68305 0.556423 0.223117 -0.160033 -0.118325 0.604412 0.253245 -0.702523 
peanut oil -0.173797 0.481124 0.56885 -0.113177 0.660624 -0.231325 -0.471104 0.133178 -0.477337 0.572346 0.231493 -0.408331 -0.51146 -0.0567603 0.597956 -0.235456 0.307045 0.559249 -0.368305 0.654679 -0.426355 -0.14016 0.330952 -0.447424 0.0744528 0.297561 0.212722 0.185495 0.0373213 0.46995 -0.328876 -0.013939 0.201525 -0.364589 0.407053 0.00833685 -0.582345 0.21972 0.377481 0.191494 0.307113 0.15698 -0.338326 0.360925 -0.0135448 0.407544 -0.226657 0.239441 -0.684488 0.360299 0.347373 -0.285371 -0.151967 -0.65306 -0.463036 0.183886 0.330809 -0.216529 0.0217778 -0.530542 -0.159851 0.487159 -0.461107 0.146686 0.0528984 0.205521 0.351983 0.31431 -0.446931 -0.266716 0.258886 0.239971 0.250862 0.343124 0.0611824 0.178558 -0.330577 -0.450067 0.303788 0.0177524 -0.68233 -0.12506 -0.266276 -0.146133 0.246407 0.185155 -0.152738 -0.386431 -0.288737 0.184269 0.108707 -0.424387 -0.635893 0.454298 -0.406523 -0.424366 0.200502 0.802342 -0.460938 0.49982 
bowtie pasta 0.151051 0.0736776 0.0928804 0.0571664 -0.267915 0.588567 0.319521 0.339034 -0.0525614 -0.514291 -0.159078 0.00996398 0.143171 0.57204 0.303395 -0.0833861 -0.438905 0.280994 -0.198214 -0.22776 0.136764 -0.295561 -0.122685 -0.126901 -0.305087 0.317542 -0.273303 0.39321 0.491887 -0.529884 0.221978 0.104758 -0.656564 0.151214 0.209195 -0.604178 0.0355344 0.353573 -0.284737 -0.385735 -0.638316 -0.123557 -0.120854 -0.281954 -0.576493 -0.326818 0.0439182 0.293542 -0.533821 -0.321779 0.0210374 0.577796 0.0031016 -0.00240553 0.376496 0.283369 -0.521364 -0.0767076 -0.0773514 0.00802068 0.370858 0.16867 0.0281905 0.282077 0.0618266 0.552634 -0.119937 -0.223423 0.510783 -0.47841 -0.224831 -0.326598 -0.375584 0.619924 0.127803 0.298682 -0.142713 -0.211738 0.0982901 -0.373797 0.0388148 0.326356 0.204479 0.182038 -0.186258 -0.138306 0.138267 -0.206702 0.180181 -0.221934 0.00230648 -0.231424 0.516552 0.301395 -0.104737 -0.0863745 0.414377 0.0111548 0.347812 0.509719 
white chocolate chips -0.362913 0.177173 0.181631 0.37946 0.469857 -0.442172 0.439936 0.3903 0.354207 0.145133 0.363504 0.233338 -0.181303 -0.756282 -0.221225 0.411415 -0.38586 0.219346 0.279542 0.523186 0.286993 0.209462 0.499264 0.279265 -0.455387 0.0919656 0.17197 0.237605 -0.400588 0.319104 -0.509643 -0.31565 0.109296 0.186391 0.0640041 0.647262 -0.288687 0.351461 -0.150137 -0.048396 0.116245 -0.270376 0.0338773 -0.202004 -0.0505135 -0.0335924 0.113239 -0.348202 -0.401622 -0.128164 -0.292144 -0.169107 -0.117132 -0.242064 0.134271 -0.341168 -0.463544 0.191894 -0.13541 -0.0941774 -0.573623 0.244018 0.203215 -0.418688 0.584417 0.117559 -0.0177309 0.103356 -0.0401448 0.0682432 0.344171 0.368707 -0.370696 -0.236952 0.535538 0.42743 -0.412668 0.157592 0.0203308 -0.311013 -0.399262 -0.341645 0.347464 -0.0289451 0.460479 0.341668 -0.034149 0.489261 -0.695948 -0.402376 0.349052 0.13628 0.0585673 -0.329995 0.150073 -0.361298 0.377073 -0.314634 0.0374228 0.425643 
fresh basil -0.498641 -0.150068 0.0365817 0.190654 -0.135859 -0.149984 -0.558693 -0.0973989 -0.250449 0.0288233 0.422591 -0.498479 0.415999 0.179856 0.0902725 0.0944915 -0.651761 0.0929038 0.0937198 0.768116 -0.152516 0.51382 0.0193193 0.104947 -0.142343 -0.706522 -0.0615408 -0.0401551 -0.173434 0.395114 -0.235833 0.31905 0.481437 -0.299566 -0.422916 0.374697 -0.326734 0.245395 0.208253 -0.394228 -0.505471 -0.390776 0.0626576 0.13063 0.413138 -0.161748 0.180998 -0.17893 -0.209795 -0.50921 -0.101812 -0.0262663 -0.0375919 0.794388 0.00485017 -0.267053 -0.0761666 0.477089 0.547859 -0.291442 0.126539 0.452364 0.0887265 0.0434882 0.347799 -0.386375 0.62955 0.60636 0.142192 0.0676109 0.255681 -0.546544 -0.358914 0.418303 0.147757 0.414132 0.0213878 -0.0653681 -0.295557 0.382636 -0.0503263 0.452625 -0.0814496 -0.295619 0.323683 -0.0318907 0.453655 -0.147949 -0.306985 -0.367156 -0.0551734 0.322061 0.436298 0.0221791 0.575931 -0.194032 0.57399 -0.323406 0.138265 -0.351631 
paprika 0.0497495 -0.400282 0.377197 0.51894 0.108524 -0.423034 0.684035 0.167431 -0.143338 -0.204312 0.497148 -0.31961 -0.25274 -0.302351 -0.0438303 -0.116115 -0.198483 0.432199 0.0628011 0.823151 0.00809943 0.481575 -0.434699 0.0185451 -0.161075 -0.45904 -0.089591 -0.166094 -0.597944 -0.566536 0.461324 0.153278 0.17027 0.510759 -0.370998 -0.213565 0.329002 -0.0458388 0.360164 0.328251 0.949249 0.377703 0.416315 0.324002 -0.202139 -0.289902 0.737675 0.594476 0.191107 -0.310252 -0.614622 0.214392 -0.706551 -0.15707 -0.34084 -0.0719039 -0.0717828 0.0566496 0.352851 -0.11031 -0.577399 0.118432 0.217232 0.384296 -0.088089 0.426124 -0.196858 -0.795982 -0.557034 0.307233 0.306829 -0.0393497 0.354275 -0.440329 0.470842 -0.0374828 -0.269015 0.0364493 0.554816 -0.103885 -0.110945 -0.0359547 0.138084 -0.246276 0.283402 -0.247929 0.260704 -0.0432036 0.487353 -0.126158 -0.601038 0.0992664 0.382259 -0.113257 -0.926369 0.137798 0.468269 -0.221296 -0.418144 0.188346 
almond milk 0.551957 0.0720647 0.311569 -0.147985 -0.191824 0.0746765 -0.347335 0.386288 -0.31351 0.0874822 -0.237673 0.109544 -0.144601 0.0430105 -0.574252 0.217776 0.0669348 0.0427745 0.353191 -0.535494 0.307743 -0.360584 -0.438167 0.325018 0.13214 -0.569968 -0.0239788 -0.508145 0.212509 0.293993 -0.496834 0.260181 -0.068551 0.0239032 0.340423 -0.136368 -0.297679 0.353344 -0.334053 -0.312687 -0.558759 -0.386791 0.0197396 0.00877444 -0.299772 -0.113011 0.143535 -0.0402573 0.379293 -0.00260507 -0.552226 -0.141832 -0.170101 -0.387062 0.114129 -0.183352 0.360169 -0.613069 -0.199333 0.149282 0.312396 0.493157 -0.166011 0.461126 0.365775 0.0438412 -0.14528 0.275286 0.0519516 0.0307292 0.0605435 0.458443 -0.187339 0.0097293 -0.252767 -0.133061 -0.25677 0.026024 0.347469 0.416882 0.163097 0.101993 -0.0440454 -0.0628997 -0.188266 -0.394461 -0.705894 0.160147 -0.338012 -0.439778 -0.529914 -0.0421241 -0.151709 -0.241425 0.180642 -0.32102 -0.431952 0.720474 -0.426284 -0.290342 
green olives 0.432502 -0.826423 -0.333408 0.185266 0.280753 0.28636 -0.618433 0.0172139 -0.364404 0.112314 0.295255 -0.0138712 0.557088 -0.208524 0.23507 -0.196378 -0.502762 -0.114261 0.539417 0.771259 -0.214479 -0.208302 -0.180291 0.0824513 -0.0155014 -0.631404 0.27642 0.0208158 -0.368805 0.333387 0.309452 0.0324752 0.116419 -0.576084 0.217512 -0.509153 0.109945 -0.0462468 0.458066 -0.0777804 -0.0919754 0.394716 0.160976 -0.215639 -0.312626 0.18983 -0.0437906 -0.422039 0.399955 -0.412095 -0.252584 0.212229 -0.330463 0.519029 0.137199 -0.542448 -0.0978365 0.0431137 0.0913411 -0.0205107 -0.144692 0.300564 -0.22252 0.206475 0.010238 0.158472 0.055245 0.248055 0.347444 0.282831 -0.350758 -0.198555 0.503888 0.160748 0.524431 0.33866 0.150479 0.0377754 -0.43453 0.44785 -0.0821893 -0.0337498 0.427569 -0.286331 -0.220406 0.0366193 -0.0554483 -0.18802 -0.294605 -0.107326 0.289311 -0.200176 -0.122355 0.441403 0.0938234 0.281559 -0.378432 -0.0584177 0.565115 -0.116111 
cumin -0.0706061 0.179689 0.0930088 0.633419 -0.339401 -0.0720294 0.731657 0.178704 -0.637761 0.792783 -0.580407 -0.306085 0.517115 0.291703 0.337267 0.418097 0.262722 0.574733 0.99584 0.552521 0.175088 -0.573207 -0.181684 0.135487 -0.0580122 -0.514295 0.113895 0.467833 0.817474 -0.140555 0.22339 0.533217 -0.158511 -0.155325 -0.261373 -0.192233 0.467847 -0.269688 0.33943 -0.0286507 -0.0713203 -0.361715 -0.0268815 -0.0695793 -0.300536 0.13546 0.537582 0.274379 -0.147091 1.00872 -0.262484 -0.259655 -0.388092 -0.181395 0.819344 -0.626082 -0.702987 -0.418282 0.556151 0.458989 -0.353186 0.542662 -0.313439 0.488915 0.124718 -0.653688 -0.282616 -0.801439 -0.562455 0.740754 0.613957 0.0103206 -0.275186 0.236652 -0.309568 -0.0687083 -0.47834 0.0263995 -0.678055 0.162976 -0.412371 -0.11491 -0.689883 -0.378366 0.441473 0.47795 0.554593 0.616336 -0.180898 0.26827 -0.0567691 -0.243413 -0.298194 0.221272 -0.172665 0.320224 -0.307727 -0.406397 -0.368694 -0.259618 
minced pork 0.188962 -0.0407094 -0.183424 -0.45203 0.256079 -0.0382552 0.159916 -0.00775885 0.0974164 -0.475533 -0.258323 0.321296 0.108645 0.265394 0.184538 0.292001 -0.13631 -0.493902 -0.156101 0.242246 -0.394032 0.346731 0.171912 -0.0451501 -0.466342 0.129509 -0.356665 0.0777323 0.0351268 -0.279045 0.218082 -0.310434 -0.440696 -0.0409833 0.238852 0.442467 0.390558 -0.492494 -0.19735 0.389038 0.191687 -0.495461 0.314431 -0.357555 -0.19231 -0.280884 0.438838 0.0781041 0.30127 -0.441955 0.0335689 -0.228338 0.163249 0.335031 -0.103752 0.398344 0.353757 -0.300047 0.379606 0.277895 0.185946 -0.473661 0.498142 -0.0338567 -0.0154374 0.10751 0.429818 0.179985 -0.207939 0.425501 0.347674 -0.00970654 0.488604 -0.239271 -0.366304 -0.43466 0.410288 0.0126784 0.388445 0.486249 0.0990211 0.289237 -0.234046 -0.449372 -0.357102 -0.223496 0.240393 -0.340454 0.41765 -0.458774 -0.380856 -0.156008 -0.0416547 0.21125 0.118568 -0.38882 0.448338 -0.463758 0.0676052 0.266199 
green red lentils -0.31001 -0.389495 -0.613627 0.397627 0.131978 0.211786 0.35581 0.278453 -0.348826 -0.0196848 -0.111412 0.476902 -0.240422 -0.264655 -0.640667 0.401755 -0.308703 0.515668 0.29416 -0.289277 -0.148234 0.171359 0.121465 -0.00949026 0.108077 0.668516 -0.0737012 -0.370797 0.441139 -0.128097 -0.333319 -0.681597 -0.301709 -0.349864 0.396356 -0.11481 0.159925 0.150935 -0.46651 -0.214484 -0.918106 0.108419 0.255867 0.456391 -0.107695 -0.339773 0.206508 -0.166581 -0.439584 -0.344429 0.231581 0.185917 0.287304 0.243494 0.301259 -0.327504 0.0575352 0.360808 0.442709 0.00270877 0.362022 -0.445694 -0.141059 -0.131936 0.403712 -0.281489 0.265074 -0.253146 0.0185855 0.585352 0.644371 0.446728 -0.0297804 -0.130901 -0.2869 -0.172191 0.330101 0.0738736 -0.258258 0.122333 -0.0562998 -0.314603 0.30605 -0.16891 0.199596 0.391584 -0.27419 -0.263724 0.286029 0.286485 0.135234 0.140665 0.0859096 0.302491 -0.520911 0.0418429 0.0344499 0.360134 -0.0424844 -0.252639 
Grilled eggplant with coconut milk 0.151218 0.306768 0.147764 -0.342608 0.292758 -0.126848 -0.445953 -0.328028 -0.206876 -0.382278 -0.496713 0.348417 -0.145526 0.217064 -0.270139 0.0938104 -0.163908 -0.263024 -0.407955 -0.299123 -0.443325 -0.142621 -0.46728 -0.285277 -0.431913 -0.358167 0.155634 0.0170637 -0.252446 0.0432799 0.317674 -0.292674 -0.0334044 -0.410988 0.454036 0.0949267 0.454843 0.487685 -0.0832849 0.334572 0.293264 0.0902231 0.0112823 0.280304 0.376003 0.0699404 -0.428434 -0.0871808 0.41756 0.394166 -0.378598 -0.267523 0.313055 0.201674 0.017134 -0.0671135 0.378132 0.157401 0.275107 -0.459044 0.301151 0.106347 0.255194 -0.17369 -0.491836 -0.49158 -0.224524 0.349437 0.266632 -0.272068 -0.236835 0.0149348 0.469997 -0.0732915 0.000700925 -0.0986111 -0.0845006 0.231761 0.304016 -0.353054 0.248938 0.287783 -0.291337 0.498491 0.0735478 0.112576 -0.192442 0.105778 0.343067 0.261928 -0.336813 -0.251087 0.19891 -0.404489 -0.282026 0.263292 0.160036 -0.428182 -0.154744 0.139865 
red chilli -1.03316 0.320322 0.126159 -0.220589 0.416948 -0.586225 0.128928 0.262622 -0.403327 -0.215909 -0.198632 0.0107462 -0.4438 0.440635 -0.324022 -1.04945 0.161243 -0.0765662 0.24832 -0.205409 0.335103 -0.369644 -0.415217 0.426504 -0.489399 -0.460707 -0.0282543 0.684348 0.390521 0.136192 0.18913 -0.0706008 0.0275571 -0.388889 -0.417761 -0.329928 -0.68235 0.0555994 0.243425 -0.0496121 -0.459114 -0.616051 -0.402497 -0.144072 -0.183372 0.229021 0.367265 0.0496749 -0.205635 -0.491603 -0.186699 0.191562 0.507361 -0.226104 -0.386583 -0.0450362 -0.38961 -0.361071 0.164847 -0.66506 0.047135 -0.271395 -0.622154 -0.261013 -0.0449018 0.328519 -0.212787 -0.0273415 0.464755 0.549635 0.0797907 -0.60596 -0.379748 0.00993319 0.09055 -0.376523 0.119682 -0.286596 -0.421882 0.232169 -0.556902 -0.244006 0.455091 -0.345514 0.48863 0.241991 -0.297221 0.448258 -0.522934 0.165747 0.412062 0.174877 -0.621419 0.253431 0.493492 0.0190958 -0.307856 0.0950401 -0.77113 -0.248261 
Beef Wellington -0.233922 0.373095 -0.0497739 -0.485494 0.328159 -0.539445 0.132511 -0.0568689 0.448524 0.455352 0.131007 0.0435814 0.483064 -0.510594 0.490951 0.0150494 -0.689078 -0.179295 -0.316485 -0.366819 -0.015202 -0.564224 -0.179968 -0.357839 0.529962 -0.239574 -0.383384 -0.0890677 0.37756 0.371565 -0.406238 -0.140305 0.32071 0.174077 0.150783 -0.305422 0.0775426 0.357525 0.0220716 0.259869 -0.450444 0.0927241 -0.563446 0.471144 0.179516 -0.163286 -0.299359 -0.369282 0.264 -0.0504258 -0.144873 0.372094 -0.106937 -0.183072 -0.0926954 0.650445 -0.652699 -0.0631065 0.254747 0.294769 0.277768 -0.0370085 0.484972 0.286672 0.0185852 0.166173 0.0931366 0.116995 -0.291976 -0.544867 0.396246 0.114196 -0.0820206 0.445022 -0.0238164 -0.465 -0.369619 -0.5627 0.0934464 -0.0744924 0.10067 -0.493248 0.185517 0.368332 0.386732 0.336838 0.429611 -0.0658833 0.0516985 -0.371239 -0.577189 0.0741471 0.0568858 -0.579494 -0.298172 -0.210198 -0.144292 -0.0760727 0.11747 -0.284692 
hot beef stock -0.20839 0.0104441 0.0988871 -0.0529895 0.316469 -0.297981 0.359123 -0.342244 -0.18101 0.315293 -0.211051 0.318914 0.744651 -0.061421 -0.666502 0.0428946 0.621248 -0.036164 0.593171 -0.222881 0.645338 -0.579135 0.576486 0.25622 -0.66256 -0.435378 0.0538381 0.102146 0.161742 0.677304 -0.420462 -0.218241 -0.496077 -0.104665 0.302544 -0.284466 0.44371 -0.262849 0.140281 0.0575453 -0.066636 0.0497925 0.272129 -0.358557 0.0879773 0.41587 -0.0720724 -0.281227 -0.349695 -0.201959 -0.0989436 0.258617 -0.443958 -0.53514 -0.231842 -0.0788726 0.0489286 0.297147 0.343865 0.276861 -0.234545 0.00600783 -0.0194819 0.248507 -0.499077 0.451354 0.347006 -0.0308653 -0.0700489 0.798553 0.21711 -0.531152 0.196955 -0.464914 -0.250708 0.339273 0.24359 0.254958 0.297772 -0.114866 -0.548509 0.335891 0.0236877 -0.0454735 0.0868024 0.112513 0.0205962 0.0390762 0.0493667 0.244731 0.0292344 -0.462811 -0.0252386 -0.631258 0.327676 0.26501 -0.100177 -0.522303 0.36025 0.00601886 
lasagne sheets -0.39023 0.453457 -0.459439 0.104217 0.607515 -0.466304 -0.281559 -0.316734 0.012311 -0.0335775 0.294052 0.245823 -0.184793 -0.419374 -0.381726 -0.0883702 0.199118 -0.102114 0.0749251 -0.0624984 0.667498 -0.344744 0.577749 0.227706 -0.253253 0.535134 0.060968 -0.159312 -0.216469 0.0285832 0.283571 0.298161 0.418941 0.175691 -0.460863 -0.20795 -0.238157 0.133199 0.160425 -0.450341 -0.241677 0.0173608 -0.100755 0.0826735 0.25059 -0.0840483 0.609353 0.243142 -0.264554 -0.407184 -0.264045 0.105895 -0.206613 0.424633 -0.481492 -0.402487 0.301658 0.0946174 0.617154 0.276056 0.188211 0.0820029 -0.358686 0.195504 0.27891 -0.31651 0.4427 0.0332867 0.172807 -0.131964 0.354138 -0.370026 0.200399 -0.393306 0.389714 0.268598 -0.200334 -0.100515 0.454209 -0.301621 -0.606652 -0.434137 -0.287021 -0.217288 -0.149239 -0.230437 -0.311959 -0.635531 0.551679 -0.178672 -0.133638 -0.170997 -0.643841 -0.234602 0.125807 0.237215 0.105849 0.392303 0.273013 -0.364395 
Spicy Arrabiata Penne 0.105126 0.14561 0.385758 -0.269309 0.499524 0.0310357 0.280542 -0.251041 0.0189 -0.212427 -0.333373 0.0319472 0.196607 0.361974 0.00747898 0.389508 0.543792 -0.205351 -0.0540253 0.0573392 0.370887 0.13113 0.539981 0.350808 0.298791 0.140177 0.219132 0.467353 0.47403 -0.0432012 0.204413 0.484099 -0.345058 -0.558895 0.491131 0.187746 -0.301947 0.222008 -0.184003 -0.361438 -0.44547 -0.387814 0.0994156 -0.0236512 0.124796 0.0656014 0.554684 -0.298319 -0.0582913 0.49497 0.334929 -0.0569122 0.0504301 0.357763 -0.483319 -0.070147 0.225696 0.392923 0.45637 -0.128675 0.513364 -0.159029 -0.191384 -0.0334058 -0.586588 0.063274 -0.0589973 0.196774 0.29903 0.291319 0.559268 -0.098399 -0.445914 0.333133 0.349076 0.44817 0.330086 -0.241093 -0.25857 -0.583343 0.296427 -0.228435 0.126093 0.0420281 -0.0261204 0.221434 -0.0798398 0.341782 0.580978 0.129449 -0.508134 0.347901 0.201179 -0.513935 -0.0627007 -0.160979 -0.0273386 -0.183439 -0.281348 0.563047 
swede -0.271292 0.102221 -0.080162 -0.462313 -0.476744 -0.411055 0.051989 0.166538 0.484031 0.410611 -0.0273342 -0.316828 -0.119156 0.288021 0.0167465 -0.324573 0.0249282 0.405458 -0.262686 -0.0179008 0.29216 -0.264723 -0.409752 0.297197 -0.0918667 -0.109947 0.342378 0.372137 0.424191 0.109312 -0.182545 -0.229638 0.0208654 -0.0463102 0.397575 0.243122 0.268517 -0.00661568 -0.445724 -0.13122 -0.126153 -0.282728 -0.456244 -0.342076 0.399552 -0.223275 0.39506 -0.279224 -0.161027 0.497557 0.450713 -0.413396 0.101504 0.0750091 -0.265312 0.162965 -0.293157 0.0366728 0.156913 -0.179 0.190767 0.414841 0.320614 0.434075 0.113039 0.463504 0.431075 -0.126175 -0.293787 -0.115616 -0.143118 -0.317635 0.352889 -0.121686 0.401987 0.101501 0.263226 -0.363319 -0.101113 0.195966 -0.0549148 -0.374758 0.41343 -0.0931883 0.445914 0.44765 -0.407601 -0.350248 0.168809 -0.156909 0.445677 0.278737 -0.207775 0.28852 -0.178099 -0.0604224 0.144406 0.369262 0.297435 -0.370745 
soya milk -0.4826 0.040445 -0.309323 0.177372 0.00810618 0.53318 -0.0973867 -0.545666 -0.0282571 -0.248644 -0.28234 -0.26951 0.214089 -0.438387 0.00796478 0.439374 -0.571187 0.176725 -0.507359 0.614314 -0.215349 0.0854076 0.168948 -0.39401 -0.407864 0.247369 -0.108288 0.452745 -0.193408 0.534987 0.0655434 -0.267029 -0.114883 0.334355 -0.446574 -0.64775 0.164296 0.284203 -0.327876 0.285859 -0.214561 0.0989812 -0.0192312 0.0719519 0.161539 0.475949 0.149832 -0.0130975 0.1137 0.389857 0.430671 0.239601 0.0437974 0.622745 -0.611209 0.133483 -0.220979 0.39851 -0.174102 -0.461188 -0.215182 0.18029 0.495116 0.745869 0.12719 0.444795 0.220083 -0.253286 0.341038 0.314563 0.281202 0.144975 0.259465 0.26215 -0.153598 -0.231456 0.175979 0.302614 0.139172 -0.524284 -0.153165 -0.123313 -0.234343 0.625169 0.295932 -0.718598 0.111717 -0.212266 -0.0728495 -0.281986 0.00448572 0.187795 -0.369535 0.278416 -0.12247 -0.0700438 -0.0850624 0.258415 -0.271584 0.308904 
plain flour 0.619023 0.460937 0.910433 -0.085215 -0.180757 -1.09815 0.972833 -0.588456 -0.469745 -0.847724 0.502404 0.363285 0.941819 0.86771 0.232617 0.396365 -0.0419312 -1.00507 0.595648 1.00877 0.3824 0.0948847 0.953079 1.05447 -1.15 -0.583316 0.740106 0.016121 -0.25709 0.300482 -0.508915 1.07315 0.551817 0.831307 0.138467 -0.646947 -0.695294 -0.152493 0.624008 1.19685 0.213189 -0.22067 -0.343061 -0.419473 -0.408989 -0.0264229 -0.192127 0.229154 0.357475 0.242183 0.220652 -0.439829 -0.113877 -0.0846174 -0.368182 0.29049 -0.166115 0.135046 0.189986 -0.00993454 0.479128 -0.0183006 -0.656061 0.761581 0.36232 1.04583 0.0842841 -0.267221 1.31165 0.0185565 -0.517603 0.806119 1.08507 -0.430824 -0.281159 0.815766 -0.637533 0.631999 -0.373005 0.0732461 -0.192312 0.232546 -0.0722725 -0.271404 0.696355 -0.926208 -0.962075 0.545825 0.35042 0.0294104 0.787786 -1.40712 0.220035 0.00298389 -0.356092 -0.0849593 1.07496 0.856375 -0.785995 -0.544102 
vegan butter -0.639024 -0.19132 0.0783025 -0.0928591 -0.239193 0.410031 0.141871 -0.420396 0.127176 -0.166505 -0.173234 0.141636 0.221782 -0.308807 -0.577492 0.303624 -0.0569508 0.57875 -0.336444 -0.520388 0.0400868 0.636991 0.33895 -0.361712 -0.297675 -0.10381 -0.558653 -0.0798663 0.175765 0.375204 -0.0226611 -0.189997 -0.193044 0.489195 -0.310512 -0.355111 -0.443204 0.651106 0.176952 0.0863696 -0.264583 0.321269 -0.179726 0.362986 0.452169 0.368234 -0.0826113 -0.341201 -0.0635392 -0.155297 0.431286 0.0181434 -0.251152 0.69379 0.0298261 0.00163938 0.262476 -0.26478 0.205635 0.32582 0.589885 -0.67827 0.260305 0.600243 -0.302019 -0.24264 -0.216116 -0.161255 0.372046 0.406288 0.0803371 0.360794 0.186733 -0.241411 -0.332749 0.0882059 -0.804669 0.291332 0.223579 -0.440788 -0.165828 -0.648434 -0.000447167 0.646973 -0.182843 -0.570596 0.286612 0.255479 0.446821 -0.168617 -0.387539 -0.351878 0.298951 -0.24663 0.533491 0.231637 0.651512 -0.129032 0.0237682 0.490741 
pears -0.45801 -0.487537 0.270898 -0.443362 0.0989674 0.010761 0.0972859 -0.0483926 -0.438787 0.146879 0.00362552 -0.33712 -0.0887517 -0.467648 0.166519 -0.448696 0.317369 0.395969 -0.39549 0.172539 -0.382134 0.362193 0.264918 0.0474135 -0.304484 0.423674 -0.207024 -0.0437393 0.446678 -0.167978 0.468949 -0.152733 -0.424384 0.294882 -0.261926 0.192576 0.283715 0.119159 0.351903 0.177173 -0.135386 -0.110939 0.0192355 0.210047 0.363145 0.0467076 -0.310685 0.433456 -0.257272 0.00140243 -0.024596 0.286487 -0.417607 0.239713 -0.21957 -0.166115 -0.0377316 -0.489585 -0.453419 -0.435109 0.166703 -0.178411 -0.133296 0.372606 0.350788 0.333041 0.377556 -0.427623 -0.48177 -0.361432 -0.119787 0.357985 0.310475 0.169706 -0.35192 -0.259519 -0.45558 0.487166 -0.487178 -0.0506504 -0.19539 -0.340948 0.395408 -0.193185 0.315452 -0.126296 0.394934 0.114324 -0.0921338 -0.0536877 0.0853567 -0.398181 0.30146 0.198893 0.105853 0.242336 -0.480331 0.281777 -0.243024 0.102085 
cheese -0.106561 0.173096 0.0985304 -0.375446 0.021894 0.0170546 -0.0911918 0.259036 -0.607603 0.321206 0.46375 0.107837 -0.34996 0.400803 0.00470957 0.584686 -0.336322 0.178018 0.181771 0.563567 -0.143731 -0.318701 -0.245222 0.448642 -0.338636 -0.157182 -0.237583 0.294989 -0.420221 -0.0974788 -0.0148179 0.352722 0.205361 -0.252611 0.0333057 0.310445 0.219337 0.224615 0.430009 0.145915 -0.383704 0.129144 0.351158 0.635267 -0.137174 0.350466 0.261313 -0.100934 0.73192 0.0573548 0.326885 -0.0400563 -0.411241 0.685138 0.137327 -0.152414 -0.0484402 -0.307382 0.340884 0.353088 -0.388967 0.0222867 0.0354457 0.13535 -0.618669 0.503583 -0.213314 -0.637651 0.218328 0.553782 0.127045 -0.427784 -0.228548 0.617687 -0.0874593 -0.183968 0.062978 0.180105 0.486734 0.287039 -0.00208257 -0.205816 -0.0460873 0.159035 -0.14228 -0.56466 -0.349108 0.547668 0.242785 0.478883 0.323287 0.108583 0.565968 0.467524 -0.286456 0.486725 0.339763 0.378829 0.52545 0.305902 
onion -0.611685 0.0926693 0.52175 -1.63472 -0.146913 0.772807 1.13145 1.29035 0.187147 0.448589 0.808313 -0.639271 1.05127 -0.375231 0.0519865 -1.46911 -0.294947 -0.551961 0.244285 0.0263307 1.34572 0.778609 -0.165263 -0.0875576 0.0573345 -0.818056 0.377633 0.418768 0.00096198 -0.343329 0.466099 0.370185 0.994461 -0.146088 0.0657645 0.667769 0.0114392 -1.62023 0.0546714 0.419452 -0.160843 0.278624 1.39745 -0.69903 -0.388876 0.492119 -1.51485 -0.578566 0.372478 0.10139 0.732226 0.399421 0.231875 0.0915148 0.948341 0.756291 0.461809 -0.247734 2.08646 0.609094 -1.07477 1.39288 -1.07669 0.584812 0.522672 0.617298 0.440843 0.123326 -0.930469 0.727061 0.140369 0.685819 1.37487 0.783437 0.0453648 0.269486 -0.816004 0.666815 -1.10024 0.74266 -0.775945 -1.45306 -0.976831 -0.874863 0.230531 0.916214 -0.013233 1.06633 -0.113024 0.175529 -0.627859 -0.369425 1.11981 -0.746844 0.785328 1.44987 0.674533 -0.418684 0.696679 -0.587692 
French Onion Soup -0.0116975 0.23161 0.219128 -0.416899 0.407139 -0.384589 0.124677 0.322111 0.225727 -0.165867 0.487451 0.28503 0.369444 -0.188475 0.362246 -0.149737 -0.370359 -0.24012 -0.448971 -0.221254 -0.427159 -0.272238 -0.203181 0.302349 0.313436 -0.484316 -0.187699 -0.0450071 0.244697 0.0579443 0.495313 0.118639 0.395112 -0.224536 -0.188923 -0.326003 0.0017833 -0.294607 0.10914 -0.414722 -0.12539 0.120413 0.275845 0.0100505 0.244047 0.00855605 -0.166409 -0.130267 -0.212826 -0.182177 -0.499345 -0.344157 -0.457329 0.315285 0.269442 0.000846749 -0.382565 0.497562 0.395756 0.184427 0.400774 0.0829327 -0.282945 -0.0272933 0.223994 0.0544379 0.421316 -0.351935 0.487123 0.335706 -0.397469 -0.209696 0.498703 0.387993 0.321239 0.349405 -0.201829 0.30654 -0.480507 0.306105 -0.446398 -0.352017 0.462817 -0.220162 0.289515 -0.0683562 -0.410917 0.460034 0.0774508 0.336026 -0.19349 0.207049 -0.0967573 0.266952 0.189262 0.158625 0.329 0.00635362 -0.154545 -0.192972 
zucchini -0.109216 0.49402 -0.105925 -0.0405994 -0.390939 -0.278172 0.420386 -0.0621499 -0.0364482 0.322564 -0.615968 0.0789408 -0.334673 -0.0787489 -0.0474116 -0.212031 0.291265 -0.15955 -0.0196459 0.510276 -0.15635 0.364274 0.494594 -0.225284 0.435898 0.347055 -0.221735 -0.0878317 0.529081 0.223854 0.418074 0.10265 0.294859 0.199092 -0.205461 -0.15431 0.211164 -0.059964 -0.21775 -0.283118 0.203714 0.195579 0.11697 -0.580037 -0.0133599 0.537919 0.279658 -0.529498 0.382185 0.126088 0.524386 0.341752 -0.0716435 0.359051 -0.00786613 0.25963 0.115536 0.0750946 -0.330676 0.544128 2.99945e-05 0.241466 -0.261891 0.643373 -0.230552 0.299003 -0.113258 -0.163177 0.42371 0.247651 0.349793 0.337562 -0.166166 0.613352 -0.139749 0.183093 -0.206799 0.039823 0.262348 -0.27648 -0.193337 -0.281104 -0.00527766 0.379266 -0.0144346 0.187248 -0.350216 0.374535 -0.601007 -0.469806 0.390742 -0.477141 0.0542783 0.495413 0.0552322 0.072253 -0.331891 -0.078287 0.135565 0.164111 
spring onions -0.199007 0.0236762 0.238207 0.514364 -0.358814 -0.421304 -0.0378698 0.703293 0.506768 0.277317 0.613178 0.126061 0.342392 -0.181454 -0.338729 0.416844 -0.187127 0.0233521 -0.456123 0.210153 0.0427554 0.0771665 0.661423 -0.433485 -0.186159 0.160714 0.294708 0.105865 -0.393385 -0.231249 0.23906 -0.240699 0.193422 -0.161908 0.072288 -0.396213 0.187428 -0.740749 0.689202 -0.0641722 -0.458272 0.274929 -0.348137 -0.00705169 0.300565 -0.34315 -0.227452 -0.136868 0.162683 -0.12601 -0.128878 -0.148789 -0.304935 -0.0816585 -0.405002 0.244835 0.0880884 -0.512745 -0.464888 0.621342 -0.357153 -0.341783 0.426559 -0.180794 -0.200619 0.570027 0.496556 0.344934 -0.204919 -0.586732 -0.248342 -0.426622 0.214766 0.162026 0.272916 -0.358452 0.255751 0.718904 -0.459945 0.174681 0.266681 0.220682 -0.0577368 -0.176006 -0.692377 0.26752 -0.181237 0.223902 0.00594991 -0.174301 -0.485892 -0.146831 0.703847 -0.27372 0.282705 -0.514658 0.168108 0.0684288 0.380382 -0.181254 
milk 0.367612 0.0589316 -1.16116 0.0226233 0.878384 0.386815 1.12568 -0.374693 0.496476 0.232207 0.709602 -0.267863 1.08224 -0.328412 0.0480033 -0.347605 0.530311 0.699773 0.589718 1.01779 0.338657 1.03464 -0.0144533 1.47003 -1.16725 0.916604 -0.0461498 0.0327315 0.0256169 -0.203347 -0.0845642 -0.364152 -0.620749 0.265078 0.191088 0.290569 -0.112169 -0.445938 -0.0617136 1.23625 0.0870547 -0.0344414 0.437687 0.599601 -0.577353 -0.826535 0.484639 -0.491062 0.0902627 -0.0524212 -0.546783 -0.323514 -0.128676 -0.194834 -0.40548 0.413469 -0.0642908 0.571029 0.42103 0.594272 1.24331 -1.40276 -0.514266 -0.0372432 0.128983 0.207694 0.374219 0.0798352 -0.0188095 -0.285735 0.261339 -0.380709 -0.80268 -0.213953 0.175103 -0.219504 -0.0945905 -0.63469 0.489974 -0.708556 -0.380099 0.18571 -0.270091 -0.082287 1.13825 -0.204944 -0.0505234 0.373673 0.295698 -0.512356 0.419757 0.470933 0.686563 -0.0670471 0.966207 0.972751 -0.173764 -0.341878 0.0269176 -0.840781 
garlic sauce -0.508657 -0.432583 0.612815 -0.54872 0.110946 0.237413 0.354467 -0.0194134 0.547471 -0.524174 -0.485695 0.0734236 0.970517 0.54034 0.427499 -0.299874 0.0271029 -0.653816 -0.0249705 -0.0868498 -0.169136 -0.0147074 -0.12303 0.324393 0.654167 -0.378523 -0.581167 0.158079 0.439421 0.38112 -0.257178 -0.103762 -0.254834 0.375378 0.130544 0.077406 -0.538143 -0.341041 -0.28555 0.398823 -0.321134 -0.112997 -0.35973 -0.221132 -0.247433 -0.46188 0.178528 0.332566 0.612692 0.118422 -0.287988 0.0137478 0.345735 0.49638 0.491275 0.633193 0.479312 -0.0472622 -0.160964 0.549613 -0.0964305 -0.254373 -0.485072 -0.246781 -0.0634018 -0.0233998 0.0299941 -0.247129 0.57187 -0.313269 -0.278676 -0.0109023 -0.0563327 0.193563 -0.097816 -0.561893 0.198428 -0.186635 0.0133759 0.2976 0.31402 0.706963 0.160403 -0.142617 -0.105754 -0.290065 0.678562 0.349975 0.0401598 -0.0739096 0.373137 0.353499 -0.231523 -0.544909 0.228263 -0.349033 -0.111531 0.0151821 -0.654296 -0.29152 
plain chocolate 0.171923 0.511128 0.115788 -0.414717 -0.204923 -0.150589 0.201672 -0.282139 -0.0146031 -0.0578818 0.565418 -0.445957 -0.330476 0.332646 -0.305477 0.355522 -0.443432 0.226055 0.237699 -0.239895 0.305556 -0.380978 -0.558792 0.0588391 0.495156 0.57075 0.0183625 -0.393508 -0.341788 -0.0324841 -0.0998475 0.56419 -0.308435 -0.0464968 -0.0836203 0.416071 0.539769 -0.278425 -0.133452 0.129007 -0.427117 0.304792 -0.0807906 0.641529 -0.0828118 -0.544546 0.342471 0.471056 -0.328956 0.198828 -0.0338423 -0.632805 -0.0789938 0.0221782 0.295718 0.229503 0.0868007 0.378974 -0.10213 0.412727 0.189009 0.392181 -0.239941 0.338831 0.144348 -0.235998 0.361603 0.400126 -0.156724 0.113515 -0.183411 -0.426271 0.0368005 0.271551 0.430288 -0.55064 0.371771 -0.0527719 -0.574271 0.564751 0.156314 0.291306 0.0524004 -0.256772 -0.472111 -0.445516 -0.156337 -0.122036 0.0428713 0.0800135 0.163784 0.370572 -0.0817814 0.0444879 0.653362 0.223184 0.150366 -0.275584 -0.174677 0.0837456 
water -0.321166 -0.45057 0.468857 -0.456203 -0.253066 0.303682 0.507387 -0.305134 0.0825333 0.729714 -0.0390056 0.771667 0.260987 -0.774801 -0.979139 0.265701 0.31049 -0.222019 0.910476 -0.501908 -0.457941 -0.327631 -0.312077 -0.0775897 -0.00282228 -0.512366 0.227445 -0.302128 0.0719944 -0.511568 -0.476238 0.852053 0.689461 0.324779 -0.324459 -0.347117 -0.188776 -0.879102 -0.102162 0.690955 -0.0994547 0.331324 0.873088 0.568722 0.800811 0.527844 -0.433117 -0.0938919 0.574995 -0.283422 -0.162152 0.1438 0.121638 0.421669 -0.572357 -0.13629 0.198656 0.370315 -0.0367466 -0.408124 -1.07581 0.229954 -0.023527 0.466052 0.0108495 -0.338926 0.328028 -0.2669 0.18311 -0.282679 -0.347389 0.153661 -0.167965 -0.0957038 0.136901 -0.260452 0.0306172 0.391803 -0.662074 0.114527 0.0438654 -0.119368 0.755709 0.338444 0.256698 -0.923533 -0.142185 0.762078 -0.261386 -0.251924 0.306909 -0.39488 -0.485111 -0.187057 -0.400783 -0.235439 0.121199 -0.0957075 -0.548048 0.326294 
shredded mexican cheese 0.290566 -0.389657 0.15965 -0.37736 -0.270271 0.0267796 0.497423 -0.273798 0.237196 -0.198122 -0.348917 -0.0640479 0.268965 -0.128331 0.0320473 -0.175539 0.0715241 -0.00769056 -0.269824 0.0169759 0.121819 -0.119835 0.564943 0.216893 0.0330318 0.0463527 0.0812457 -0.155367 0.327271 0.238974 0.138157 0.0540962 -0.0801922 0.114654 0.425237 -0.0559867 0.193875 0.413663 -0.200569 0.0269063 0.332198 -0.538038 -0.1523 -0.406633 0.630581 -0.132223 -0.354725 0.328431 -0.187596 -0.089437 0.556952 -0.446011 0.046879 0.347109 -0.0409691 0.123247 -0.0727353 0.376089 0.369966 0.190498 -0.393007 -0.592382 0.314724 0.0259763 0.0899489 -0.290247 -0.200388 0.0403195 0.288869 -0.338738 -0.132596 -0.250915 -0.225118 -0.131495 -0.0796045 -0.530765 -0.319345 0.452971 -0.131544 0.000174807 -0.308643 0.00833479 0.201093 0.22918 0.481263 -0.413143 -0.261374 -0.432387 0.201478 -0.539819 0.473594 0.458659 0.388739 0.209173 -0.313472 0.399714 0.260483 0.288166 0.166324 0.135547 
lentils 0.0785643 -0.0818558 0.0694589 0.465437 0.270982 0.185081 -0.352668 0.260713 -0.0537066 -0.475688 -0.338302 0.378189 0.221946 0.0845945 0.204747 -0.0838115 -0.461594 0.325325 -0.379616 -0.125406 0.451607 0.386241 0.334448 -0.134571 0.226488 0.202206 0.303076 0.250426 0.151125 -0.293434 0.288181 0.309005 -0.499053 0.497657 0.449101 -0.0941501 -0.0139665 0.0212637 0.458467 0.0811661 0.0779439 -0.401586 0.235392 -0.0547937 0.296381 -0.417283 0.399338 0.385828 0.131305 -0.0925005 -0.0587223 0.249057 -0.398313 -0.256792 -0.49332 0.237205 0.077815 0.360202 0.375074 0.41492 0.396375 0.372806 -0.285447 0.410769 -0.238613 -0.042822 0.207826 0.321003 -0.385291 -0.465573 -0.109112 0.266376 -0.485946 -0.386766 0.20247 -0.0845168 0.268254 -0.337022 -0.22084 0.0861381 0.211712 0.0431569 0.322491 -0.191275 0.423547 -0.497567 -0.0417492 0.274836 0.367545 -0.0608895 0.248373 0.286476 0.111976 0.0292284 -0.398536 0.238439 0.350716 0.402806 -0.366342 -0.363869 
farfalle 0.0366098 -0.371138 0.295006 0.117642 -0.600973 -0.111768 -0.137024 0.248928 -0.0285611 0.393418 -0.0411585 -0.233598 0.251722 -0.352103 0.318704 0.531999 -0.397076 -0.33602 0.094328 0.858873 0.423606 -0.168931 0.50924 0.249393 -0.14382 0.0832601 0.681779 0.209655 -0.297888 0.159682 0.287209 -0.145706 0.227438 -0.287085 -0.362909 -0.436627 -0.0315446 -0.109553 0.185367 0.117954 -0.356455 -0.430003 0.165028 -0.178605 -0.277502 0.213704 -0.0826107 -0.609581 -0.478622 0.352716 0.346952 0.100037 0.12727 0.53647 0.45279 -0.369987 -0.324516 0.613702 -0.0196527 -0.263696 0.0719289 -0.0284105 -0.369038 -0.381557 0.237097 -0.131978 0.199828 0.468551 -0.138484 -0.0949033 -0.0882987 0.355839 -0.121684 -0.3797 0.439748 -0.0724207 0.124118 -0.336104 0.249324 0.00872167 -0.599248 -0.399811 -0.041982 0.326368 0.211503 -0.0390799 -0.120512 -0.00111733 -0.120065 -0.585395 -0.126627 -0.0442984 0.309066 -0.00295754 0.397548 0.512037 0.483727 0.0991855 -0.620494 0.284977 
Matar Paneer 0.0954504 0.406037 -0.0478105 -0.311341 0.330791 0.124087 0.290849 0.112748 0.162419 0.379005 -0.425016 -0.487976 0.203402 -0.298677 -0.382862 0.205575 0.300204 -0.42059 0.328903 0.185521 -0.0996103 0.285045 0.214988 0.257462 -0.172898 0.183788 -0.159586 0.0173638 -0.334956 -0.217137 0.183528 -0.498717 0.162453 0.241707 0.495602 0.359444 0.451635 -0.211805 -0.0563969 -0.00533078 0.194646 -0.326005 0.329172 -0.0158501 0.43521 0.0203743 -0.190735 0.163793 -0.092106 -0.295346 -0.457084 -0.247778 -0.296438 0.332248 -0.105532 -0.0204633 -0.0022129 -0.0756847 0.0838032 -0.353258 0.371061 -0.463799 0.475356 0.178233 0.0752897 -0.0395288 0.258606 -0.216476 -0.349313 0.296055 -0.324594 -0.349463 -0.203965 -0.129587 0.291134 -0.302356 -0.0961608 -0.107061 0.398477 -0.199914 0.0753942 -0.352919 -0.456446 0.24761 0.0596984 0.0594958 0.413226 0.214683 -0.198288 0.0277734 -0.0512986 0.336617 -0.29464 0.106549 0.0029398 0.220665 0.06538 -0.262088 -0.153706 -0.252173 
roasted vegetables 0.0785237 0.0591605 -0.424993 -0.0533046 -0.191628 -0.145666 0.369766 0.160401 0.0943378 0.373344 0.154904 0.472807 -0.0229738 -0.147022 -0.412143 0.016593 -0.173288 0.226626 0.175848 -0.260803 0.130277 -0.295362 -0.487314 -0.107905 -0.195103 -0.453373 0.214607 0.0473683 -0.446129 0.338535 0.108413 0.489472 0.252038 0.128331 0.0831263 0.240226 0.321143 -0.324781 -0.32189 -0.390786 0.334944 -0.131127 -0.363132 0.461404 -0.29788 0.191414 0.343138 -0.355354 -0.0790503 0.48542 -0.407492 -0.190881 0.457475 0.161835 -0.218788 0.244986 -0.320369 0.194365 -0.164464 0.0996018 0.356403 -0.0456813 0.384979 0.209204 -0.382306 -0.0922364 -0.224593 -0.485951 -0.443358 0.164599 0.0681689 -0.141341 0.21641 0.106584 -0.359209 -0.248471 0.110597 0.231066 0.206295 -0.16881 -0.101288 0.28927 0.348562 0.208063 -0.396096 0.181055 0.47631 0.318476 0.014995 -0.300947 0.193422 0.40082 -0.0572666 0.0293533 0.0647407 -0.104637 -0.400348 -0.0599595 -0.270374 -0.421948 
chicken stock 0.0539569 -0.672002 -0.000342437 -1.6901 -0.271319 1.16216 1.21051 -0.217739 -0.133873 1.34659 0.100546 -0.201819 -0.121147 0.427346 0.249579 -0.669248 -0.0793442 -0.00020495 1.19283 -0.854052 -0.910351 1.22154 0.287734 0.905844 0.344652 0.235121 -0.0766064 0.47133 0.365947 0.149882 -0.238442 -0.26221 -0.396235 -1.22402 0.294578 -0.771598 -0.279293 -0.508528 0.336342 -0.89703 -0.472797 0.356075 -0.0714354 -0.80221 0.682266 0.0668811 0.461707 0.197723 0.290502 0.0657781 -0.17461 0.119813 0.235292 -0.0523543 1.43113 0.0947019 -0.560046 -0.315588 -0.226705 0.327506 -0.174003 1.81517 0.161659 0.251899 -0.0906613 -0.306044 0.47804 0.0483417 -0.81006 -0.447438 0.795204 0.329526 1.30606 -0.151701 -0.216035 0.0356394 -0.0882539 0.679538 -0.710599 -0.0562532 -0.683287 -0.148426 -0.086636 -0.595202 -0.750248 -0.75847 -0.619352 -0.609649 -0.534217 0.370635 -0.52452 -0.409416 0.00211182 0.558896 0.304171 -0.0109347 -0.107775 0.914394 0.129704 0.0286978 
naan bread -0.253305 -0.248824 0.320006 0.259468 0.12859 -0.334469 -0.0678033 -0.461952 -0.208388 0.217888 0.296369 0.0982236 0.0471991 0.0909039 -0.292409 -0.0390826 0.474068 0.159795 -0.169606 -0.113282 -0.404036 -0.35369 -0.13074 -0.261016 0.3783 -0.121406 -0.360406 -0.0489651 0.449822 0.148549 0.308954 -0.355667 0.264931 0.495934 -0.0921297 0.0889268 -0.455548 -0.175566 -0.116203 0.137309 0.198211 0.431971 -0.0935527 0.125128 0.148125 0.349546 -0.194339 0.496065 0.26977 0.0829292 0.00605991 0.254046 -0.222333 0.271842 -0.26096 0.399239 -0.369816 0.302524 -0.373274 -0.288077 0.132954 0.314007 -0.480126 -0.323765 -0.0229731 0.107358 -0.106146 -0.296301 -0.307131 -0.211573 0.145075 0.320786 0.442965 0.190332 0.241305 -0.443018 0.0161473 -0.275637 -0.138301 0.223735 -0.246654 0.15559 -0.166122 0.0539172 0.337335 0.0933576 0.0900321 -0.312437 0.304178 -0.198963 0.453904 -0.22978 -0.236313 0.172053 -0.00115532 0.209563 -0.300732 0.204628 -0.283383 -0.321734 
mustard -0.205283 0.126278 -0.485466 -0.469624 -0.390608 -0.0236958 -0.0609083 -0.60866 -0.0211219 0.0867139 -0.100897 -0.404603 -0.332931 0.0709114 -0.0671119 0.306847 -0.382179 -0.130588 0.17352 0.475437 0.0659765 0.0558382 0.870606 0.360123 -0.35056 0.178581 -0.659186 -0.418112 0.204157 -0.168765 0.182249 -0.22484 0.586669 0.486845 0.0561474 -0.598104 -0.369778 0.326751 0.673794 -0.351643 -0.253453 -0.0848123 -0.0991452 0.357409 -0.277697 -0.141904 0.705434 0.253553 0.486974 0.22573 -0.0904537 -0.429566 0.0924075 0.155051 -0.103037 0.271546 -0.147367 0.0929633 -0.30193 0.44254 0.475394 -0.277487 -0.0681163 0.437572 -0.602069 -0.254698 0.0739221 0.315501 -0.208535 0.444455 0.599891 0.46269 -0.622728 0.745512 0.0838002 -0.0244211 -0.189547 0.0111245 0.544356 0.0149431 -0.264375 0.0805573 -0.295122 -0.118258 -0.00756768 -0.621685 -0.268061 0.264071 0.93574 -0.358127 -0.484319 -0.279066 -0.32822 0.19022 0.221846 0.116759 0.348483 -0.0438965 -0.0756533 0.377969 
red wine jelly 0.209728 0.328743 -0.322202 0.112886 0.0874177 -0.364889 0.252074 0.153133 -0.396663 -0.318753 0.450228 -0.0946348 -0.494692 0.490569 0.129908 -0.291514 0.226052 -0.330659 0.486812 0.478799 -0.32918 -0.203344 0.0492214 0.238781 -0.0783896 -0.0192683 -0.32941 -0.446012 -0.47716 0.132327 0.0113824 0.437162 0.274147 -0.110959 0.013715 -0.449102 0.0639313 0.281257 -0.23266 -0.296819 -0.498529 -0.30753 0.158899 -0.365392 0.17502 0.358999 0.0483292 0.386655 0.0811037 0.412074 -0.000723441 -0.279597 -0.483978 0.215743 -0.128535 0.212764 -0.108193 0.0123849 0.168189 0.263413 -0.163101 -0.32031 -0.133825 -0.219889 0.0594302 0.368069 0.0128025 0.151991 0.36332 -0.0681487 -0.304058 -0.499831 0.0719194 -0.225003 0.0262485 -0.376974 0.201122 0.143402 0.493339 -0.00717908 -0.437145 -0.422032 -0.218181 0.442709 -0.174728 0.0223551 0.0178897 -0.130788 0.451941 0.0997093 -0.22444 -0.452176 -0.354143 -0.118854 0.0155725 -0.18683 -0.010873 -0.488419 -0.263184 0.163026 
egg rolls 0.404964 -0.0440335 0.480627 0.0312684 0.345354 -0.631107 -0.388727 0.56663 0.026761 -0.0362782 -0.430143 -0.622083 0.530362 0.018723 0.327354 -0.251039 -0.299649 -0.545263 0.200757 0.575652 -0.220712 0.393491 -0.268145 0.384628 -0.645029 -0.299905 0.0147616 -0.34425 -0.0671597 -0.371251 -0.593947 0.377272 0.195233 -0.0971142 -0.460728 -0.179409 0.199698 0.443914 -0.449609 0.017547 0.147282 0.124854 -0.234142 -0.431845 -0.47755 0.00844964 0.223205 0.185351 -0.389823 -0.227247 0.271911 -0.12491 -0.0428543 -0.470346 0.503575 0.315849 0.54608 0.12338 0.689178 -0.224459 0.406785 0.477336 -0.524226 0.265692 0.159571 0.301407 -0.340698 -0.07088 -0.276852 -0.182031 0.121894 0.0829768 -0.393685 -0.147378 -0.185931 0.448861 0.0261011 -0.104537 0.261791 -0.357106 -0.247434 0.460899 -0.151313 -0.337679 -0.319774 -0.552679 0.480824 0.148535 0.52987 0.19796 0.0471203 -0.0966525 0.00636714 0.0695541 -0.339333 0.341517 0.333673 0.338281 0.140758 0.267497 
Canadian Butter Tarts 0.20647 0.462642 0.415809 -0.00462996 -0.461132 0.002292 0.188983 -0.433993 0.263995 0.451582 0.35419 -0.0997348 -0.206385 0.274753 -0.22339 -0.366665 0.417761 0.179292 0.256966 0.462234 -0.197115 0.358154 0.211317 -0.173736 0.290067 0.368189 -0.180518 -0.322654 -0.213034 0.43278 0.176865 -0.382242 -0.173206 -0.482521 0.199839 0.0124802 0.116585 0.238201 -0.244435 0.392549 -0.138716 -0.173822 -0.454775 0.19602 -0.153848 0.202204 -0.169367 0.186451 -0.43017 0.0101243 0.0342062 0.152372 -0.0632533 0.155134 -0.392946 0.205949 -0.229509 -0.497305 0.0593017 -0.115325 0.335896 -0.0146601 0.0674061 -0.266641 0.359742 -0.365173 -0.290435 0.306549 -0.426039 -0.0424044 -0.358328 -0.391349 0.477314 0.424472 -0.230157 -0.20388 -0.0175664 -0.159099 0.312311 -0.380131 0.408109 -0.253906 -0.174332 -0.355908 0.140372 -0.492894 -0.346241 -0.324254 0.0780992 -0.370092 0.468354 -0.234173 0.179816 -0.36926 -0.352363 0.437059 0.298906 0.199478 0.0490853 0.421673 
smoked haddock -0.383632 0.302772 -0.0873612 -0.453105 -0.125591 -0.386341 -0.137702 0.350475 -0.220282 -0.253056 -0.451712 0.0930959 0.407744 -0.160434 -0.487538 -0.434214 0.246433 0.317715 -0.456463 -0.291911 0.240983 -0.403192 -0.216941 0.303203 -0.0758966 0.179425 -0.411382 0.255036 0.163214 -0.184139 -0.154559 -0.0275676 -0.449295 -0.369931 -0.0334931 0.187199 0.273573 0.243176 0.446205 0.282706 0.335545 0.222184 0.0941606 -0.328806 -0.0102094 -0.0864483 0.415303 0.434768 0.211822 -0.0275486 0.160923 0.0968014 0.28235 0.188782 -0.190965 -0.0882595 -0.0462578 -0.479106 0.413844 0.318633 -0.265948 -0.450257 0.156987 0.153295 0.290366 0.352589 -0.283483 -0.399357 -0.0476604 -0.450772 0.351477 0.353494 0.320373 0.0778792 0.102681 0.499175 0.338021 -0.354098 0.212887 -0.486258 0.18657 0.378261 0.0451368 0.163967 -0.394963 0.21614 -0.209845 0.47444 -0.272071 -0.0712032 0.102332 0.365713 -0.155412 -0.416701 0.195766 0.270289 0.266665 -0.284587 -0.020851 0.0631818 
thai fish sauce -0.538446 -0.17796 -0.518993 -0.268402 0.0189946 -0.07621 -0.0619653 0.119841 0.300103 -0.233305 -0.0843463 0.496518 0.00692362 0.365758 -0.346952 0.133516 0.0120526 -0.268525 -0.389013 0.300145 0.323617 0.1447 -0.555114 0.23563 -0.0688396 -0.10319 0.00699053 0.361859 0.219496 -0.193623 0.147792 0.0353619 -0.00156312 0.418436 -0.731856 0.0668255 0.318842 -0.0582268 -0.137883 0.357649 -0.221151 -0.348925 -0.255472 0.26123 -0.0029879 -0.192716 -0.0330944 -0.0178827 0.145421 -0.258097 0.152341 -0.218978 0.426201 -0.222241 0.428522 -0.224652 -0.617687 -0.070271 -0.284331 -0.00580427 -0.352026 0.0989623 -0.672564 -0.353031 -0.381086 -0.175979 0.425956 -0.49467 -0.135913 0.00286643 -0.494142 0.215136 -0.00420294 -0.157636 0.0599053 -0.300283 0.272512 0.926319 -0.040399 -0.0308149 0.113921 0.35354 -0.463328 0.136434 0.0366824 -0.385607 0.131102 0.530834 -0.473674 -0.0358446 -0.532675 -0.19061 0.320002 -0.523008 -0.110958 -0.409395 0.360438 -0.0700531 0.114 0.118917 
mozzarella balls -0.0926301 -0.511894 0.423376 0.293576 -0.376018 -0.204976 -0.0705923 0.562564 0.534335 0.5473 0.424358 0.351494 0.229465 0.278001 0.424428 -0.434267 -0.480224 0.339479 -0.101022 0.85686 0.690931 -0.273685 -0.421526 -0.426153 0.352631 -0.124282 0.162757 -0.0680019 -0.365111 0.254507 0.342933 0.2439 -0.467497 0.260185 0.134168 -0.427821 -0.242202 0.233327 -0.643299 -0.581431 -0.374479 0.323431 -0.205633 0.533957 -0.126227 -0.108039 -0.246995 -0.259633 -0.215352 -0.440907 0.00188722 -0.266171 0.179999 0.421555 0.483607 0.00331231 -0.143629 0.23208 -0.436611 -0.413292 -0.222519 0.473983 0.0585333 0.135359 0.344162 0.177609 -0.174631 0.390338 -0.577054 0.120863 0.281596 0.100194 -0.37396 -0.349531 0.665607 0.197163 0.180954 -0.0192846 0.385547 -0.0413686 0.41322 -0.222314 0.36106 0.319043 -0.624224 0.408686 0.423067 0.43242 -0.0415653 -0.412482 0.205595 -0.0882296 -0.192256 0.139764 -0.0245788 0.214897 -0.479394 -0.198285 0.31549 -0.0239394 
pepper -0.495824 -1.11661 -0.239474 0.497053 0.0505653 -0.16787 -0.150846 -0.0757833 -0.368336 0.182637 0.220192 -0.78909 0.614622 -0.36233 0.295385 -0.328336 0.0293078 -0.119194 -0.486923 0.451111 0.568172 0.31832 0.83714 -0.0648557 -0.223114 -0.501076 0.00775254 -0.0275524 -0.144601 0.946966 0.265439 0.504872 -0.0240772 -0.646607 -0.569734 -0.360599 0.0398308 -0.278155 0.148504 -0.269463 -0.249104 0.0525631 0.273783 0.0442482 -0.00955458 0.285251 -0.920407 -0.942213 -1.09718 -0.168033 -0.701356 0.405439 -0.617217 0.153957 0.552514 -0.266589 0.670769 0.57979 1.25458 0.420866 -0.0335921 0.0599824 -0.987694 -0.0592982 -0.400618 0.602551 -0.160749 -0.268561 -0.111337 0.737906 -0.147697 -0.0779044 0.0715325 -0.501221 -0.689036 0.47289 0.659445 -0.730254 0.354787 -0.55691 -0.288459 -0.241255 -0.313751 -0.926149 0.727239 -0.121634 0.181586 0.00836108 -0.585432 -0.0155728 -0.818193 -0.276307 -0.00560755 -0.504898 -0.498485 0.678421 1.33536 -0.581978 -0.297824 0.687366 
Cream Cheese Tart 0.152689 -0.468547 0.296084 0.328098 -0.112573 -0.245342 -0.0627149 -0.318296 -0.417355 0.0749922 0.274125 -0.069269 0.461304 -0.229491 -0.0639274 -0.316596 -0.358415 -0.379695 0.391926 0.108693 -0.236413 0.559533 -0.58432 0.297271 0.0555748 0.122717 0.577414 0.205516 -0.476072 0.0362634 -0.118022 0.0877 0.183622 -0.126261 0.271679 -0.261204 0.470637 0.468042 0.26936 0.170724 0.24311 -0.190554 -0.512241 0.408794 -0.402246 -0.0195751 -0.05299 -0.130652 0.652703 0.431125 0.0653854 0.181913 -0.30608 0.615365 0.252635 0.248371 0.521903 0.428353 0.284172 -0.51411 0.227031 -0.0130399 0.456364 -0.0687278 -0.683433 0.0541569 -0.186704 -0.357751 0.162218 -0.187911 -0.103206 -0.311211 0.123347 0.408282 -0.233184 0.042835 0.272337 -0.265856 0.0072 -0.479055 -0.400628 0.438315 -0.484086 0.253133 -0.4374 0.376334 0.133269 0.018018 -0.00444468 -0.0134093 -0.0208726 -0.277234 0.0941347 0.458255 0.0713049 -0.119565 0.366132 0.12947 0.476586 0.148346 
chicken breast 0.25699 -0.0942622 -0.264418 -0.521346 0.470485 0.19721 0.0743202 0.315777 -0.025286 0.452691 -0.529034 -0.146351 0.170708 -0.0157488 0.17339 -0.0548009 0.100664 0.313837 -0.0690845 -0.0922281 0.160335 0.690549 -0.20615 0.415467 -0.819763 -0.351632 -0.218572 -0.179268 -0.0953255 0.559914 0.00111943 0.308815 -0.0190553 0.478849 -0.0500022 -0.419401 -0.639356 0.154045 -0.149414 0.503374 -0.297218 0.34179 0.0784914 0.33045 0.116629 0.332693 0.104242 -0.429444 0.277927 -0.026407 -0.344651 -0.222765 -0.326119 -0.128283 0.203841 -0.295072 -0.376546 -0.0120355 0.425976 0.042938 0.398022 0.0976415 0.10634 -0.64975 0.4733 0.327474 -0.0682528 -0.419123 -0.367918 0.342392 0.237129 0.256141 -0.37458 -0.186258 0.0168722 -0.423275 -0.910604 0.480392 -0.728749 0.375578 0.298554 0.121121 -0.109437 -0.179565 -0.646243 -0.76894 -0.158371 -0.478275 0.111773 0.44493 0.410058 -0.0443274 -0.524713 -0.681604 0.614457 -0.472814 0.238822 0.359204 0.343973 0.398292 
Strawberry Rhubarb Pie 0.218483 0.226283 0.0167711 -0.178533 0.225283 0.0579242 -0.230272 0.252802 -0.15437 0.238655 0.26564 0.114781 -0.436474 -0.199642 0.232634 -0.0504233 0.416208 0.0726888 -0.150685 -0.0903332 0.21633 -0.111133 -0.409059 0.36401 0.174714 -0.29761 -0.224734 -0.267559 -0.0184292 -0.293735 0.137333 -0.493274 0.108643 0.205645 -0.464414 0.195702 -0.0857409 0.253806 -0.111811 0.386876 -0.172388 0.302295 -0.162426 -0.0758945 0.316501 0.0474904 -0.0241766 -0.206185 0.252415 0.151328 0.0845363 -0.491056 0.0555935 0.195502 0.154316 0.228833 0.167929 -0.237661 -0.147732 -0.200567 0.313103 0.28717 0.00552418 0.290299 0.146894 0.486339 0.0368716 -0.389826 -0.129225 0.472247 -0.257698 0.256614 -0.187622 -0.220655 -0.449851 0.194773 0.367661 0.376073 -0.462883 -0.320741 0.345076 -0.219241 -0.382048 -0.481492 -0.31095 -0.0105653 0.0781637 -0.308763 -0.27022 0.400868 -0.0120911 -0.427693 -0.0829243 -0.253898 0.196389 -0.363088 -0.228909 -0.267711 -0.0855809 0.27326 
French Omelette -0.0395949 0.181134 -0.0689554 -0.0797924 0.477878 -0.348496 -0.488887 0.420643 -0.314536 0.341147 -0.229027 0.348002 0.1716 -0.31472 -0.344586 -0.459252 -0.419603 -0.230779 0.193355 -0.319045 0.10172 -0.163659 -0.479989 0.22348 -0.266806 0.439384 0.36928 -0.193292 0.24677 0.251656 -0.399738 0.427399 0.0360906 -0.493556 -0.0549232 -0.44643 0.477695 0.343682 0.250698 0.134784 0.0638084 -0.379435 -0.280986 -0.332417 0.00486461 0.114871 0.430837 -0.0568497 -0.379018 0.114821 0.366047 0.258319 0.15086 0.484079 -0.0675807 0.415376 -0.144475 0.0587695 0.318109 0.408577 0.136122 -0.437673 -0.238689 -0.0828263 0.00202665 0.432712 0.457532 0.123339 -0.176407 0.0849814 -0.364027 0.153007 -0.142817 0.0267827 0.119023 0.481804 0.386263 0.108489 -0.0270803 -0.0478347 -0.097176 -0.0621028 0.178378 -0.174068 0.0493854 0.399285 -0.118373 0.318054 0.153218 -0.371354 -0.00667604 0.363101 -0.27862 -0.0538034 -0.0850582 -0.218802 -0.131057 0.0934408 -0.021735 -0.459233 
turnips 0.284778 0.190164 0.690257 -0.152718 0.811308 0.388313 0.448188 0.131518 -0.0665846 0.429976 -0.0909411 -0.344419 0.318665 -0.290298 -0.217838 -0.327531 -0.301586 0.253431 0.79053 0.46571 0.433637 0.496122 0.0623898 -0.64449 -0.556612 -0.00358344 -0.404229 -0.270762 -0.433438 0.197269 0.502072 -0.323814 0.212879 0.128415 0.391912 -0.188399 0.00413013 -0.209694 -0.524795 0.346778 0.339906 -0.352438 -0.501866 0.417549 -0.613385 -0.44729 0.215778 -0.20006 0.140491 -0.325583 0.409049 -0.0823881 -0.101293 -0.2092 0.0830187 -0.48906 -0.0643719 0.675109 -0.418273 -0.442296 0.124504 0.216426 -0.196448 -0.0433385 0.323557 0.208001 -0.133124 0.026547 0.369347 -0.158692 0.246487 -0.396159 -0.169697 -0.417879 -0.0721636 0.400697 0.170678 0.212166 0.324855 -0.35717 -0.388111 -0.432756 0.0418624 -0.081575 -0.338093 0.500297 0.257981 -0.445738 -0.474324 -0.569945 0.235203 -0.466462 0.133142 0.186576 0.125554 -0.339245 -0.162069 0.0535952 0.613793 -0.509493 
plum tomatoes 0.22599 0.460188 -0.265918 -0.552701 -0.239638 -0.522276 0.336481 0.00304775 -0.158212 0.628122 0.441972 -0.46939 -0.0484831 0.252724 -0.377892 -0.287067 0.0721547 0.502626 0.532591 0.311999 0.829278 0.495066 0.460533 0.00545911 -0.17598 0.327622 0.550791 -0.134122 -0.68305 0.127259 -0.0114827 0.554839 -0.441003 0.561889 0.0757212 0.218648 0.208026 0.26922 -0.176643 0.447719 0.404526 0.145088 0.518074 -0.148029 0.0905842 0.275128 0.0401589 -0.482443 -0.370256 0.406614 -0.147674 -0.236768 -0.46354 0.155731 0.69787 0.0233913 0.133241 -0.0223324 0.469036 -0.445161 -0.213807 -0.0235966 -0.0629206 0.27948 0.478521 0.296236 -0.0262247 -0.186864 -0.316104 0.220404 0.415298 -0.0465074 0.250821 -0.61949 0.495236 0.216085 -0.398986 0.0502977 0.296117 0.478209 -0.0364241 -0.0047378 -0.119334 -0.298668 0.0148076 0.258166 -0.436005 -0.23117 0.419618 -0.849839 -0.149758 0.11251 -0.11691 0.444895 0.0403908 0.281554 0.0508152 -0.188147 0.599543 -0.545689 
creme fraiche -0.42493 0.420334 -0.526849 -0.505673 -0.200261 0.790654 0.670407 0.612116 -0.456125 0.0314289 -0.828664 -0.330191 0.0445914 -0.000881091 0.356982 0.0669957 -0.233696 0.406611 0.385644 -0.281598 0.593712 -0.228266 -0.169879 -0.264271 -0.691484 -0.876776 -0.000181275 0.363781 0.262311 0.0806995 0.686659 0.365737 0.236081 -0.119451 -0.385542 -0.824831 0.14874 0.141532 0.157807 -0.265272 0.17048 -0.223977 0.136454 0.443182 0.374004 -0.224003 0.414518 -0.348951 -0.0107105 0.205949 -0.447281 0.307536 0.313547 -0.54216 0.101142 -0.452226 0.263928 -0.141489 0.585103 -0.111852 0.206658 -0.48901 0.206848 -0.00529943 -0.452344 -0.0595612 0.741326 -0.290818 0.126928 -0.764909 0.270913 -0.401782 0.688108 -0.523009 -0.41022 0.321323 0.287694 -0.35123 -0.47009 0.0604056 0.124274 0.0346611 -0.312302 0.330405 -0.530401 -0.173252 -0.138692 -0.209057 0.0901604 -0.00462351 -0.406442 0.465596 -0.460487 -0.359171 -0.108117 0.534245 0.235693 0.275011 -0.455013 -0.128174 
Salmon Prawn Risotto 0.287683 0.305517 -0.178401 0.231035 0.185027 0.240328 -0.365406 0.352657 0.535441 0.281981 0.169761 -0.12926 -0.39977 -0.295406 0.459634 0.194484 0.512497 -0.269755 0.398101 -0.4079 -0.263562 -0.190855 0.116151 -0.4227 -0.0667615 0.536131 0.10485 0.269666 -0.0241094 -0.236561 0.261721 -0.347695 0.267697 0.0128487 0.0165579 -0.513654 -0.0491177 -0.0863865 0.368568 0.0771405 -0.0470603 0.414013 0.334299 -0.564321 -0.647539 -0.0376193 -0.179924 -0.060794 0.435011 0.307791 0.0445988 0.120107 -0.064706 -0.245476 0.150465 0.259815 -0.178758 0.539685 -0.135701 -0.349231 -0.349907 -0.53561 0.5201 -0.286934 -0.053297 0.133908 -0.226243 0.105196 -0.433429 0.341012 -0.108463 0.308402 0.44537 -0.0624104 0.00961061 -0.543611 -0.114283 -0.65168 -0.458657 0.406124 -0.503272 0.376906 -0.642701 0.133668 -0.171075 0.315742 -0.522617 -0.368617 -0.331803 0.400147 0.395737 -0.0482685 0.285958 -0.297495 0.480751 0.183235 0.439455 0.542719 0.670247 -0.135253 
prawns -0.0667788 0.207694 0.0277211 -0.105543 -0.00890066 -0.491626 0.37661 -0.21428 -0.749772 -0.545442 0.432091 0.0403655 0.0108799 -0.188373 0.269654 -0.611973 0.419591 0.534172 -0.188181 0.03778 0.131277 0.523934 0.666143 0.0860184 -0.542915 -0.768447 -0.0764284 0.0578748 -0.133941 -0.24785 0.189452 0.409434 -0.280913 -0.183945 -0.339305 -0.286086 0.0199792 0.275111 -0.141903 0.294212 -0.109337 0.178133 -0.0338732 -0.207158 -0.155525 -0.352932 0.622762 0.296142 -0.232435 0.331679 -0.332714 -0.300688 -0.356797 -0.143623 0.421639 0.437656 0.540854 -0.403146 0.174929 -0.0209154 -0.153461 -0.1097 -0.43702 0.685528 0.0662368 -0.0588743 -0.476955 0.294562 -0.546798 0.622585 -0.285704 0.197815 0.0731072 -0.569711 -0.714751 0.374072 -0.44751 0.752129 0.473955 -0.0570669 -0.204913 -0.279515 -0.938319 0.316344 0.215258 -0.738535 -0.100974 0.403143 -0.76946 -0.00628097 0.539834 -0.346056 0.187344 -0.532211 0.330755 0.778824 0.402034 0.236307 0.315538 0.0761123 
nutmeg , grated -0.401318 -0.218223 0.570998 0.0634413 -0.300669 0.100634 -0.145375 -0.697927 -0.064437 -0.280618 -0.326557 0.543919 -0.238581 -0.0729824 -0.774198 -0.307784 -0.279043 -0.11704 0.432702 0.223202 0.590785 0.757069 -0.109292 0.0499474 -0.18603 0.339885 -0.248093 -0.635649 -0.355569 0.482627 -0.511916 0.149459 0.223035 0.326656 0.190656 0.377568 -0.229679 0.020189 0.208208 -0.036361 -0.465694 -0.17526 -0.512573 -0.0053974 -0.385905 -0.257866 0.431135 -0.282622 -0.311973 -0.157499 -0.320057 -0.549315 0.377768 -0.342088 0.371293 0.0482763 0.17704 -0.0556205 -0.405626 -0.233606 -0.00482114 0.0284487 0.330373 -0.0608425 -0.211974 -0.402221 -0.242937 -0.0246647 -0.0970712 0.0620767 -0.307451 -0.0658344 -0.359588 -0.067461 0.171933 -0.293839 -0.262264 0.0938743 -0.340596 0.0224345 -0.267282 -0.133334 0.257976 0.454599 0.943415 -0.0792115 0.376839 -0.0773522 -0.239352 0.00375153 0.554938 -0.0859419 0.491417 -0.0694673 -0.0765279 -0.246848 -0.0861994 -0.157358 -0.623486 -0.567922 
chilled butter 0.433014 0.504662 -0.666941 0.413621 0.164767 -0.345418 -0.394172 -0.0313151 0.266668 -0.00390502 -0.426787 0.182776 -0.282256 -0.0127935 -0.13002 0.0486715 -0.155366 -0.799911 -0.0295989 -0.710832 0.268268 -0.476781 -0.27025 -0.0468513 -0.311456 -0.10512 0.734468 -0.724733 -0.531285 -0.380504 0.264011 0.406458 0.163215 -0.125437 -0.431849 -0.346984 -0.111549 0.00798305 0.428858 0.559506 -0.0914658 -0.148875 0.395859 -0.405379 -0.36689 0.534932 0.47895 -0.283825 -0.142208 -0.228875 -0.15947 -0.207565 0.093015 0.5236 0.465376 0.053554 -0.0376183 -0.472037 -0.215197 0.118183 -0.0916297 -0.333847 -0.176374 -0.188824 -0.192822 -0.0286058 0.317138 -0.0716186 0.178288 0.439487 0.286145 -0.264774 0.693223 0.554831 0.020323 -0.0636553 -0.180631 -0.231394 0.0785539 0.0230394 0.571839 0.356041 0.178655 0.0648655 -0.499046 -0.257676 -0.506074 -0.310746 -0.603698 -0.103943 0.208007 -0.371506 0.0962401 -0.447525 0.22889 -0.350192 0.335589 0.261033 0.117677 0.462573 
udon noodles -0.0824394 0.388771 -0.143195 0.42239 0.409583 0.253037 -0.152251 -0.274648 -0.00538334 -0.028586 -0.121244 -0.185638 -0.00893119 -0.0703326 0.208039 0.0354426 -0.270327 0.0982964 -0.0434298 0.0613721 -0.380137 0.0486521 -0.307918 0.225169 0.0709759 0.200235 -0.262211 0.352769 -0.110297 -0.271691 -0.44998 0.219293 0.0164095 0.120459 -0.368795 -0.452484 -0.0526072 0.0598424 0.0666127 -0.273972 -0.0881696 0.0813447 -0.15337 0.0442546 -0.201039 0.381154 0.00158053 -0.0298405 0.285144 0.464469 0.270244 -0.0970457 -0.0251228 -0.311762 -0.11604 -0.143535 -0.41821 -0.247546 0.00685415 0.26241 0.450279 0.315064 -0.307116 0.0351847 -0.339624 0.323971 -0.0107166 -0.0769192 -0.142521 0.334754 0.335758 0.0455762 -0.146821 -0.386183 0.163094 0.317427 -0.133422 -0.332883 -0.450007 -0.32984 0.235654 -0.0232498 -0.0472261 0.324334 -0.219898 0.428949 -0.4611 0.329831 -0.276045 -0.486586 0.0751149 -0.456736 -0.459568 0.286018 0.157109 -0.351774 0.249915 0.245673 -0.186243 -0.0363886 
brandy -0.423345 -0.652188 -0.0438295 0.408773 -0.476236 0.322092 0.380635 0.31793 -0.061636 0.338258 -0.617711 -0.408824 -0.241612 0.0939859 0.0555492 -0.336057 0.0944545 0.116525 -0.272744 0.062649 -0.0968956 -0.130466 -0.321298 0.426599 -0.383583 0.091028 -0.147516 0.233175 0.227792 0.259225 0.394891 -0.514009 -0.465193 -0.293225 -0.347799 0.452649 -0.413915 -0.0266511 -0.1605 -0.129495 -0.00948454 0.16961 0.484668 0.348075 -0.0761806 -0.452013 0.134534 -0.219586 0.0891538 -0.0389523 0.0626432 -0.0580566 0.404548 0.0713365 0.0529892 -0.432589 -0.507494 0.363857 -0.287954 -0.20755 0.129661 -0.221303 0.233348 0.242565 -0.250127 -0.414213 0.413245 -0.392875 0.799722 0.133615 0.138289 0.25991 0.0969389 -0.176699 0.0133591 -0.355725 0.422568 0.384668 0.0417334 0.00151595 0.0419699 0.293895 0.112229 -0.353816 -0.291472 0.31826 0.0882057 -0.422154 0.117943 0.496168 0.388866 -0.0966844 0.389266 0.115616 0.262074 0.717456 0.501631 -0.128458 0.486735 -0.0953614 
goat meat 0.333302 -0.0454492 0.265505 0.480106 0.284711 -0.449837 -0.00363427 0.347467 -0.323178 -0.432341 -0.0711434 -0.234897 0.290751 -0.109643 -0.260243 0.155448 0.215965 0.118224 0.0420362 0.380069 0.205426 0.101485 0.219264 0.0431332 0.0475107 -0.054285 -0.278588 0.0852038 -0.391823 -0.28068 -0.0391411 0.327877 -0.296774 -0.443409 0.47828 0.168234 -0.0500221 -0.387822 0.394701 0.486112 0.493561 -0.0130781 0.127297 0.195357 -0.0731162 -0.229708 -0.429451 -0.277991 0.277132 -0.249165 -0.448116 0.228504 0.33156 -0.463102 -0.0780403 -0.0743384 0.322287 -0.392695 -0.179244 -0.481466 0.470006 -0.269918 -0.0413445 -0.201864 0.0313322 0.122213 0.000254508 0.306954 -0.123772 0.190686 -0.291834 -0.260991 0.316695 -0.0265609 -0.0350822 0.462919 0.292021 0.342872 0.392285 0.240712 -0.456358 0.47237 -0.255915 -0.151372 0.236877 0.042123 -0.236168 -0.184694 0.015 -0.34896 -0.107109 -0.255213 0.490493 -0.479165 0.426655 -0.212444 -0.415368 -0.25057 -0.248425 0.192119 
mixed peel -0.209471 -0.25857 -0.148643 0.207459 -0.473258 0.0265082 0.22054 0.259447 -0.0339953 -0.471092 0.241281 -0.135197 -0.0374093 -0.474855 -0.163368 -0.256231 0.465629 0.407547 -0.047597 -0.134 -0.38791 0.0552634 0.219087 -0.202717 0.355319 -0.127684 -0.153954 -0.161365 -0.48121 0.17303 0.350129 -0.472454 0.304962 -0.0235027 0.252318 0.0317913 0.490619 0.0826181 -0.393327 -0.041682 -0.213821 0.348221 0.451922 -0.203296 -0.369379 -0.139428 0.0535808 0.493047 0.478552 0.405053 0.450156 0.115364 -0.168636 -0.475905 0.459549 0.363023 0.334402 -0.211746 -0.0273231 -0.457523 -0.471305 -0.404528 -0.0515441 0.272397 -0.35094 -0.0816871 -0.0814696 -0.20061 0.351108 0.494103 -0.447131 0.302548 0.185115 -0.0809324 0.107169 -0.270204 0.00104255 -0.321104 0.374234 0.106096 -0.348507 -0.452797 0.434391 -0.125334 -0.452398 0.218917 0.413208 0.105591 0.02886 -0.285048 0.412325 -0.166792 -0.0803845 -0.242857 -0.0587298 -0.146344 -0.123619 0.40292 0.394881 0.0610426 
peas 0.0395109 0.392549 0.222654 0.315719 -0.0523014 0.0212157 -0.255545 0.684272 0.01733 0.258551 0.417918 0.373955 0.298022 0.424281 -0.0904631 -0.300634 0.1208 -0.140576 0.272146 -0.161698 0.030417 0.0452327 0.145405 0.366473 0.23925 0.0328098 0.0541752 0.079735 -0.281121 -0.018925 -0.0617101 0.48602 0.132854 0.0330524 -0.587694 0.317994 -0.0225974 0.336024 0.382212 -0.478503 -0.0993275 0.315869 0.114697 0.276778 -0.40063 0.131912 -0.415408 -0.257169 -0.127331 0.00158071 0.397612 -0.236797 0.310484 -0.119808 0.478658 0.373001 -0.587491 0.283287 0.251269 0.271113 -0.0738828 0.152189 -0.304341 -0.456026 0.167274 -0.0696244 -0.201208 -0.0230579 -0.261568 -0.444789 -0.49635 -0.230633 -0.109515 -0.0651215 -0.204277 0.193919 -0.375085 0.0190813 0.263933 -0.427276 -0.0133304 -0.298467 0.499265 -0.0666707 0.360863 0.413025 0.468712 0.183766 -0.0171928 -0.0409308 -0.35668 -0.273546 0.386053 -0.317523 -0.366388 0.496743 0.325684 0.164826 -0.0619391 0.288229 
oatmeal -0.422818 -0.197791 0.464401 -0.329189 0.0516544 0.107286 -0.214654 0.300663 0.177702 -0.0768614 0.489343 -0.289383 -0.156362 -0.363591 -0.186938 -0.173555 0.141963 0.0324065 -0.327386 0.109837 -0.0304934 -0.291399 0.211938 -0.454356 -0.377797 -0.252803 -0.196263 0.320016 0.131473 0.285162 0.435954 0.237628 0.305177 -0.231578 -0.352925 0.356831 -0.147488 -0.463706 -0.440864 0.0392186 -0.211608 -0.380696 -0.423434 0.135604 0.21108 0.453523 0.34344 0.36541 0.0855981 -0.108895 0.154366 0.10578 -0.17251 -0.450332 0.491077 -0.041751 0.198226 -0.157419 -0.469002 0.42803 -0.472968 0.0240394 0.440002 0.478611 0.2694 0.133885 -0.203363 0.444384 0.3024 -0.0290867 0.315843 0.162573 0.175419 -0.295915 -0.0100393 -0.229399 0.0756022 0.0493295 0.151589 -0.239245 0.0101238 0.155671 0.366786 -0.248093 -0.112119 0.0692922 -0.351163 0.0575005 0.322396 0.107075 -0.163357 -0.100316 -0.155559 -0.250021 0.23507 0.0298584 0.284252 -0.321278 0.240593 0.201929 
potatoes -0.854349 -0.108405 0.601963 0.580096 -0.19145 0.12427 0.384563 -0.692453 -0.45097 -0.223589 -0.219534 -0.169056 0.214557 -0.296465 -0.104554 -0.914536 -0.42678 -0.483786 -0.552578 0.72173 -0.290921 0.656082 0.338665 -0.10877 -0.742745 -0.476831 0.398944 0.14074 0.0941542 0.110977 0.17937 0.514656 0.171535 1.16743 0.23626 -0.107579 -0.763625 -0.221026 0.161314 0.443666 0.661765 0.608118 -0.270634 0.00207134 -0.788049 1.25205 0.00593156 0.612944 -0.0597434 0.143431 0.450473 0.258201 0.0288598 -0.389919 0.190172 0.365235 0.318066 -0.224657 0.119658 -0.466237 0.336518 -0.829441 0.620124 0.233622 0.253263 0.239796 0.871967 -0.821176 0.13904 -0.0634746 -0.507171 -0.199895 -0.342725 0.419223 -0.816625 -0.449908 -0.146368 -0.407841 -0.220992 -0.613519 -0.821846 -0.427487 -0.23829 0.147033 0.220258 -0.201022 0.403454 0.74317 0.21944 0.0655126 -0.62837 -0.32483 1.09132 0.459208 -0.512503 1.16095 0.339956 -0.19736 -0.534336 0.0905774 
Feteer Meshaltet -0.0939914 0.114971 0.0841293 -0.17871 0.404452 0.412754 -0.408832 0.000976631 0.137304 0.192358 0.492006 0.131256 -0.0566898 -0.30257 -0.429877 -0.0493683 0.402092 -0.308673 0.0662473 -0.00482559 0.461767 0.41267 -0.316867 0.0675333 0.300867 0.478345 0.333981 -0.388556 -0.275998 0.316034 0.0659653 -0.181592 0.422866 -0.408122 0.478715 -0.0318222 -0.41904 -0.466117 0.114885 0.127983 0.0544262 -0.444934 -0.101432 0.134975 -0.13584 0.496447 -0.386001 -0.389194 0.239562 -0.0410379 0.0955736 -0.278366 -0.44059 -0.376801 0.179075 0.203028 -0.156632 0.419549 -0.137005 0.104292 -0.15106 -0.377469 -0.395571 -0.197392 0.274297 -0.241694 -0.354295 -0.468883 -0.414972 -0.446027 -0.222792 0.310906 0.0112199 0.356051 -0.426549 0.155686 0.394075 0.407806 0.454008 0.197227 -0.317842 -0.279432 -0.179955 -0.141825 -0.325657 -0.112849 -0.3535 0.092723 -0.317641 0.325326 -0.121419 0.139647 -0.175692 0.385953 0.442023 -0.137527 -0.1894 -0.260676 -0.0811818 0.253939 
yellow pepper 0.328448 0.415499 0.403448 -0.496014 0.289359 -0.335992 -0.440932 -0.0828926 -0.346685 0.398224 -0.271867 -0.431908 -0.269262 -0.155896 -0.0548639 0.310873 0.496899 0.489 0.322874 -0.422903 0.243617 0.277716 -0.18916 0.231749 0.101711 0.47588 -0.290211 0.0231242 0.202723 -0.0320213 0.10355 0.098217 0.313648 0.0261377 0.310942 -0.259367 0.308362 0.495796 -0.226682 -0.252217 -0.302578 0.0960177 -0.217529 -0.21567 0.443812 -0.459047 -0.402555 -0.102434 0.0168108 -0.0528143 0.12622 -0.436503 0.108582 -0.475708 -0.30663 0.0218859 0.0687078 -0.169114 0.0516337 -0.273548 -0.0476182 -0.311006 -0.0744217 0.0851424 0.353939 -0.157985 -0.448757 0.42124 0.408236 0.0322894 -0.481974 -0.0594724 0.359064 0.383151 0.21785 -0.278891 -0.11235 0.0739017 -0.143066 0.456773 0.123448 0.141775 0.360779 0.0525347 0.348073 -0.471051 0.39409 0.355859 0.320458 0.296068 -0.437854 0.29674 0.119027 -0.402171 0.133344 -0.221262 0.101863 -0.297808 -0.461841 0.461116 
clove -0.308734 -0.473109 -0.277749 0.305376 -0.0397471 0.136173 -0.169811 0.0317143 -0.464113 0.353602 -0.227868 0.380735 0.262277 0.0287067 -0.082966 0.408455 0.420594 -0.32435 0.349609 -0.456093 -0.359976 -0.029079 0.0653683 0.108323 -0.384616 -0.33926 0.115272 0.207891 -0.137137 -0.000140431 0.361905 -0.175821 0.340942 0.394752 0.264629 -0.0510861 -0.342469 0.0900751 0.17943 -0.523921 0.338059 -0.0396791 0.0834286 0.14352 0.375832 -0.671619 0.357881 -0.126293 0.107195 0.107814 -0.334659 0.0960366 -0.217005 -0.281545 -0.254296 -0.210805 -0.222442 -0.33692 0.525574 0.114924 -0.181914 -0.0823411 -0.0315691 -0.29299 -0.138227 0.0837372 0.153512 0.338707 0.385069 0.345704 -0.275282 0.234127 0.17883 0.209075 0.0623814 0.176056 0.489955 0.340177 -0.388444 0.334347 0.272897 0.135193 -0.0498745 -0.582718 0.300104 0.291439 -0.385743 -0.0490688 0.0687008 -0.490535 -0.0755427 0.080766 -0.792736 0.352906 -0.440639 0.115089 -0.517489 0.299286 -0.0227052 0.76845 
Baked salmon with fennel & tomatoes 0.225006 0.31203 -0.282186 0.10204 0.446571 0.128237 0.368246 -0.201995 0.0656099 0.0754562 -0.124925 0.117077 0.268106 -0.123421 -0.0426862 0.232235 0.323521 0.456564 0.449271 -0.464734 -0.477779 -0.362233 -0.39949 -0.0295251 -0.0885831 0.13086 0.153532 -0.370082 -0.106212 0.28548 -0.295065 -0.167705 -0.0756382 0.452019 0.162801 -0.32594 -0.423751 0.352955 -0.116318 -0.494974 0.435956 0.121888 0.029348 0.481654 -0.385341 -0.286745 0.451351 -0.246931 0.0760797 -0.313482 -0.251236 -0.175829 -0.0360111 -0.140674 0.0312024 0.201475 -0.355672 -0.164378 0.080242 -0.0826087 0.486708 0.0371848 0.264098 -0.0576292 0.287523 0.147122 -0.42005 -0.119384 -0.250754 -0.362492 -0.166079 -0.257581 -0.439367 -0.458951 0.4103 -0.483715 0.00435747 0.0990306 0.32406 -0.192924 0.131029 -0.309991 0.111726 -0.0198238 -0.1515 0.435666 0.452591 0.37498 0.0517359 0.0886731 0.0997828 -0.0606888 -0.175711 0.245235 -0.164962 -0.204613 -0.152229 -0.188702 0.137786 0.364335 
demerara sugar -0.527976 0.0594155 -0.538859 -0.470847 0.114491 0.0892735 -0.00502818 -0.550506 -0.163714 0.148512 0.591475 0.236419 0.0934563 -0.239337 0.11567 -0.192877 -0.141155 -0.173687 0.331541 0.358975 0.481105 0.0551108 -0.366428 0.140208 0.334898 -0.133758 0.0608681 0.116952 0.155185 0.206948 0.39043 -0.301633 0.186761 0.108459 0.220995 0.492108 -0.331246 -0.0886494 0.242853 0.190553 0.460488 0.0412882 -0.104404 -0.0844082 -0.19463 -0.149379 -0.565725 -0.467389 -0.0538554 -0.23041 -0.292553 0.230143 0.574016 -0.135581 -0.0915802 -0.223412 -0.35327 -0.0747876 -0.121538 0.347704 0.293347 -0.356737 -0.0355907 0.259732 -0.410411 0.712873 -0.0432881 -0.631503 -0.0145745 0.0559105 0.100272 -0.017814 -0.240168 0.467226 0.156254 0.282362 -0.0258851 -0.298492 -0.362525 -0.0726281 0.379995 0.140842 -0.323787 -0.172064 0.115109 0.196866 -0.052829 0.111156 -0.307746 0.40838 -0.00505398 0.0778614 0.527289 -0.0915453 0.260086 0.349612 -0.246893 -0.394946 0.144267 0.299316 
Irish stew -0.325348 0.188898 -0.177164 0.217521 0.202689 0.098318 0.0599095 -0.446543 0.214426 0.462447 -0.0664073 -0.456238 0.0755799 0.479788 0.260554 0.0673534 0.219083 0.0212236 -0.0739552 0.104287 -0.566616 0.0871657 -0.080181 -0.376668 0.331638 0.346844 0.131423 -0.19242 0.125086 -0.0534866 0.282847 -0.49033 -0.376782 0.0738866 0.134838 -0.394957 -0.0306049 0.48199 -0.182917 0.134095 -0.146699 -0.489322 -0.0396327 -0.289837 0.148625 -0.0169515 0.409616 0.401912 -0.412974 -0.244846 0.207734 0.212866 0.341052 -0.172124 0.0308479 0.108162 -0.0319335 -0.213748 -0.356904 -0.506203 0.220227 -0.422299 -0.535846 0.353976 -0.309449 -0.0245406 0.0547616 0.337293 -0.550969 0.470102 0.111023 -0.417363 0.44454 0.553211 -0.245201 0.0896353 -0.273369 0.254125 0.124232 -0.430435 0.16671 0.299993 0.0101472 -0.051668 0.112958 -0.0307691 0.292862 0.138821 -0.25632 -0.292725 -0.0128433 0.310648 0.00885917 0.455419 -0.0489702 0.396374 -0.361103 0.562765 0.310305 0.261692 
Pilchard puttanesca -0.153517 0.108196 -0.325573 0.157287 -0.214215 -0.0606043 -0.129163 0.113095 -0.246958 -0.370484 0.316638 0.167263 -0.175574 -0.308467 0.164158 -0.172556 0.279558 -0.0031379 -0.0837131 -0.0258138 -0.0777525 0.132365 -0.317985 0.280719 0.0841063 -0.141939 0.33663 -0.0743008 0.231512 0.134178 0.243383 0.411237 0.325722 0.239217 0.378602 -0.694088 -0.139829 0.167502 0.343857 0.288211 -0.381453 -0.362279 0.319527 0.410484 0.447244 -0.0317401 0.0244964 -0.457921 -0.424333 -0.0651672 -0.0786623 0.209593 0.121711 -0.18813 -0.0923746 0.346888 0.37517 -0.332687 0.0123757 0.450772 0.475435 -0.0276182 -0.461235 0.339636 0.241838 0.165811 0.329949 0.161621 -0.423968 -0.326183 0.50277 0.682394 0.0854825 -0.0202358 -0.0825698 -0.468312 -0.349688 0.419025 0.459045 -0.200565 -0.231585 0.454257 -0.293095 -0.34784 0.034616 -0.0465163 -0.150572 0.187412 0.268825 0.297446 0.172314 0.306411 -0.266435 0.214487 -0.257479 -0.406397 0.420688 -0.0902206 -0.435238 0.0249575 
cilantro 0.546467 0.198202 -0.134327 -0.336321 0.24955 -0.202056 0.427703 0.231555 0.220896 0.52781 0.219825 -0.0583759 -0.0473937 -0.253928 0.336707 0.319414 0.566241 -0.11863 -0.446676 0.239736 0.176689 0.250326 -0.612846 -0.289513 0.204534 0.328678 0.29091 0.296139 0.474763 -0.126187 -0.145808 0.111583 0.0121483 0.62104 0.677677 0.280037 0.315783 0.551094 0.0143171 0.0712666 0.541104 -0.226657 0.0698254 -0.545864 -0.334151 0.213768 0.651861 0.0522807 -0.0339685 0.309364 0.556884 -0.40381 -0.409684 -0.122072 0.579518 -0.430718 -0.564767 -0.312945 0.023264 -0.177308 -0.24636 -0.0766551 -0.553215 -0.312636 -0.255684 0.138516 -0.216482 0.808407 0.219887 0.190535 -0.112953 -0.142661 0.0546592 0.0211526 0.210026 0.600899 0.131985 0.285002 -0.174482 0.102178 -0.116231 0.00448641 0.406748 -0.00524499 -0.50529 -0.44749 -0.406174 0.65591 -0.0510839 -0.379716 0.02851 0.312962 0.491187 -0.376812 0.0438669 -0.177184 0.0939276 0.39634 0.0184968 0.152009 
Clam chowder -0.340212 -0.155428 -0.112123 -0.00571802 -0.0691671 0.0361774 0.190108 0.292708 0.0582203 0.453432 -0.246843 0.511738 -0.243287 0.288039 -0.236947 -0.433268 0.40271 -0.291847 0.00918158 -0.203281 -0.264557 0.25306 -0.279505 -0.266654 0.219515 -0.499794 0.26653 -0.387072 0.229506 0.0766459 -0.376454 -0.257441 0.0791495 -0.0699154 -0.136217 -0.36114 0.0288309 -0.122786 -0.139454 0.0496232 -0.229591 -0.176946 0.367574 0.0212316 0.119146 0.333192 0.220793 0.273576 0.0246913 -0.365738 -0.319415 -0.234893 -0.437042 0.218055 0.424326 -0.304162 -0.472706 -0.355942 -0.288523 -0.687992 -0.405711 -0.229884 0.402006 -0.0496103 0.0182564 0.329359 0.172709 0.198913 0.453042 -0.402228 -0.19065 -0.0760015 0.592358 0.142692 0.354461 0.142719 0.0183371 0.0872165 -0.289199 0.0237751 0.2318 -0.17994 -0.363702 -0.0636423 0.145975 0.460473 -0.550781 -0.212744 0.248108 -0.00447482 -0.486205 -0.207848 -0.306668 -0.0518704 -0.38117 -0.0439751 0.529218 -0.525569 0.154229 0.343784 
parma ham 0.123279 0.277115 0.156372 -0.639856 -0.00127546 -0.532196 -0.0835493 0.452352 -0.0760288 0.0365965 -0.273312 -0.0894807 0.291371 0.585513 0.0602041 0.245272 0.123416 0.143924 -0.439574 0.3616 0.661504 0.0352946 0.333717 -0.0133236 -0.231742 0.361482 -0.507304 -0.023633 0.795839 -0.145029 0.307815 -0.337818 0.0613153 -0.418743 -0.281244 -0.23118 0.318515 -0.101687 -0.0421277 0.48783 -0.420524 -0.181768 -0.25573 -0.0385241 -0.0176891 -0.234126 0.362978 0.0347037 0.474318 0.144531 -0.432959 0.603237 -0.181365 -0.253904 -0.00454312 0.335962 0.511331 0.521519 -0.0743323 -0.118587 -0.265861 -0.240043 -0.284026 0.272262 -0.191455 0.419321 0.309081 0.334668 -0.11105 -0.159408 0.235793 -0.358473 0.105924 -0.246496 -0.285643 0.165688 0.334317 -0.0803512 -0.163048 0.0732433 -0.114458 -0.0704498 -0.552834 0.24639 0.246321 -0.305959 -0.250373 -0.644551 -0.324308 0.248418 0.185576 -0.207686 -0.366627 -0.296932 0.0701156 0.159548 0.399026 -0.56451 0.411667 -0.0449668 
cashews -0.00776481 -0.200912 0.0828857 -0.0754999 -0.54652 0.432168 0.701741 0.155658 0.248137 0.0652261 -0.225302 -0.141134 -0.154941 0.456804 -0.263459 0.546147 0.0200095 0.313143 -0.0719795 0.427489 -0.0201018 0.317817 -0.151279 0.106217 0.0426196 -0.150266 -0.181861 0.0272289 0.293165 -0.226728 -0.419907 -0.387435 -0.158837 0.307014 0.449206 0.35655 -0.374333 0.20637 -0.400215 0.298559 0.128403 0.161587 -0.0977865 -0.54786 -0.399329 0.264288 -0.200925 0.00193888 0.479009 -0.136005 -0.294861 -0.542057 0.523395 -0.171636 0.544464 0.419128 0.395003 -0.184965 -0.480184 0.39114 0.677944 0.0553889 0.0303375 0.237977 -0.139112 -0.366509 0.305323 0.368043 -0.461459 0.175277 0.622318 -0.392935 0.0794524 0.493419 0.296752 -0.0998135 -0.190091 -5.98918e-05 0.0171686 0.12611 0.529454 0.217558 0.0887623 -0.0550061 0.757168 -0.220831 -0.164959 0.290291 0.0917238 0.125287 0.44418 0.0970727 0.410805 -0.247816 -0.681754 -0.0875724 -0.0991434 0.446837 0.45076 -0.55896 
mars bar -0.464856 -0.0719342 -0.129832 -0.430775 0.348094 -0.379193 0.414206 0.303737 0.488732 -0.341276 -0.294845 0.0597837 0.0199901 0.485742 -0.0605247 -0.438317 0.137759 0.12032 0.221251 -0.342925 0.252601 0.0971662 -0.440657 0.492048 0.0244616 0.0678894 0.139727 -0.246765 -0.438683 0.192316 0.463101 0.180737 0.433212 0.338263 -0.312247 -0.138557 -0.22178 -0.418114 -0.367093 -0.400509 -0.366107 -0.299187 0.0159293 -0.0381592 0.381805 -0.463201 0.0210455 -0.0951906 -0.130157 0.234455 0.226148 0.103567 -0.149236 -0.231776 0.181114 -0.201666 0.10806 -0.164889 0.452975 0.308237 0.205755 -0.346587 -0.12413 0.211621 -0.168186 0.431784 -0.30106 -0.165555 0.269972 -0.388951 0.0711416 0.237523 -0.0262652 0.168816 -0.312153 -0.457742 0.0601844 0.0505448 0.12721 -0.402996 0.109848 0.484937 0.0784066 -0.0653658 -0.331464 0.410967 -0.293767 -0.196807 0.278341 0.279785 0.218325 -0.273993 0.209018 -0.0315344 0.163919 -0.172716 -0.103861 0.251145 0.227217 -0.34563 
Potato Gratin with Chicken 0.30042 0.441015 -0.495306 0.16222 0.124707 -0.270639 0.271251 0.412775 0.336571 -0.00826665 -0.610509 -0.33878 -0.408928 0.330315 -0.110678 -0.287061 -0.00692447 -0.415193 0.0187504 -0.378415 0.39334 0.423775 -0.498522 -0.329812 0.00693199 -0.386058 -0.258124 -0.176413 -0.0307678 0.090283 -0.277251 0.347548 -0.143462 -0.307273 0.458064 -0.0850279 -0.395177 0.393404 0.471272 0.176093 -0.127593 0.502662 0.608732 -0.174077 -0.13918 -0.395906 0.0225276 0.102591 -0.104257 0.464047 0.0136151 0.0740936 -0.227402 -0.184286 -0.191788 0.0185663 0.380854 -0.387081 0.40965 -0.27302 -0.611988 0.301797 -0.480772 0.335189 -0.470636 -0.446363 -0.419889 0.202135 0.329593 -0.28981 0.431664 -0.493372 -0.0148007 0.0309646 -0.125587 -0.407883 -0.101098 -0.367433 -0.100048 -0.402279 -0.156233 0.673755 -0.47396 0.32808 -0.464626 0.276734 0.00110779 0.184463 0.0465964 0.244802 0.367554 -0.385764 -0.281063 0.0836641 -0.229124 0.101117 0.243228 0.316575 0.194368 -0.298087 
fresh thyme 0.0902066 -0.0346343 -0.193644 -0.602108 -0.315693 -0.265924 -0.343751 -0.201168 -0.226173 -0.444583 -0.143733 -0.399822 -0.401646 -0.347784 0.0698441 -0.330471 -0.628602 0.045988 -0.200822 0.214421 -0.445325 -0.00570469 -0.447524 -0.547454 -0.133371 0.212409 0.364893 0.0272267 -0.146508 -0.160352 -0.510718 -0.126481 0.244004 -0.0130324 0.206532 -0.12392 -0.118541 -0.486573 -0.0345076 -0.169774 0.0043901 0.244254 -0.194762 -0.327375 -0.533709 -0.120267 0.545658 -0.233904 0.704321 0.223767 -0.579 -0.0651905 0.448667 -0.436786 -0.402017 -0.769726 -0.330454 0.633833 -0.524052 -0.0328367 0.206495 -0.430769 -0.57375 -0.0584453 0.144532 0.0576314 0.499795 -0.121014 -0.0619517 -0.211072 -0.0339663 -0.15069 0.20395 -0.501468 -0.0264912 0.51917 0.0626732 0.086538 0.114007 -0.15319 -0.359648 -0.388572 0.164152 0.221037 -0.585828 -0.360847 0.316014 0.00597523 -0.234434 -0.190974 0.284557 -0.641113 0.564498 -0.288859 0.398943 0.246481 0.349233 0.0508364 0.190545 0.433119 
lamb loin chops 0.0594927 -0.100409 -0.110142 0.214811 0.0202366 0.150114 0.00891221 -0.0812984 0.050056 0.304085 0.185959 -0.0607435 0.580115 0.410714 0.273368 -0.074679 0.373605 0.308971 0.243506 -0.349133 0.0165119 0.448616 -0.492244 0.155029 -0.341379 0.342012 -0.488061 -0.232372 0.654099 0.0081604 0.218249 -0.472673 0.243654 0.0770115 -0.117135 0.233443 -0.0777117 0.331599 -0.517144 0.520487 -0.276219 -0.193746 -0.0348126 -0.0719816 -0.112507 -0.779948 0.411206 -0.136388 -0.00112142 0.166428 -0.287034 0.266828 -0.778002 0.364135 0.466491 0.30156 -0.259995 -0.0344871 0.175464 -0.196313 -0.326434 0.121089 -0.571476 -0.365072 0.488115 0.580751 0.159084 0.0405488 -0.0301827 0.183196 -0.00962692 -0.0656819 -0.236488 -0.340733 -0.0307792 -0.0127905 -0.29269 -0.0420375 -0.356978 -0.158105 -0.107749 0.0302457 0.173567 -0.226673 0.0559812 -0.0691842 -0.444371 -0.526836 -0.174652 0.447992 -0.170286 -0.6538 0.386269 0.0157993 0.511765 0.113771 0.302241 0.288853 0.187129 -0.471255 
horseradish 0.46525 -0.312296 0.467115 0.134372 -0.182018 -0.185635 0.140893 -0.0829232 0.223186 0.112261 0.119747 0.332619 0.636096 -0.512977 0.0456808 -0.258446 0.384629 0.333424 0.0396168 -0.18876 0.511919 -0.0226998 0.316638 0.703003 -0.215595 0.497867 0.104283 -0.121495 -0.550952 -0.0507835 0.577437 0.138752 -0.0210524 0.199822 0.455928 0.720947 -0.0991623 -0.36627 -0.0601566 -0.0126483 0.220488 0.0152877 -0.210792 0.457506 -0.040039 0.00738913 0.274482 -0.250933 0.203224 0.487605 -0.174498 -0.055517 -0.2053 0.33116 0.0768298 0.192627 0.349359 -0.417732 -0.276701 -0.359439 0.593901 0.00864746 -0.417022 0.442976 0.530944 -0.0161177 0.253083 0.190506 0.611623 -0.221566 0.238015 -0.0506928 -0.457395 -0.341512 -0.149482 -0.306765 -0.269571 0.408188 -0.0862276 -0.29287 -0.0205619 -0.362017 0.0561941 -0.176234 0.565495 0.0840266 0.641125 0.442138 0.474289 -0.115637 0.449027 0.0684134 0.256019 0.300545 -0.2661 0.189513 0.0860343 -0.551965 -0.281069 -0.12177 
Hot Chocolate Fudge 0.207735 0.110251 -0.0999835 -0.355037 0.23143 0.0433227 0.561469 -0.0984582 0.00242906 -0.273065 -0.42079 0.075581 0.181978 0.459233 -0.684588 -0.59365 0.214757 -0.16706 0.644449 0.393185 -0.3641 -0.444077 -0.148958 0.338057 -0.222828 0.139891 0.403347 -0.25626 0.0710671 -0.0984023 0.107527 -0.466007 0.251651 -0.237413 0.294489 -0.253466 0.312005 0.359531 -0.337486 0.369273 -0.149601 0.0879535 -0.165511 -0.344702 -0.281296 0.301036 -0.504171 -0.610898 -0.128864 0.185833 0.148534 -0.378018 -0.359119 0.264845 -0.238392 0.255047 0.0719363 -0.205863 -0.259501 0.357612 0.305364 0.113291 -0.541903 -0.0410959 -0.278415 0.285674 -0.711032 -0.77203 -0.350765 0.256936 -0.0419004 -0.202855 -0.149911 0.306003 0.0855774 0.489447 0.147595 0.335727 -0.0892289 0.452805 -0.150881 -0.30137 0.546778 0.308117 -0.0928327 0.372216 -0.472392 0.172878 -0.068069 0.0704456 -0.45185 -0.530589 0.362043 -0.0186687 -0.0416557 -0.164535 -0.186272 -0.509629 0.349818 -0.179734 
king prawns -0.664005 0.400324 -0.233847 0.461512 0.228634 -0.560202 0.251575 0.0238512 0.64412 0.0205644 0.174304 -0.368889 -0.147257 0.702343 0.535127 0.0503827 0.128712 -0.19799 -0.657906 -0.513541 -0.473088 -0.570884 -0.0247059 0.363405 0.331528 -0.457683 0.799193 0.411019 0.0412963 -0.281018 0.0174913 -0.471596 -0.395363 0.50058 -0.297185 0.124138 -0.432667 0.00316133 0.38701 -0.46099 -0.715919 0.500659 0.0798458 0.297786 -0.349757 -0.217915 0.0660561 0.563024 0.131052 -0.46149 -0.714691 0.54157 -0.0492188 -0.131455 -0.0996997 0.191092 0.0993718 0.546542 0.258148 -0.429222 -0.467838 -0.185012 -0.508028 0.00268443 -0.216082 0.415885 0.0489184 -0.210612 -0.369771 0.587039 0.771439 0.240399 0.172994 0.178119 -0.692869 -0.393205 0.538692 0.220974 0.730315 0.483629 -0.288916 0.398521 -0.0360581 -0.082478 0.21321 0.460167 -0.20864 0.702232 -0.524792 -0.393797 -0.334992 -0.664529 -0.0310587 -0.0757946 -0.335947 -0.224164 -0.440533 -0.123477 -0.257168 0.238976 
Squash linguine -0.399403 -0.105191 -0.0942142 0.199417 0.49267 0.344694 -0.219939 -0.0401136 -0.293486 0.429315 -0.311484 -0.458264 -0.430736 0.487889 -0.336601 0.035737 0.470858 0.0952519 -0.133935 -0.335276 -0.294615 0.103315 0.113804 -0.0106989 0.0721496 -0.332466 -0.010594 0.426521 0.489969 -0.047914 0.175974 0.399329 0.363517 -0.339457 -0.236494 -0.480707 -0.232805 -0.0406732 0.0443317 0.459805 -0.014409 0.0019383 0.373554 0.392052 0.34004 -0.215733 -0.00224411 0.209452 -0.317239 0.250401 0.426818 -0.0592284 0.0347693 -0.121191 0.330731 -0.0335542 -0.0428904 -0.21784 0.353318 0.313951 -0.204799 0.247373 0.185831 0.418988 0.407425 0.015592 -0.0165822 -0.487646 0.46357 -0.189276 -0.07402 -0.136617 0.138809 -0.208082 0.415069 -0.0460793 -0.0925206 0.054094 -0.338269 -0.241468 0.304223 0.0836035 0.425462 -0.248952 0.128185 0.191405 -0.20498 -0.252484 0.0643662 -0.288387 0.163092 -0.159176 0.435313 0.236981 0.356361 0.0791926 0.299473 -0.404975 0.144999 0.494683 
small potatoes -0.404808 0.249159 0.538213 -0.615979 0.210191 -0.164615 -0.483506 0.23676 -0.0468081 -0.0382835 0.422299 -0.338549 0.244458 -0.603912 0.222859 -0.19461 -0.0532704 -0.0949995 0.213856 -0.482827 0.255972 0.174671 -0.0310177 -0.231118 0.43754 -0.107022 -0.0284824 0.468361 0.277009 0.335645 0.151662 0.313033 0.251768 -0.567325 -0.181609 -0.0322245 0.15564 -0.407139 -0.394265 -0.0596845 0.486032 0.104351 0.229385 -0.256781 0.522492 0.0830817 -0.130339 -0.577807 0.313078 -0.361373 -0.24119 0.316968 -0.241238 -0.49561 -0.435755 0.33278 0.0552577 -0.317918 -0.177969 0.165231 -0.564871 -0.352741 -0.0268628 -0.0331402 -0.336468 -0.243175 -0.545299 0.199601 -0.155942 0.170522 0.0942405 -0.611576 0.407151 0.318784 0.423301 0.635623 0.18518 -0.471062 0.324196 -0.305267 -0.323427 0.0508232 -0.107798 0.106456 -0.273141 -0.0497392 0.0402557 0.574994 0.251802 -0.123786 0.49907 -0.297645 0.200919 -0.0493123 -0.0421441 -0.388305 -0.368413 0.479399 0.485916 -0.253732 
ginger garlic paste 0.455337 0.437712 0.330821 0.263441 0.0957842 0.145884 0.147736 -0.285343 0.29727 0.126283 0.213833 0.350852 -0.394026 -0.178965 -0.684168 0.0517924 -0.2401 0.652909 0.373178 -0.242016 0.649864 -0.244038 -0.267752 -0.276595 -0.430637 0.233242 -0.333626 -0.333995 -0.167388 0.193074 -0.572637 0.458141 -0.151368 0.627737 -0.0402672 0.211177 -0.508211 0.0223509 -0.493429 -0.401599 0.359465 0.10017 -0.212417 -0.455016 -0.593054 0.361696 0.165663 -0.502407 -0.047357 0.107066 0.673518 0.432269 -0.119856 -0.420792 0.264735 0.407483 0.192648 -0.236997 -0.220634 0.563885 0.02602 0.0157992 -0.00808759 0.370067 -0.0323422 0.373911 -0.0246483 0.389298 -0.0769738 0.350688 -0.470998 -0.393603 0.0855868 -0.0553939 -0.412419 -0.513165 -0.315164 0.432229 -0.117816 0.684049 0.400384 0.0853601 -0.49998 -0.120712 -0.366083 -0.270793 0.383482 -0.32694 0.369243 -0.0901368 0.249102 -0.68077 0.475968 -0.100167 0.677417 -0.133018 -0.0406439 -0.0372494 -0.260022 0.430766 
borlotti beans -0.126223 -0.15583 -0.223366 -0.252127 -0.236374 0.102344 0.726275 -0.411079 -0.107967 0.511792 -0.193441 0.375478 0.00571627 -0.238191 -0.0031435 -0.418642 -0.206353 -0.257417 0.740494 -0.251816 0.263431 0.15438 -0.290256 0.0720283 0.239885 0.465357 0.323985 0.104617 0.560117 0.378375 -0.0967875 0.198436 0.304726 0.33081 0.12271 0.809556 0.335496 -0.287525 -0.101293 -0.531574 -0.414044 -0.125701 -0.102042 -0.0745959 -0.188037 0.120037 -0.255747 -0.20972 -0.113155 0.283508 0.332472 0.0791134 -0.135813 0.259492 0.179834 -0.102868 0.344566 0.134132 0.214186 -0.098419 0.113246 0.213233 -0.097179 -0.18068 0.17968 -0.328425 -0.278332 -0.14663 0.283924 -0.0182867 -0.354402 0.0506199 -0.264973 0.52601 -0.450723 0.372205 0.317258 -0.288887 -0.0876301 -0.425642 0.764526 0.486732 -0.608594 -0.338413 -0.629541 -0.154305 -0.142887 -0.56338 -0.352132 0.0870679 0.441405 -0.102985 0.00254642 0.235294 0.312383 0.336792 0.284795 -0.0758169 -0.0833531 -0.667161 
khus khus 0.391375 -0.00558454 -0.168191 -0.364749 0.147039 0.45659 0.318031 0.229458 0.0442567 0.0529543 0.26518 -0.118951 0.151833 0.241417 -0.0127274 0.198981 0.242282 0.339017 0.255414 0.280529 0.0709544 -0.234945 0.574798 0.0674287 0.152879 -0.404213 0.562373 -0.676418 -0.291967 0.0852542 -0.00505862 0.0172092 -0.218844 0.408504 -0.359427 -0.348708 -0.619126 -0.141503 0.590909 -0.297638 0.496452 -0.404191 0.129228 -0.00862428 -0.0755601 0.146711 -0.252565 -0.593797 0.478441 -0.244932 0.34942 0.182397 -0.0651503 -0.473041 -0.303913 0.237928 -0.333955 -0.647482 0.14874 -0.0931646 0.0309928 -0.233537 -0.499093 0.182668 -0.565735 -0.387431 0.50708 0.279686 0.111247 -0.270564 -0.268671 0.0175016 -0.0577229 0.0315863 -0.317086 -0.430119 -0.388563 -0.215547 0.0672747 -0.145684 0.251646 0.0424909 -0.236253 0.466562 0.175925 0.209851 0.443685 -0.314575 0.20283 0.189672 0.116665 -0.242873 0.300664 -0.457785 0.0386007 -0.100581 0.255289 0.268632 0.291782 -0.16807 
lamb -0.229515 0.286184 0.317638 0.857545 -0.107117 0.0709203 0.2419 -0.191582 -0.511463 -0.305714 0.63177 -0.340144 0.0254028 -0.309686 0.0631987 0.939806 -0.253953 0.452374 -0.448602 0.107317 -0.361948 -0.0875902 0.583683 0.338832 0.366135 -0.282915 0.375951 -0.687663 0.0293329 0.970864 -0.79915 0.396139 -0.112999 0.483611 0.399952 0.107199 0.394723 -0.230305 0.400366 0.040463 -0.627334 -0.595563 0.23594 -0.181083 -0.474817 -0.12076 -0.0233272 0.0371663 -0.112122 -0.0157906 -0.62091 -0.381913 -0.23687 0.267661 0.601963 0.502427 0.101759 0.116642 -0.26487 0.101808 -0.0279652 -0.545932 -0.350912 -0.00906603 -0.803541 -0.197919 0.286331 0.161916 0.0863017 0.170511 -0.450353 0.333663 -0.343282 0.0338011 0.128213 0.294717 0.0573005 0.379646 -0.0893589 -0.0502647 -0.0543012 -0.518662 0.546998 -0.0163011 -0.385913 -0.605269 -0.519575 -0.324138 0.070483 0.138595 0.214065 -0.311493 0.666451 -0.573451 0.713145 0.193386 0.535272 0.557388 -0.0801699 -0.242989 
lettuce -0.204207 0.158779 -0.119357 -0.210762 0.0594306 0.239014 0.304668 0.0421181 0.144173 -0.496106 0.641623 0.506988 -0.244601 0.671203 0.36458 0.238486 -0.0128319 -0.674271 -0.556624 0.112105 0.318766 -0.256205 0.446434 0.638785 -0.222137 -0.445492 -0.180764 0.410272 -0.207551 -0.26053 0.193958 -0.289137 0.0462691 0.00671739 0.254554 -0.28226 -0.148571 -0.330795 -0.0475522 -0.539477 0.150327 -0.0745767 0.577899 -0.375512 -0.323308 0.139479 -0.111857 0.400269 0.591712 0.175307 0.0694525 0.401517 -0.531289 0.0292823 -0.0021788 0.446435 -0.170943 -0.514078 -0.195511 -0.103382 0.292736 -0.525408 -0.0971205 0.0514815 -0.0413045 -0.429151 -0.0729858 -0.184907 0.0646443 -0.243913 0.335011 -0.400225 -0.0771718 -0.0225697 0.00187884 -0.106339 -0.362042 0.779944 -0.0806136 0.820887 -0.350096 -0.115806 -0.156256 0.366959 0.0401397 0.285894 0.112314 0.426856 -0.62789 -0.152006 -0.0709506 -0.194547 -0.652011 -0.672263 0.173926 0.671959 0.447704 -0.21596 0.246261 -0.559068 
red chilli powder 0.0761604 0.186151 -0.278925 -0.0337973 0.176029 -0.039006 0.507219 0.158539 -0.0648031 -0.261037 0.0045481 -0.189633 0.09185 0.125275 -0.530465 -0.0393647 0.213694 -0.163109 -0.0883811 -0.0279539 0.193002 0.0644146 0.630283 0.415212 -0.49881 -0.332588 -0.0695114 0.0667423 -0.254556 0.00648319 0.141329 0.491514 -0.259026 0.313064 0.0711682 -0.227636 0.000310244 0.0150374 0.548228 0.525758 -0.632699 0.673448 -0.330289 0.598782 0.228163 0.463525 -0.270202 -0.475553 -0.401376 -0.488466 -0.581494 -0.736605 -0.311986 -0.210023 0.663614 0.125639 0.0225558 0.260903 -0.402839 0.0921419 -0.0298791 -0.416752 -0.198094 0.0358859 -0.568614 0.0500902 -0.501972 0.163362 -0.591584 -0.160139 -0.30561 0.290026 -0.542814 -0.348656 0.183582 0.348522 0.173257 0.268628 0.0384502 0.0620425 -0.15941 0.271099 0.314973 -0.219012 -0.436741 -0.734294 -0.403679 -0.667013 -0.272262 0.141472 0.52234 0.191319 -0.00965622 0.292838 -0.254203 -0.00810942 0.359364 -0.305198 -0.0511883 -0.662401 
Polskie Nalesniki (Polish Pancakes) 0.414196 0.289247 -0.125555 -0.0875147 0.298874 -0.0137284 -0.311481 0.218165 0.249564 -0.152586 0.361857 -0.353143 0.455295 0.465726 0.39589 0.495903 0.236613 -0.254218 0.148972 -0.180463 0.458326 -0.217553 -0.312191 0.178302 0.444305 -0.0466965 -0.0677163 -0.153953 0.162866 0.186466 0.250116 0.245389 -0.343523 0.0652077 0.198523 -0.371251 0.218784 -0.00862798 -0.475726 0.444389 -0.412686 -0.0506381 0.487709 0.0971639 0.103416 -0.10415 -0.408266 -0.121276 -0.398313 -0.0229025 -0.0840294 -0.046533 -0.311898 0.185877 0.439513 -0.313617 0.0482416 0.0810951 0.0359728 0.476105 -0.275462 -0.0458566 -0.0723618 -0.0160445 -0.358325 0.244759 -0.287823 0.278919 -0.449722 -0.324961 -0.0980225 0.183622 0.42675 -0.0855882 0.15692 0.273582 0.237521 -0.427981 0.221348 -0.150409 0.350787 0.272574 0.443647 0.259702 -0.292028 -0.038542 -0.337738 -0.164893 0.475088 -0.28678 -0.364085 0.379533 -0.221566 -0.103855 -0.0967924 0.114773 -0.422309 0.347485 0.0182402 0.178507 
baguette 0.278389 -0.291374 0.138165 0.478363 -0.325635 -0.00240882 -0.416206 0.168648 -0.460273 0.151221 -0.0875303 -0.288444 0.273878 0.486246 0.0179065 -0.0112498 0.345753 -0.130542 -0.244755 0.157289 0.0186398 -0.16938 -0.396549 -0.305402 -0.206625 -0.0538206 -0.297033 -0.28889 -0.130992 -0.48659 0.475856 0.203014 -0.331286 -0.346312 0.255835 -0.48251 -0.252575 -0.436986 -0.216643 -0.100223 0.0769629 0.353859 -0.357808 -0.397896 -0.164726 0.434174 0.384417 0.474416 0.02064 -0.491114 0.297416 0.42147 -0.34406 -0.319211 -0.17362 -0.176186 0.138861 0.317858 -0.243422 0.085233 0.449041 -0.42121 0.0743315 -0.000751851 -0.268514 -0.269877 -0.265256 0.0139534 -0.466125 -0.181636 -0.197506 -0.310907 -0.395229 -0.141169 0.363282 -0.133931 0.382319 0.117459 0.431092 0.0725993 0.389474 0.121418 0.0845139 -0.25102 0.0897573 -0.414217 0.281965 -0.0709587 -0.400422 0.263871 0.351982 0.0555492 -0.119565 -0.406204 0.140682 -0.0988886 0.419135 0.302088 -0.334974 -0.110419 
saffron -0.25837 0.331089 -0.52097 0.89046 0.153521 -0.468157 0.202764 0.437261 0.213709 -0.463932 0.0341078 0.0252784 0.363346 -0.134559 0.296089 -0.425561 -0.0849479 -0.0928703 -0.462604 0.0312948 0.606766 -0.431789 0.460604 0.0397355 0.448371 -0.933663 -0.120811 -0.595458 0.00974894 0.0888261 0.170432 -0.226797 0.0494604 0.35037 -0.0470397 0.230007 -0.059038 -0.633362 0.0575906 0.515242 -0.569045 -0.201214 0.615452 -0.0608007 -0.477318 0.206717 -0.391156 0.213267 0.281247 -0.257602 -0.452656 -0.942577 0.0124152 -0.970895 0.187104 0.218611 -0.116554 -0.0694736 0.0123164 -0.172083 0.392264 -0.450225 -0.155757 0.17016 0.214573 0.184359 -0.482219 0.230203 -0.575534 0.0982017 0.0708911 -0.430346 -0.814367 -0.392233 -0.0678127 0.507901 0.657417 0.113661 0.172359 0.831381 -0.14739 -0.623384 -0.0809174 0.467013 -0.22547 -0.128003 -0.562928 -0.231192 0.322124 0.125052 -0.165648 -0.927284 0.159535 0.394463 0.427473 0.142843 0.481003 -0.574154 -0.112885 -0.367076 
Tandoori chicken -0.390885 -0.587947 -0.521086 0.160638 0.394492 -0.20246 0.668725 0.390463 -0.0554878 0.457536 -0.137891 -0.351154 -0.475493 0.263945 0.471956 0.41978 0.214182 0.21552 0.15111 0.249181 -0.169977 -0.334334 0.197313 -0.185407 -0.0467531 -0.632381 0.0723233 0.297251 -0.108096 0.281083 0.216367 0.171702 -0.340569 0.406733 -0.296633 -0.419023 0.601651 -0.259089 -0.142184 0.172161 0.247099 0.342933 0.435623 0.100866 0.685861 0.429854 -0.435176 0.295296 0.0841925 0.190167 0.130654 0.417124 -0.427058 0.0578425 0.151076 0.127336 -0.293932 -0.00642224 -0.378038 -0.184293 0.43042 -0.129544 -0.238715 -0.10546 0.161857 0.19351 0.134157 -0.387653 0.0642588 0.272684 -0.398649 -0.443793 -0.378587 0.23449 -0.310031 -0.102098 0.624083 0.365545 0.378815 0.266925 -0.346072 0.444839 0.000543499 0.701937 0.380148 0.349226 0.254238 0.395686 -0.631856 -0.119296 -0.554129 -0.569388 0.602899 0.0665336 -0.148232 0.492001 -0.088011 0.342205 0.288825 0.0598738 
chicken thighs -0.214312 -0.169884 0.352688 -0.0837529 -0.22283 0.18309 0.235601 0.11992 -0.925908 0.395502 0.193394 0.0186556 -0.39537 -0.0521121 -0.367965 -0.325966 0.788442 0.328179 -0.0504493 -0.231995 -0.539433 0.176748 0.295501 -0.0666358 -0.385444 -0.248335 -0.267628 -0.0465541 0.00732102 -0.399191 -0.051099 0.14077 -0.200204 -0.284526 0.290015 0.228968 0.345864 0.373291 0.358532 -0.328358 -0.0347934 -0.201786 0.423846 -0.283859 -0.0455555 0.0647742 0.388667 0.541575 0.417602 0.811057 -0.409095 -0.0457183 -0.438643 0.445129 0.547126 0.26639 -0.0456093 -0.222063 0.360712 0.217439 -0.263737 0.402156 -0.731928 0.0536378 -0.0963942 0.502894 0.0892837 0.412798 -0.141158 0.149414 -0.10964 -0.169059 0.149074 0.112058 0.00611452 -0.16 -0.429199 0.261891 0.0372988 0.106425 -0.427112 -0.275566 0.100947 0.32665 -0.416409 -0.0506003 -0.126634 -0.142874 -0.512073 -0.254375 -0.293197 -0.788213 -0.320845 -0.0217425 0.300397 0.0129149 0.644679 0.306866 -0.685617 -0.429945 
linguine pasta -0.163855 -0.110814 0.157979 -0.245652 0.528386 -0.555672 0.559252 -0.0837616 -0.0264185 0.195847 -0.387751 0.171219 0.129535 -0.0968858 0.0567103 -0.338418 -0.387371 -0.412195 -0.263678 0.159384 0.324775 0.272954 0.240905 -0.55093 -0.366314 -0.14248 0.696381 0.423282 0.370065 0.20209 0.0492425 0.0550587 -0.412699 -0.0266389 -0.514969 0.394361 -0.18932 -0.221436 -0.219313 -0.511392 -0.17668 0.223117 0.186923 -0.0718452 -0.462883 0.438917 0.0804574 -0.243828 0.0306545 0.0258389 -0.52319 -0.0509829 -0.527409 0.0640156 0.00640913 0.174745 -0.389382 0.0369082 -0.0422359 -0.594094 -0.0744622 -0.138411 -0.619585 0.0588247 -0.055378 -0.0215891 -0.342096 0.272601 0.317356 0.0312197 0.306619 -0.365254 0.0716924 0.0566076 0.252322 -0.402317 0.318113 0.33883 -0.176171 0.625887 -0.762365 0.530097 0.299839 0.617647 -0.590338 -0.172756 0.279664 -0.171583 0.228194 -0.37689 0.263355 0.0461243 0.203571 -0.405605 -0.297531 0.529796 -0.114078 0.244816 -0.062175 -0.534898 
garlic clove -0.0792103 0.174473 -0.334864 0.26935 0.289661 -0.507373 0.65067 0.270842 0.0751042 -0.157425 -0.148108 -0.267878 0.187936 0.0121581 0.0143969 0.652684 -0.0906931 -0.00762071 -0.229164 0.210718 0.451143 -0.351641 0.286384 0.407487 0.187148 -0.778722 0.0857729 0.483348 -0.451023 0.675483 0.387648 0.350089 0.104943 -0.0376278 -0.808997 0.271863 0.648252 0.01831 0.283428 -0.453415 0.294415 -0.0440638 0.547689 -0.0699521 -0.287512 0.240407 -0.0640064 0.403128 0.763446 -0.396954 0.210897 0.127876 -0.225248 0.266679 0.177144 0.0321586 -0.0169153 -0.82975 0.0385817 -0.297106 0.000651342 -0.244273 -0.20774 -0.0162952 0.763175 0.0594659 -0.496945 0.0682949 0.0417237 0.390354 0.109829 -0.578667 0.359694 0.714062 -0.181699 -0.566577 0.526875 0.397909 0.316268 0.375912 0.554485 -0.254643 0.266684 0.517113 -0.358888 -0.0980787 -0.586096 -0.0128679 -0.185744 -0.710969 0.550258 0.79545 -0.325394 -0.199833 -0.199934 -0.292159 0.155423 0.118959 0.247011 -0.89768 
Madeira Cake 0.0834522 -0.119542 0.255225 0.114935 -0.300877 0.493619 0.256673 -0.283829 0.153682 0.383442 0.249948 -0.0210684 0.193615 0.461434 -0.466932 0.276519 0.189494 -0.0150596 -0.0488272 0.0788996 0.490159 0.277556 -0.338243 -0.319589 -0.0687097 0.26036 0.430071 -0.122687 -0.0579861 0.355881 0.287723 -0.0408194 0.335762 0.325985 0.0561044 -0.226405 0.236859 0.117215 -0.472935 -0.363636 -0.0479579 0.351085 -0.466375 -0.478468 0.436947 0.0806648 0.0166879 -0.0128993 -0.387425 0.297062 0.218372 0.207681 0.144654 -0.337694 0.172416 0.441971 0.47833 0.110339 0.257334 -0.249166 0.453191 -0.232952 0.38317 0.12399 0.102336 -0.0880197 -0.300829 0.376851 -0.330095 0.111586 -0.261391 0.311322 -0.0574378 0.316885 -0.219953 0.12598 0.0761081 0.0478074 -0.49575 0.285088 -0.349513 -0.192303 0.240674 0.0924433 0.272205 -0.244761 -0.358544 0.303619 0.164912 -0.150186 0.429849 -0.43495 0.0567139 0.353045 0.311366 0.112547 -0.376304 -0.276908 -0.00210294 0.257607 
lemon -0.71887 -0.793454 0.0807373 0.146428 0.92013 -0.0563547 0.674375 -0.79223 0.0140512 -0.535821 -0.0238649 0.0350877 0.425174 -0.0134376 0.811781 -0.223761 -0.218299 0.42187 -0.245937 0.964902 0.0752403 0.363702 0.569677 0.706873 -0.326485 -4.99066e-05 0.338142 -0.456836 -0.314755 0.0754109 -0.0986511 -0.943483 -0.412132 0.07821 -0.433021 -0.824354 0.449506 0.00275802 0.0510052 -0.0822458 0.395204 -0.00318545 -0.0909172 -0.647913 -0.557317 0.933951 -0.579766 0.779352 -0.384683 0.905747 0.487143 -0.0827629 0.000328321 -0.228904 0.429866 -0.0147558 -0.358835 -0.188889 0.212423 0.337505 0.446334 0.174197 -0.758127 0.578471 -1.0255 -0.316614 0.732439 -0.31002 0.517178 0.962303 0.755673 -0.417643 0.097672 0.132306 -0.0870393 -0.639223 -0.352721 0.502223 -0.747246 0.323597 -0.152119 -0.62157 -0.237339 -0.170135 -0.194757 0.164162 -0.486391 0.0860796 -0.0546182 0.182593 -0.435735 0.775236 1.04859 -0.147305 0.374483 0.437436 1.20092 0.584957 -0.136664 0.0516486 
ground cumin 0.587736 0.359476 -0.283154 -0.27056 0.0439904 -0.425799 0.764568 0.571771 -0.018291 -0.00627535 0.464239 0.424429 0.127756 -0.176494 0.0660091 0.149208 -0.0558488 -0.348611 -0.0367669 0.0805487 -0.41631 -0.128863 0.204337 0.283072 0.269219 -0.365971 -0.357842 0.366296 -0.843424 0.519269 -0.726024 -0.0890143 -0.0190603 0.168526 0.312735 0.466372 -0.0922218 0.0482509 -0.138672 -0.00687795 0.07651 -0.525645 -0.35073 -0.193413 0.307503 0.482076 0.266836 -0.366527 0.279242 -0.239061 0.184926 -0.0182032 -0.577052 -0.247194 0.050947 -0.399028 0.0481544 -0.425729 0.10804 -0.515298 0.555005 0.202388 0.202584 -0.381795 0.643411 0.752674 -0.669794 -0.121922 -0.263858 0.089228 0.0211711 -0.841318 -0.0262936 0.195362 -0.609616 0.129541 0.258568 -0.329736 -0.180814 0.361846 0.637296 -0.309381 -0.233117 0.315669 -0.0224042 0.300931 0.274024 -0.296458 -0.278736 -0.370366 -0.249724 0.469956 1.03202 0.342227 -0.181325 0.0760003 0.00537051 -0.363133 -0.295074 -0.435156 
digestive biscuits -0.380359 -0.353455 -0.991982 -0.249802 -0.0463931 -0.138663 -0.397475 0.248214 -0.117176 -0.0222078 0.169825 0.0491508 0.070705 0.0726637 0.575765 -0.532517 -0.386646 -0.212636 -0.0434411 -0.0201975 -0.461336 0.444468 -0.117835 -0.336304 -0.509193 0.312628 0.337402 -0.0949495 -0.393657 -0.0176131 0.0160511 0.324182 -0.222492 -0.0987359 -0.293692 -0.125457 -0.638845 -0.498023 -0.287504 0.609383 -0.47296 -0.207337 0.546592 -0.130618 -0.364195 -0.431182 0.207848 0.0537672 0.0379595 0.253853 -0.322898 1.04141 0.461815 0.0605922 -0.0322065 -0.184955 0.0160284 -0.137149 -0.558631 -0.181868 0.0298987 0.373989 0.309502 0.141699 0.716536 0.720928 0.130083 -0.432416 -0.376965 -0.0765448 -0.213249 -0.0197243 0.719231 0.1846 -0.110601 0.318154 0.177079 -0.0832861 0.00763821 0.268895 0.415467 -0.0201776 -0.536217 0.408286 -0.517917 -0.0558993 -0.553573 -0.326117 0.384938 0.587127 0.00220778 0.485836 0.138091 0.442907 0.519809 -0.0125814 0.434777 0.234578 0.363272 0.200866 
chopped parsley 0.254438 0.085872 -0.307382 0.119775 -0.0104708 0.277405 0.437412 0.000479606 0.306084 -0.151645 -0.248312 -0.277208 -0.348508 0.325836 -0.0406491 -0.0623417 0.149839 0.238961 -0.315203 -0.442155 0.0975985 0.32067 0.140121 -0.450058 -0.0167031 -0.00941111 -0.108283 -0.327656 -0.214867 -0.0784825 -0.261054 -0.271698 -0.111869 0.222601 -0.312954 -0.241539 -0.229966 0.175812 0.0182854 0.426398 0.372251 0.241202 -0.0120108 0.0966971 0.0490223 0.116581 0.0502114 0.573454 -0.373378 -0.391965 -0.438422 -0.243056 -0.239902 0.299387 -0.388672 0.552515 -0.348006 0.404046 0.366489 -0.0637611 -0.0697848 -0.0630361 -0.704433 -0.193782 -0.317172 -0.048833 -0.279862 0.111102 0.00473793 0.358398 -0.0824638 0.0464724 -0.0921624 -0.151458 0.345254 0.572172 0.269262 -0.0285396 0.164314 -0.48594 -0.130593 0.413187 -0.149346 0.055918 0.400181 0.167941 -0.745068 0.271515 0.302397 0.116819 -0.29276 0.13218 -0.362736 0.33054 0.00704758 -0.44419 -0.569719 0.211785 0.330268 0.743385 
Kidney Bean Curry 0.090191 -0.459088 -0.120616 0.289534 -0.205666 0.382284 -0.379815 0.378415 0.160401 0.430393 -0.205087 0.341904 0.26592 0.376882 0.207185 -0.330043 -0.117479 -0.0416549 0.0524351 0.131436 -0.486638 -0.411193 -0.169275 -0.412296 -0.0647928 -0.217819 -0.202942 0.406949 -0.247847 -0.011237 0.0818428 -0.206762 -0.45858 0.404515 0.3549 0.494432 -0.283216 0.276617 -0.421824 -0.157024 -0.492944 -0.0504831 0.206609 0.477982 -0.0697001 0.0332841 0.46495 -0.294517 -0.135286 0.34966 -0.311651 0.13539 0.444683 0.0775909 0.191144 0.232446 -0.395724 0.381695 0.257373 -0.380611 0.313774 0.38966 -0.186779 -0.338443 0.208224 -0.443896 -0.312413 0.0498796 -0.313144 -0.0788999 0.0657088 0.411649 0.125547 -0.105278 -0.0407896 -0.201315 -0.252846 -0.202052 -0.469312 -0.348608 -0.390531 -0.0125838 0.329376 0.1602 0.489049 -0.0317873 -0.316379 0.21061 0.370206 0.0504701 -0.423148 -0.260574 0.277912 0.25875 0.219664 -0.0920721 -0.399799 0.460729 -0.129789 0.21775 
red onions -0.146416 -0.204918 0.251594 0.195628 0.354072 -0.503247 0.367023 0.54779 -0.180272 0.424732 0.0609522 0.311102 -0.423661 -0.516412 0.154747 0.368568 -0.463156 0.421944 -0.063811 -0.330374 0.525063 -0.616199 0.0546223 0.469536 0.130303 -0.577818 0.579802 0.757362 -0.865918 -0.183828 0.365611 0.0754717 0.283997 -0.146186 0.245456 -0.173224 -0.1929 0.0764002 -0.2338 0.236544 -0.11713 0.0589031 0.122244 -0.113379 0.0291708 0.286165 -0.0732742 0.367452 0.843867 -0.220866 0.434399 0.578556 0.179157 0.0174958 -0.333175 0.0158558 0.184523 -0.124413 -0.0247081 -0.179258 0.124152 -0.209245 0.12096 -0.0911915 -0.184866 -0.146023 0.197086 0.0118962 -0.250511 -0.396469 -0.0440362 0.191436 0.564052 -0.593491 -0.70669 0.32694 0.150656 -0.646977 -0.437955 -0.16453 -0.14262 -0.653118 0.536922 -0.0503566 -0.249332 -0.235744 -0.453852 -0.446938 -0.20273 -0.130824 -0.511092 -0.273495 -0.0446589 0.139145 -0.234238 -0.14572 -0.0801749 -0.123322 -0.823895 -0.0436011 
aubergine -0.476908 0.254476 0.65397 -0.0414884 0.206303 0.196943 -0.0585712 -0.101048 0.352563 0.147401 0.503155 0.282839 -0.141845 -0.601683 0.272486 -0.248012 -0.0468423 0.106233 -0.311022 0.241732 0.177375 -0.338887 0.0391971 -0.053884 0.482983 0.533808 0.210892 -0.22205 -0.0115734 -0.0299035 -0.0264523 0.600742 0.106042 -0.167002 0.2443 0.0812346 0.307715 -0.312334 0.240236 -0.101474 -0.207246 -0.248887 0.428637 -0.276944 -0.573634 0.191664 -0.108952 0.0534774 0.533545 0.390499 -0.00488816 0.223669 -0.178331 -0.275488 0.517618 0.0823363 -0.245452 0.124105 0.165511 0.379659 0.0126743 -0.617677 -0.163781 -0.174754 -0.171899 0.5394 0.0275123 -0.0591799 -0.226617 0.0224495 0.387033 -0.224343 -0.470091 -0.079933 0.359777 0.427335 -0.189162 0.429157 0.310847 0.188406 0.224359 -0.12432 0.133563 0.200335 -0.0455602 -0.40746 0.602009 -0.11828 -0.162652 0.287599 0.466344 0.365627 0.303467 -0.239654 -0.224099 0.269346 -0.236176 -0.455789 -0.283858 0.257126 
coriander leaves 0.101676 -0.367531 0.059797 -0.307923 -0.163636 -0.396034 -0.193981 0.588138 0.246125 0.325775 -0.363211 -0.0359138 0.325585 -0.663188 0.356682 -0.298252 -0.20388 -0.117142 -0.260629 -0.0813671 0.156003 -0.466713 -0.0511534 -0.187196 0.251058 0.410642 -0.0726172 0.307441 -0.343693 0.205199 0.170593 0.298501 -0.281236 0.420821 0.380225 0.315029 -0.310961 0.126068 -0.0199891 0.61941 -0.256702 0.172881 -0.176409 -0.455386 -0.398808 0.376882 -0.160794 0.549329 -0.44666 -0.534666 0.492379 0.2028 -0.105901 -0.660797 0.00962064 0.622992 0.27028 -0.338931 0.287619 -0.267587 -0.234922 -0.225133 -0.0646618 -0.363266 -0.421159 -0.0663305 0.86819 -0.0968749 -0.055207 0.545302 -0.358116 -0.0538467 -0.0826531 0.13248 -0.0106652 -0.0979459 -0.473439 0.129022 0.0969624 -0.28732 0.232846 0.269054 -0.563595 -0.533921 -0.600203 -0.118528 -0.190237 -0.459306 -0.342404 0.256176 0.321497 0.360597 0.0845278 0.230578 -0.381589 -0.449573 0.390139 0.552077 -0.136398 0.141119 
egg yolks 0.0251323 0.443437 -0.309019 0.0492554 0.0120062 0.125032 0.350709 0.259505 -0.205316 0.4278 0.320362 -0.340104 0.16618 -0.426277 -0.219127 -0.517248 -0.52373 -0.258823 0.369077 -0.0110712 -0.183064 -0.21026 -0.242828 -0.610171 0.186157 -0.379839 0.388745 0.0649774 -0.0888915 -0.127718 0.181391 0.0727691 -0.0166833 0.303649 0.0896377 -0.37449 0.461656 0.238233 -0.519279 0.0558609 -0.0552945 0.385577 -0.385888 -0.129796 -0.222548 -0.00547683 0.106416 -0.177596 -0.392084 0.586674 0.290919 0.620595 -0.276338 0.207535 0.24446 0.869098 0.281932 0.225614 -0.209184 0.514943 -0.610403 -0.221005 -0.062057 0.305113 0.354353 -0.0737202 0.0377737 -0.38937 0.164313 -0.472479 0.00304949 -0.689682 0.335919 -0.536996 0.034693 -0.424716 -0.266778 -0.285257 -0.151987 -0.172527 -0.0599929 -0.552431 0.260805 0.502948 -0.809029 -0.142518 0.16732 -0.654897 -0.0691366 -0.270828 -0.506784 -0.558785 0.166707 0.282264 -0.189408 -0.120625 0.0186006 0.245514 0.0247061 0.385342 
dill -0.472522 0.421505 0.252435 -0.180752 -0.421972 0.476309 0.20449 0.243169 0.205655 -0.564655 0.215583 0.025201 -0.390533 -0.0790361 -0.116815 0.528033 -0.158585 -0.198712 0.317026 0.129267 0.281945 0.0230868 0.234257 -0.00309801 0.431622 0.531709 0.350322 0.26799 0.0832062 -0.340778 -0.445572 -0.38516 0.0772601 0.0705384 0.301796 -0.419215 -0.0877059 0.302585 -0.319764 -0.244084 -0.325299 -0.291996 -0.715073 -0.150146 -0.196841 -0.316061 0.278544 -0.503573 -0.0331512 0.194601 -0.116842 0.095997 0.111825 0.127095 0.707155 0.0953791 -0.528155 -0.245746 -0.117035 -0.286919 -0.00631203 0.558381 -0.0546251 -0.106496 -0.376958 -0.367282 0.103652 0.22983 0.242426 0.120209 0.0961415 -0.0957896 0.4535 0.11125 -0.630318 -0.224845 -0.483941 -0.277338 -0.0852216 -0.582389 -0.415646 0.36957 -0.575167 -0.591259 -0.187059 -0.153537 -0.0204125 0.174001 0.216475 0.329536 -0.298381 0.149397 0.262234 0.120545 -0.448832 -0.360341 0.416709 0.729598 -0.429902 -0.0453807 
cannellini beans -0.35337 -0.467535 -0.0563438 -0.313377 -0.415483 0.0405929 -0.00837204 -0.0401022 0.548493 0.0350433 0.0833942 0.546023 -0.0982455 0.256648 0.0905109 0.109395 0.204175 0.570485 0.041977 -0.199199 0.316562 -0.163787 -0.156691 -0.501687 0.324395 0.278959 0.147576 -0.352307 0.236235 0.0806035 0.360192 0.506838 0.389158 0.00433384 -0.417407 0.126935 0.14497 -0.19982 -0.5476 -0.303718 0.444975 -0.184944 -0.292214 0.156047 0.31755 0.171605 0.281541 0.219234 0.443992 0.379473 0.222615 0.442962 0.264472 0.156421 0.205217 -0.28715 -0.164238 0.0705511 0.211933 0.454486 -0.531517 -0.23617 -0.607816 0.553971 -0.266962 -0.409304 0.155433 -0.467772 -0.362634 0.0721856 0.6146 0.113343 0.530715 0.529299 0.420651 -0.283442 0.0330244 -0.338909 0.146551 -0.576636 0.184066 -0.343193 0.0378846 -0.430579 0.282825 0.579682 -0.122667 0.20198 0.120145 -0.0389461 0.139211 0.282594 -0.349582 0.311805 0.440203 -0.184305 -0.14304 0.0239605 0.0795201 -0.177184 
spinach -0.603071 0.600476 -0.097145 -0.524294 -0.535525 0.194028 0.383512 -0.139424 -0.131831 0.35761 0.10591 -0.117065 -0.0611258 0.0711243 -0.506819 -0.113349 0.189021 -0.557375 0.164239 -0.48404 -0.0854509 0.754118 0.602951 -0.621861 -0.446316 -0.326983 -0.204543 -0.339199 -0.236168 0.0288856 0.358466 -0.0526543 0.664036 -0.216596 0.0309779 -0.339703 -0.0452018 0.00163573 0.0689813 -0.441344 0.0391203 0.252016 -0.544407 0.0418323 0.583856 0.475849 0.00173854 -0.367345 -0.0960381 0.575496 0.380391 0.530553 0.00211353 0.0573807 0.182027 0.0205931 0.184259 -0.320639 0.4632 0.599365 0.48974 0.0521422 -0.352375 -0.174636 -0.326534 0.519667 -0.462573 -0.513341 0.0356628 0.0401455 0.195806 -0.189232 0.54667 -0.309576 0.673082 -0.263564 -0.0293834 0.165369 -0.121626 0.230521 -0.136712 -0.58674 0.337014 -0.0733257 -0.0444193 0.234524 -0.50711 -0.0753058 0.341004 -0.283348 -0.144243 0.319876 0.219445 -0.696752 0.5561 -0.00505293 0.556988 -0.259097 0.42345 -0.345795 
sunflower oil -0.0897347 -0.571878 -0.0440177 -0.457014 0.134286 -0.0635397 0.412528 0.159927 -0.0864009 -0.442025 1.08519 0.460681 -0.0320768 -0.313562 0.268281 -0.118423 -0.41566 0.0207393 0.0824218 0.464467 -0.120732 0.250712 0.157395 -0.709522 -0.124072 0.556941 0.106283 0.444188 -0.149742 0.528948 -0.462098 0.521645 0.686839 0.795589 0.0845885 -0.388753 -0.1446 -0.277933 0.308999 0.654731 -0.162496 0.0922091 0.18178 -0.149338 -0.140762 0.706532 0.0442673 -0.287909 -0.519324 -0.342525 0.782758 0.289637 0.0185685 -0.31334 0.583538 0.431615 -0.0579091 0.114268 -0.331614 0.0298999 0.053833 0.0753965 -0.368565 0.181843 0.438325 -0.554505 -0.503713 -0.602184 0.729748 0.344434 -0.753252 -0.798335 -0.285751 0.368193 0.34131 -0.217928 -0.444943 -0.00754775 0.622467 -0.121274 -0.353137 -0.162226 -0.667169 -0.350347 -0.198886 -0.104226 -0.461854 -0.280541 -0.208905 -0.0726025 -0.269257 -0.0424459 0.228628 -0.338473 0.563484 0.13471 0.690273 -0.110966 -0.199697 -0.81331 
stilton cheese -0.51722 -0.2716 0.0524481 -0.0198573 0.285294 0.066119 -0.135166 -0.159901 0.586538 0.0833796 -0.199902 0.0804745 -0.642521 -0.268822 -0.19269 -0.304489 0.446821 -0.0179004 0.0985668 0.463021 0.177336 0.386026 -0.209611 -0.437524 -0.130511 0.313577 0.437021 -0.256803 0.145559 0.231956 0.203454 -0.550498 0.22529 0.572294 0.0327621 0.304669 0.333927 0.371622 -0.135823 -0.0950902 -0.600826 -0.397455 -0.426191 0.148706 -0.394708 -0.116887 0.0809751 -0.559976 -0.172767 0.454495 -0.25636 -0.393574 0.0203052 -0.0589671 0.485461 -0.0402449 0.121255 -0.239582 -0.332569 -0.451441 0.614696 -0.486476 0.03225 -0.0184123 -0.022684 -0.074654 -0.403137 -0.143717 -0.0652789 0.449316 -0.398979 -0.298305 0.00164306 0.634277 -0.347039 -0.735723 -0.309563 -0.22558 0.307689 -0.0884416 0.0521608 0.387693 0.504159 -0.309313 0.358591 0.0114763 0.0853204 0.0228206 -0.701115 -0.134396 0.214833 -0.0422388 -0.334088 0.112872 0.117098 -0.318315 0.303814 -0.165174 0.123669 -0.0202244 
Peach & Blueberry Grunt 0.276549 -0.274948 -0.497854 0.278852 -0.0922593 -0.356054 0.333453 0.320063 -0.0608712 0.39813 -0.0870032 0.0931207 -0.152735 -0.371708 -0.159193 -0.457124 0.120685 0.394859 -0.215 0.480985 0.230984 0.480694 -0.0758262 0.490039 0.0969401 -0.404481 -0.402703 0.398234 0.028285 -0.0857242 -0.244898 0.179358 0.213848 -0.144871 0.071261 -0.0805476 -0.327785 0.281517 0.434706 0.123186 -0.285946 -0.242859 -0.0255111 -0.272425 0.200079 0.166067 0.143551 0.0772872 0.301147 0.428197 -0.466272 -0.349448 -0.00847639 -0.0587869 0.0323848 -0.0960463 -0.467303 -0.391025 0.344678 -0.395439 -0.0923119 -0.363821 -0.499801 -0.46985 0.482282 -0.27056 -0.229303 0.170645 -0.150878 -0.105088 0.0716547 -0.351393 0.335947 -0.491504 -0.325442 -0.331184 -0.141342 -0.0126004 0.34954 -0.0102533 0.49926 0.0467327 0.208416 0.419864 -0.298394 -0.409923 0.0980231 0.479447 0.396852 -0.45447 -0.425901 0.427327 -0.350444 0.289624 -0.477025 0.0264177 -0.281688 -0.423637 0.349632 0.289179 
passata 0.0550415 -0.318351 0.133566 -0.084685 0.205342 0.278374 -0.328812 -0.142541 -0.135865 -0.313262 0.210062 -0.164201 -0.0447918 -0.246231 -0.157944 -0.426259 -0.309467 -0.333105 -0.105332 -0.169212 0.0653503 0.0285436 0.317867 0.524339 0.121541 -0.333704 0.132015 0.138356 -0.431562 0.460338 0.308971 -0.353373 -0.0564639 -0.242468 -0.403347 0.356344 0.0394502 -0.505473 -0.0335131 0.677493 0.36374 -0.258633 0.000927483 0.362323 -0.180901 -0.223995 -0.259438 0.408479 0.173763 0.0511674 0.0710446 -0.435561 0.260476 0.0983291 0.483743 -0.0803288 -0.159412 0.289722 0.242359 -0.463395 0.590668 -0.211529 -0.185486 -0.277408 -0.470299 0.427497 -0.610353 -0.226827 -0.186026 -0.0442521 -0.227316 0.190269 -0.110205 -0.3587 0.431537 -0.357283 -0.418495 0.126742 0.120029 0.0214662 0.188769 -0.285561 -0.411712 -0.211859 0.497961 -0.143356 -0.160946 0.257631 -0.177007 -0.24675 -0.146566 -0.790707 0.416622 0.129069 -0.191431 -0.393953 -0.271693 0.133926 0.161801 -0.156907 
Recheado Masala Fish 0.243796 0.225238 0.000958257 -0.454431 0.149428 -0.140586 0.166024 0.000549362 0.104693 0.217381 0.0700355 -0.344668 -0.290923 0.373278 -0.116966 -0.207517 -0.225071 0.553445 -0.351589 -0.513283 0.171809 -0.560981 0.145242 -0.0711132 -0.274864 0.123739 0.143076 0.019465 0.15088 -0.453875 -0.533625 0.198058 -0.0641563 -0.259483 0.50891 -0.327436 -0.0570056 0.268817 0.291663 0.464595 0.313166 -0.534711 -0.0833426 0.531982 0.418573 0.326244 0.425933 -0.478942 -0.129143 0.186374 0.433696 0.468078 -0.0812002 -0.295762 0.353509 -0.194531 0.122186 -0.187822 -0.295626 0.350344 0.276421 -0.190102 -0.160797 0.359903 0.199583 -0.1588 -0.0476703 -0.471377 0.226087 -0.283085 -0.342644 -0.178459 -0.278187 0.261909 0.147124 0.042565 0.383081 -0.322387 0.19022 0.551935 0.210007 0.412649 0.145106 0.0784569 0.00540139 0.122671 -0.0997938 0.0579275 0.307084 -0.637606 0.555821 0.265513 0.0873643 -0.444558 0.403594 0.399169 0.682461 0.121313 0.414662 0.060311 
Eggplant Adobo -0.367583 -0.45112 0.209319 0.248757 -0.493042 -0.430814 -0.448357 -0.490336 0.187618 -0.166797 -0.417601 0.109494 0.0177309 0.488147 0.47084 0.0558242 -0.48347 -0.284682 0.449516 -0.149764 -0.136177 -0.145921 0.166118 -0.275423 -0.177646 0.379988 0.443321 -0.291911 -0.00889165 0.0663342 0.108041 0.297872 0.490512 -0.258524 -0.360445 -0.351579 -0.47732 -0.28296 0.400154 0.469721 0.294616 -0.223403 0.304715 -0.151475 -0.350352 0.0350966 -0.425371 -0.453524 -0.346382 0.430362 -0.418135 0.451209 0.199094 -0.374881 0.226243 -0.384349 0.371232 -0.128052 0.484811 0.0922931 -0.475939 -0.0705702 0.313151 0.151634 -0.436783 -0.468897 0.294132 -0.365821 -0.416649 -0.286989 0.000494796 -0.352835 -0.234598 0.196259 0.406176 0.359015 0.436511 -0.333519 -0.319519 -0.165221 -0.177628 -0.322732 -0.350325 -0.133051 -0.116946 -0.364228 -0.396665 0.202205 -0.307161 0.442621 -0.367332 -0.481303 0.172833 -0.415756 0.157135 0.139863 -0.23052 0.299127 0.47317 -0.00139404 
thai green curry paste -0.36655 -0.221106 0.252453 -0.0153788 0.172414 0.423926 -0.276679 -0.368323 0.134802 -0.0570976 -0.380077 -0.399807 -0.52224 -0.124901 0.172714 -0.556158 0.278952 0.0140435 0.0972084 -0.076454 -0.0459909 0.480097 -0.418088 -0.234331 -0.305564 -0.2383 -0.390533 -0.0241977 -0.519103 -0.421161 0.107604 0.156933 -0.37026 0.171727 -0.459692 0.0392548 -0.301492 0.171381 0.0369193 0.277294 0.139461 0.443287 -0.210048 0.428983 0.366133 -0.228411 -0.0892252 0.287725 0.514097 -0.21358 -0.122302 0.134788 0.541834 -0.330789 0.268337 0.521467 -0.331989 0.30414 -0.545356 -0.415754 0.0781242 -0.043004 -0.0895158 -0.195155 -0.163472 0.439464 0.489354 0.421795 -0.429624 -0.0330056 0.224537 0.257688 -0.269673 -0.186621 -0.0858196 -0.243317 0.270752 -0.0158864 -0.460285 -0.235929 -0.162948 -0.400068 0.385062 -0.543621 -0.347462 0.504797 -0.578646 0.465767 0.370667 -0.491323 -0.151374 -0.311958 -0.134038 0.518046 0.598232 0.100295 0.61563 -0.1185 0.347336 0.368532 
pecan nuts 0.244261 0.30805 0.14577 -0.0574368 0.175432 -0.452968 -0.360096 0.0661671 0.115077 0.404781 -0.108298 -0.256495 0.420382 0.486223 0.147957 0.15416 -0.132459 -0.201423 0.472922 -0.0117186 0.278235 -0.240691 -0.101121 0.457565 -0.303437 0.0532577 -0.0313179 -0.178321 0.498905 -0.0569541 -0.493431 0.0484941 -0.188732 0.183121 -0.322945 -0.0694566 0.0380996 0.280531 -0.0393326 0.363329 0.309861 0.198642 0.338831 0.200575 0.33599 -0.0723335 -0.304624 -0.039615 0.00863403 0.0200558 -0.0378253 0.473557 -0.175554 0.238316 -0.397907 -0.0462725 0.379961 0.400006 0.335099 -0.110926 0.462533 0.361921 -0.200066 0.0765295 0.00446043 0.0770558 -0.25202 -0.0324395 0.302899 0.309695 -0.137164 0.392395 -0.49325 -0.37989 0.27394 0.123274 -0.482732 -0.054671 0.391132 -0.302398 0.243834 0.361184 0.345949 0.499988 -0.292051 0.417834 0.413238 0.303343 -0.385161 0.149516 0.496316 -0.211332 0.103873 0.220836 -0.445438 0.204147 0.493026 -0.280566 -0.274445 0.303612 
mackerel -0.575691 -0.423397 0.0877024 -0.190752 -0.083372 -0.10565 0.535606 -0.16264 -0.329169 -0.581345 0.0272621 -0.573668 0.715766 0.176784 -0.193462 0.360333 0.217365 -0.109048 0.112374 0.108406 0.304234 -0.700166 -0.390447 -0.0394756 -0.0715805 -0.244043 -0.767441 -0.327256 -0.154026 0.00772753 0.0200145 0.198237 0.0381764 -0.174613 -0.0227782 -0.156862 0.0824639 0.412379 0.336269 -0.0915842 0.148722 0.312672 -0.388319 -0.0426607 0.253194 0.189104 -0.37612 0.0394709 0.213252 0.138348 0.197755 -0.217723 -0.321291 0.130223 -0.0791048 -0.409377 0.212778 0.201017 -0.3622 0.18284 0.251535 -0.422034 -0.565242 -0.474983 -0.337593 0.0168138 0.140743 0.194162 -0.356081 -0.0148112 0.600397 -0.14689 -0.355584 -0.421649 0.392951 -0.161521 0.200178 0.176477 0.257314 -0.456265 -0.438747 -0.333467 -0.0423907 -0.353109 -0.20967 0.24944 0.574446 0.0109804 -0.220988 -0.45226 0.513796 0.21998 0.386895 0.452928 -0.0265443 0.420076 -0.51157 0.267469 0.201602 0.446853 
coriander 0.543655 0.395715 -0.308076 -0.222319 0.488187 0.673158 1.38048 0.121463 0.247477 0.836231 -0.286777 -0.720698 0.620714 -0.0616261 -0.708485 0.719515 0.131016 0.19572 -0.117085 -0.0475555 0.521488 -0.00603619 -0.475833 0.0230264 -0.526058 0.242991 -0.115204 0.222129 0.386871 0.417183 -0.601704 -0.264056 -0.54911 0.0283297 0.0255017 -0.148272 -0.676213 -0.242276 0.249702 -0.353554 -0.60194 -0.756795 -0.614229 -0.133205 -0.191576 -0.505224 0.449982 0.568636 -0.230133 0.0353869 0.131343 0.121466 -0.715778 0.701254 0.686926 -0.142178 0.579504 0.171351 0.0806553 -0.00924581 -0.278521 0.1288 -0.522305 -0.331139 -0.130843 0.0371798 0.971609 -0.406266 -0.0177642 1.09642 0.912439 -0.0733048 0.041132 0.0166715 0.0724379 -0.108093 0.274955 -0.530059 0.333733 0.787514 -0.0467604 0.0223124 -0.172481 0.0749149 0.454385 -0.0697808 -0.290675 1.05527 0.402106 -0.201939 -0.285427 0.264216 -0.775576 0.0568635 -0.451283 0.0717666 -0.398835 0.0517589 0.43291 -0.18773 
mint -0.155631 0.0341041 -0.195718 -0.455325 0.594275 0.0743053 0.399773 0.347699 -0.049927 -0.620881 0.248696 -0.696026 -0.124735 -0.215818 -0.0417984 -0.438281 0.251404 0.0308814 0.37434 0.0750384 0.738116 -0.0150413 0.860907 1.22047 0.481847 -0.701524 -0.256358 -0.961256 -0.195625 0.0594134 -0.652281 0.420322 0.767783 -0.0973767 -0.392551 -0.645126 0.55599 -0.28897 -0.545511 0.117858 0.50492 -0.694389 0.431479 -0.51957 -0.217633 0.318749 -0.599265 -0.407243 -0.264492 0.358105 0.0582896 -0.256846 -0.427687 0.0883588 0.465482 -0.0986099 0.977622 -0.637169 0.625724 0.400108 -0.962773 0.39067 -1.14698 0.383484 -0.146163 0.23236 0.70603 0.471127 0.733579 0.264055 -0.0518232 0.832678 0.97121 -0.5669 -0.348683 0.379743 0.772901 0.303604 0.350258 0.383738 0.26448 -0.421902 -0.341949 0.185543 -0.315184 0.147464 -0.012091 -0.199387 0.0520685 0.228849 0.0336116 -0.815338 0.513583 -0.0926583 0.38084 0.226411 0.200239 0.199017 0.201113 -0.106827 
canned tomatoes 0.268553 -0.339542 0.620849 -0.237341 0.0628648 0.504871 -0.0521365 0.239621 0.451722 -0.497007 0.386911 -0.395499 0.0370401 0.00711767 0.130149 0.317663 -0.629805 -0.338516 -0.168353 -0.224757 0.113489 -0.334499 -0.47262 -0.143805 0.0660879 0.392249 0.633435 -0.483887 0.218932 0.233127 0.56948 -0.156157 -0.284809 0.0749814 0.085224 0.258925 -0.35771 0.392528 -0.0147017 -0.334402 0.060203 0.0890619 0.166651 -0.261283 0.572767 0.285682 -0.102682 -0.157877 0.46807 -0.192618 0.386908 -0.238278 -0.0458786 -0.394341 0.237708 -0.346453 -0.109795 -0.0102227 -0.240042 0.0818633 -0.573308 0.136846 -0.313188 0.0576453 -0.200759 -0.36265 -0.175783 -0.00936461 0.0980605 0.452219 -0.195014 -0.0205478 -0.257625 -0.35081 0.296316 -0.378649 0.605468 -0.164618 -0.235265 0.138288 0.445064 -0.494563 0.146555 0.155026 -0.0723789 -0.143868 0.490303 0.414759 0.434655 0.439951 0.064585 -0.292637 0.557043 0.464564 -0.322732 0.26264 -0.102669 -0.322878 0.141541 -0.545588 
tamarind ball 0.218231 -0.313026 0.128972 -0.104634 -0.186257 -0.141225 0.159749 -0.146401 -0.314648 -0.203093 -0.0749011 0.516875 -0.145802 0.00947255 -0.52303 -0.225717 0.369549 0.0504431 0.320632 -0.391505 0.384075 -0.205862 -0.265821 -0.0895836 -0.320578 -0.276377 -0.217927 -0.077927 -0.412943 -0.214296 0.638667 0.301599 -0.128712 -0.641103 -0.669323 -0.378791 -0.560224 0.0217704 -0.170116 0.287563 -0.630322 -0.350487 0.44566 0.0945 -0.189504 -0.194749 0.0477651 -0.737543 0.311518 0.169763 0.486687 0.396455 0.53866 0.459939 0.107973 -0.112328 0.336016 0.653318 0.238273 -0.0992771 -0.57641 -0.635416 0.233244 -0.19835 0.274324 0.192323 0.295909 0.083803 0.00421553 0.0831607 0.100447 -0.16633 0.750465 -0.160491 -0.385775 0.333299 -0.297047 0.196031 -0.558865 -0.291959 -0.428285 0.00536141 0.283262 0.354957 -0.0869479 -0.411423 -0.687162 -0.50169 0.067142 0.452378 0.494264 0.231688 -0.405332 0.142805 0.121207 -0.276772 0.221973 0.0270454 -0.109433 -0.456155 
Seri muka kuih -0.00791966 0.311508 0.453308 -0.499566 0.464514 -0.474811 -0.0622016 -0.0864 -0.491567 0.341271 -0.0595756 0.00832191 -0.41859 -0.0857992 0.356615 0.207264 0.435033 -0.051364 0.408921 -0.179525 -0.440171 0.189085 -0.196522 -0.415479 0.390955 0.498831 0.160363 -0.189005 0.179847 0.177935 -0.0196267 -0.151912 0.277005 0.307388 0.443689 -0.486199 0.456478 0.437006 0.140144 0.235567 -0.44089 0.120999 -0.34949 -0.00853971 0.0904704 0.0806965 -0.0714073 -0.0971792 -0.257551 -0.296514 -0.338168 -0.0761006 -0.124691 -0.373048 -0.389413 0.379911 -0.411093 0.139798 -0.220434 -0.0293241 -0.0923398 0.422757 -0.267221 0.410195 0.233328 0.114896 0.205882 -0.19315 -0.0534838 -0.227207 -0.467864 -0.317316 0.233169 -0.0260224 -0.0807485 0.197431 0.110336 -0.307358 0.448945 -0.331725 0.218857 -0.446949 0.257642 0.0863109 -0.267323 -0.186605 -0.13983 -0.178176 -0.0303886 0.238648 -0.102484 -0.0820444 0.102098 -0.130775 -0.172705 -0.130567 -0.334833 0.115321 -0.33324 -0.252364 
bean sprouts -0.11835 -0.1722 0.180347 0.400101 0.496708 0.438085 0.100052 -0.319399 -0.432209 0.0269922 0.0253387 -0.012053 0.234968 0.181807 -0.252313 0.0576454 -0.455553 0.0352655 0.0688774 -0.396681 0.392132 -0.491418 0.307507 -0.00729674 0.120698 -0.302766 0.0504541 -0.37849 0.363097 -0.0288735 0.47529 0.34316 0.305042 -0.329498 -0.206308 -0.423918 0.390052 0.253428 -0.0190694 -0.338705 -0.154339 -0.39974 -0.0391318 -0.150938 0.480107 -0.302438 0.435058 -0.381957 -0.290481 0.152923 0.265057 0.0264359 -0.338011 -0.33133 -0.316816 -0.210174 0.340587 0.0166979 -0.38955 0.401735 -0.091228 0.357977 0.231671 0.193962 0.0136886 0.256834 0.405639 0.151147 -0.31766 -0.375765 -0.193132 0.273169 0.425519 0.439217 0.070667 0.163118 -0.301079 0.0475183 -0.284603 0.395834 0.248207 0.115741 0.437851 0.151425 -0.442323 0.216909 0.307227 0.0357205 -0.119057 -0.413136 0.494501 0.170416 -0.410751 0.0842849 0.49014 -0.49617 0.494008 0.228097 0.460754 -0.425628 
Osso Buco alla Milanese 0.599285 -0.15842 0.318345 0.413788 -0.612822 -0.0325814 0.504371 0.0892097 -0.119127 0.237301 -0.257489 -0.11688 -0.1911 0.272669 -0.108861 0.125602 0.425633 0.527477 0.254643 0.433993 -0.299756 -0.159928 -0.603036 0.0530114 -0.179537 0.482877 0.379086 0.557948 -0.231788 0.510244 -0.247081 -0.363093 -0.319505 0.14913 0.358553 -0.201965 -0.178783 -0.166916 0.082746 0.140018 0.0404782 0.279911 -0.0982695 -0.0249754 0.085149 0.448126 -0.41192 -0.325475 -0.44961 -0.0949525 0.0149152 -0.149806 -0.311852 0.162183 -0.200407 -0.165679 0.0598228 0.124299 0.301204 -0.304263 0.343272 0.248622 0.480983 0.414251 0.417592 0.30781 0.199756 0.380402 -0.185357 0.410611 0.473171 0.227638 -0.054012 0.37083 0.232444 0.0848026 -0.192043 0.0166403 -0.186257 0.306295 0.396987 -0.345595 0.192968 -0.0855284 -0.265923 0.346002 0.161926 -0.32803 -0.0851666 -0.125684 -0.448265 -0.341527 0.340967 -0.0699512 0.211462 0.408654 -0.436316 0.688268 -0.0668655 -0.492008 
celery 0.0813747 -0.837849 -0.492931 -0.0254488 -0.53644 0.0225058 1.10459 0.0548325 -0.335072 0.231511 -0.672221 -0.0312066 0.11479 -0.380831 0.932495 -0.35014 -0.113567 0.775764 0.471571 0.720326 -0.710088 -0.159625 -0.00224356 -0.678097 -0.694072 0.00146029 -0.270565 0.0260966 -0.271561 0.682702 0.653916 -0.0406672 -0.57826 0.176265 -0.153346 -0.202937 -0.235203 0.546946 -0.683787 0.860965 -0.867471 0.755946 -0.621891 0.0964867 0.264944 -0.391992 0.390517 -0.473558 -0.32828 1.08738 -0.968558 -0.183231 0.801947 -0.226529 0.133115 0.370012 0.7898 0.129797 -0.437947 -0.226816 -0.200914 0.765996 -0.141552 0.20274 -0.170032 0.220846 0.531214 -0.199944 -0.758972 0.533965 0.575556 0.0889076 0.625624 0.368631 0.910484 -0.232281 -0.529616 -0.31554 -0.344341 -0.441637 -1.21219 -0.0473725 -0.205279 -0.199146 0.306762 0.292544 0.320582 -0.00720848 -0.287287 0.686256 0.428768 -0.28598 -0.741546 -0.445425 0.75618 0.80159 -0.176964 0.295888 1.07137 0.500829 
massaman curry paste -0.384216 -0.219534 -0.318612 0.226332 -0.123798 -0.630774 -0.572527 0.305961 0.721823 0.10635 -0.115413 -0.601186 0.182384 -0.527436 0.574913 0.147907 -0.185843 0.159857 0.0324508 -0.242131 0.0384594 0.309504 0.402673 0.0794554 0.292953 0.460861 -0.252437 -0.0699282 0.420788 0.340375 -0.302382 0.292903 0.605902 0.00228283 0.361977 -0.0447575 0.506951 0.487426 -0.24389 0.430638 0.121508 -0.475947 -0.0101314 0.412897 0.254399 0.580763 -0.395786 0.43201 -0.0529839 -0.225414 -0.254359 0.377774 -0.171693 -0.61244 -0.688657 0.462798 0.581449 -0.309385 0.412251 -0.394919 -0.011192 0.377369 -0.469788 0.333885 -0.127442 -0.0453787 0.0423668 0.175056 0.012616 0.0886833 -0.078034 0.222065 0.147545 0.387282 0.348506 -0.603025 -0.561672 -0.593868 -0.306511 -0.342802 -0.53663 -0.293582 -0.316622 0.265 0.29896 0.112224 -0.34729 -0.11392 -0.388872 -0.42362 0.49317 0.000830811 -0.57451 -0.216318 -0.309392 -0.0991781 -0.223797 0.560687 0.308036 0.388666 
candied peel 0.03783 0.344984 0.436845 0.0438943 -0.299975 0.330174 0.448628 -0.0436471 0.0079655 0.347592 -0.144873 0.309154 0.226162 0.100637 -0.226047 0.122955 0.470697 0.414292 -0.458459 0.0900739 0.0740751 0.266163 -0.151399 0.0865186 0.00460755 0.125842 -0.32934 -0.067111 -0.178454 0.183238 0.271427 0.104995 -0.0141681 -0.214939 0.410462 0.094017 -0.376588 -0.17668 -0.45192 -0.145989 0.0924924 0.299645 -0.332647 -0.17108 -0.192422 0.355261 -0.344257 -0.318798 -0.0149591 -0.0309828 0.0701518 -0.144207 0.388773 -0.25199 0.248208 0.167512 -0.239543 -0.286713 -0.123637 -0.413566 0.455572 0.0710428 -0.0303825 -0.486353 0.1016 -0.177295 -0.294387 -0.200815 0.439008 0.112393 0.396007 0.261789 -0.0930814 0.254304 -0.113246 0.145009 0.0215928 0.343321 0.0167516 0.0743302 -0.230451 0.157976 -0.247415 -0.244797 0.367655 0.00776302 0.40193 0.191266 -0.334653 0.0586201 0.282553 0.341215 -0.176423 -0.470367 0.165946 -0.131754 0.447012 -0.0181975 0.364381 0.344604 
Salmon Avocado Salad 0.404148 -0.325028 0.0806366 0.146796 0.0894924 -0.0858719 0.49329 -0.379183 -0.443769 0.479256 -0.25823 -0.13828 -0.149215 -0.372401 -0.106637 -0.427181 0.254147 0.379346 0.297247 0.0973298 -0.00647349 -0.0398034 0.393313 -0.0334038 -0.335756 0.346067 -0.149947 -0.179359 0.0822594 -0.00227158 -0.336209 0.452828 -0.37096 -0.481694 0.472147 0.143565 0.435437 -0.213374 -0.157257 -0.133324 0.373085 -0.0259426 0.258433 0.461696 0.313016 0.361272 0.43986 -0.457809 -0.395385 0.289893 -0.11158 0.249509 -0.00219719 0.167758 -0.481848 0.26426 -0.237498 -0.0111908 0.311921 0.157233 -0.25599 -0.410501 -0.420091 -0.119978 -0.448092 0.496008 -0.253672 0.00452528 -0.312878 -0.341397 0.318644 0.397694 0.315848 0.383892 0.0773681 0.204174 -0.291987 0.0581482 -0.474939 -0.244294 -0.31846 0.415416 0.00573717 -0.246169 -0.493315 -0.114549 0.00631414 -0.402073 0.283444 -0.486403 -0.0971679 0.3531 -0.0160762 -0.18943 -0.310218 -0.270861 0.323583 0.0456382 -0.414917 -0.384423 
veal 0.529314 -0.347859 -0.192546 0.106837 0.43438 0.274364 -0.0357664 0.230511 -0.139784 -0.352853 0.0754864 0.131202 -0.343512 0.0672735 -0.352065 0.0574398 0.410927 0.00752291 -0.410942 0.0635232 0.375862 0.208183 0.364813 0.417071 -0.0956296 0.279656 -0.0871652 0.260916 -0.0135897 0.163 -0.262346 0.423752 -0.227886 -0.273441 0.692248 0.393494 0.0630065 0.0225827 0.219693 -0.119525 0.1979 0.0234472 0.0785239 -0.088099 -0.339799 -0.140301 -0.080113 0.0988318 0.138305 0.316781 0.5648 -0.124052 0.653742 -0.242805 0.370034 -0.39497 0.165572 0.441853 0.567919 -0.199491 0.355188 -0.610094 -0.244176 0.131309 0.34691 0.394749 -0.00292532 0.37781 -0.0708834 -0.340907 -0.270207 0.353477 -0.582882 0.424893 0.248312 -0.400161 0.454786 0.230268 0.0548078 0.352687 -0.171563 -0.0873963 -0.55383 0.226428 -0.170571 -0.366861 0.342679 -0.0498415 -0.237255 -0.552485 0.413639 -0.400382 -0.316709 -0.383569 0.463644 -0.191021 -0.156543 0.071099 0.105467 -0.329507 
rice 0.0950825 0.261551 -0.262728 0.153246 0.0198374 -0.0414878 0.559338 -0.254426 0.149954 -0.72883 0.491969 -0.241117 0.230495 0.106181 0.238862 -0.705203 -0.687307 -0.21853 0.260471 -0.0572196 0.125237 0.85672 -0.196489 -0.518787 0.327707 0.081454 -0.425716 0.209658 -0.0317788 0.571958 0.291593 0.520874 0.705631 0.142991 0.347813 -0.792187 -0.180484 -0.169245 0.0573313 0.562515 -0.650261 0.0645124 0.522303 0.551958 -0.155032 0.472739 -0.137757 0.351152 -0.200569 -0.435987 0.528682 -0.252499 -0.359411 0.108214 -0.460275 0.594995 -0.442984 0.260494 0.227156 -0.25711 0.39717 -0.395435 0.0350749 -0.71217 -0.477174 -0.17419 0.17762 0.338651 -0.0110403 -0.00847171 -0.0618365 -0.165354 -0.2449 0.643419 -0.238221 0.563358 -0.0744357 0.532642 0.0930867 0.20583 -0.255484 -0.0422947 0.372403 -0.394903 0.55132 0.281405 -0.875671 0.371474 0.433605 -0.0734528 -0.0245495 -0.424596 -0.187982 0.0394998 -0.00399894 -0.0489853 0.311403 0.243035 -0.332592 -0.12751 
Ribollita -0.289172 -0.497408 0.320972 -0.450231 0.22314 0.298772 0.384638 0.583082 0.554906 0.567612 -0.00707126 -0.180139 0.336341 -0.0328708 0.203731 0.19149 0.196364 0.2668 -0.118763 0.0991116 0.027882 -0.380989 -0.468339 0.263853 -0.430335 0.417058 -0.239746 0.342418 0.512411 0.210185 -0.224416 -0.0938352 -0.442493 -0.111792 -0.674442 -0.0236431 -0.272464 -0.356084 0.111162 0.119363 0.180392 0.502667 -0.264159 -0.339212 0.195776 -0.289068 0.368732 0.274231 0.266708 0.171087 -0.524306 -0.142941 0.469549 0.142998 -0.417845 -0.139486 0.153413 -0.478063 -0.40853 0.436116 -0.498242 -0.0734386 0.0305068 -0.121139 -0.437339 -0.268201 0.223319 -0.290967 0.210072 0.449814 0.357701 0.379265 -0.220498 0.278708 -0.382237 -0.386815 0.266863 -0.427415 0.441113 -0.316871 0.0913127 -0.288269 0.163389 -0.400673 -0.428226 -0.165101 0.36039 0.460075 0.239347 0.485624 0.482487 -0.0650237 -0.438775 -0.346187 -0.192615 -0.370446 -0.305533 0.170265 -0.369917 0.423748 
Poutine -0.52903 0.0141837 -0.454762 0.261033 0.112611 -0.298635 -0.350819 -0.425685 -0.555238 -0.0878166 -0.0881815 0.379019 -0.0102686 0.468358 -0.10167 0.172241 0.529671 -0.395916 -0.501866 0.0735046 -0.0224169 0.0614349 0.308436 0.112766 -0.120187 0.0496977 0.218774 0.27974 -0.467273 0.195142 -0.509796 0.247805 0.077494 -0.295965 0.307375 0.226291 0.549648 -0.10085 0.45652 0.0691478 0.0116058 -0.196211 -0.297181 0.102227 0.119938 -0.428887 0.443142 0.0837424 -0.508431 -0.401475 0.511236 -0.551856 -0.218768 -0.155245 0.378455 0.525084 -0.197693 0.267926 -0.564649 0.203059 0.220485 0.120372 0.463086 0.541834 0.415943 -0.0250844 0.130157 0.471938 -0.0655398 -0.299241 0.325661 -0.172411 -0.181355 0.520984 0.434548 0.310122 -0.123321 0.345349 0.139849 -0.250019 0.115832 -0.157494 0.281147 0.311281 -0.0352361 0.462381 -0.218962 0.40611 0.227981 0.410939 -0.00731297 -0.686256 0.225372 -0.333764 -0.0404143 0.0592909 -0.0783152 -0.430783 -0.414693 0.16915 
macaroni -0.107022 -0.0174568 0.142297 0.154414 0.78522 -0.146769 0.0306757 0.564267 0.445117 -0.0577017 0.214377 0.622189 0.81254 -0.440146 0.355453 0.188493 -0.196521 -0.080352 0.283873 0.39733 -0.390738 0.093399 0.861124 -0.115089 -0.449362 0.147526 0.182313 -0.0378538 0.586373 0.0502143 -0.55686 -0.272066 -0.214944 0.249101 0.491814 0.0255818 0.527642 0.550793 0.264281 0.543845 -0.596105 -0.214045 -0.428351 -0.357742 0.0687694 -0.0983918 0.0214148 -0.29113 -0.0646219 -0.649865 -0.580921 -0.199392 -0.318297 0.124755 -0.214617 -0.0202319 -0.398512 -0.122416 -0.00312008 -0.366634 0.0865502 0.376418 0.220629 0.283458 -0.355326 0.449474 -0.113769 -0.521644 -0.0480904 0.309178 -0.506829 0.0780917 -0.35593 0.0680112 0.275047 0.761193 -0.471859 0.205143 0.0565359 0.136799 -0.127389 0.234848 -0.298196 0.0986639 -0.054022 -0.863655 -0.0768054 -0.156176 -0.574175 0.412374 0.190737 0.256266 0.218993 -0.518596 -0.370835 0.0413852 0.130759 -0.125965 -0.167231 -0.0932754 
Fresh sardines -0.154264 -0.33418 -0.346018 -0.200022 -0.000232403 -0.0766132 -0.295816 0.0208486 -0.321192 0.0674545 -0.102096 0.19922 0.43296 -0.0223215 -0.224164 0.444556 0.358556 -0.404711 -0.356583 -0.253661 -0.440943 0.339302 0.370072 -0.479944 0.228206 -0.170669 -0.460158 -0.179491 0.0392099 0.141051 -0.0858762 -0.418219 -0.163344 -0.145977 0.464561 0.456907 0.0611754 0.375094 0.390724 0.200919 -0.239448 -0.379671 0.181015 -0.489717 0.159499 -0.0397023 -0.304402 -0.473317 -0.208302 -0.453249 0.441053 0.0907745 -0.245992 -0.392204 -0.267833 0.0978532 0.44203 0.159526 0.482684 0.294468 -0.0186553 0.401694 0.107127 -0.345155 -0.333498 0.135328 0.396712 -0.327137 0.455685 0.391793 -0.427081 0.209616 0.45716 -0.492591 -0.168489 0.129782 0.296134 -0.394605 -0.480908 -0.0740496 -0.304495 -0.122693 0.405504 -0.194207 -0.375393 0.201077 0.018086 -0.0623829 0.43026 -0.145253 -0.217538 0.203367 -0.450512 0.4138 -0.442318 0.35308 -0.45722 -0.486433 -0.0978793 0.281799 
Beef Brisket Pot Roast 0.289782 0.29904 -0.38364 -0.0410846 0.292721 -0.366076 -0.445123 -0.543636 0.232258 0.237571 0.230391 -0.115099 0.41376 0.266617 0.293651 0.157511 0.32244 -0.412221 0.253639 -0.0534091 -0.193986 -0.313481 0.606163 -0.0280305 0.184213 0.108559 0.472155 0.5691 0.294456 -0.126897 -0.0841277 -0.51078 -0.197043 0.015155 -0.280339 0.316024 0.0538239 0.375683 0.425208 -0.517975 -0.100143 0.343764 0.26543 -0.187852 -0.108067 -0.392967 0.0846766 -0.291451 -0.039464 0.377149 0.315064 -0.183723 -0.257807 -0.159196 -0.414698 0.0166042 0.25917 -0.38604 -0.284939 -0.066203 -0.16863 0.0420421 0.470169 -0.0411701 -0.15008 -0.49492 -0.160349 -0.126437 -0.428602 0.261062 -0.280701 0.0933842 0.0870177 -0.140892 0.287317 0.301972 -0.399719 -0.0425091 0.683603 -0.242264 0.3034 -0.045964 -0.362776 -0.096472 0.381361 0.0211867 0.165445 0.330769 -0.433755 -0.505835 0.00870167 0.587253 0.508269 0.128966 -0.0265147 0.583244 -0.511669 -0.229121 0.262345 -0.54187 
sausages -0.121429 0.388218 -0.317517 0.266728 -0.306671 -0.485297 -0.266016 -0.2505 0.186845 0.165373 -0.294451 -0.0348679 0.452981 0.0164572 0.221966 0.191334 0.260002 -0.21305 -0.362108 -0.277393 -0.290203 0.592794 0.202785 0.183382 -0.240703 0.202752 0.209404 -0.549294 0.134433 0.431002 -0.432445 0.205991 0.154992 0.587295 0.556714 -0.37143 0.342097 0.456818 -0.513622 0.448122 0.069979 0.0446245 -0.154426 0.300341 -0.177166 0.389924 0.382144 0.0851057 -0.324361 -0.208673 0.109609 -0.305257 -0.388099 -0.00953166 0.392754 0.0262416 -0.00109465 -0.321316 -0.295332 -0.325434 0.474155 0.226179 0.233243 0.508048 0.191426 0.419818 0.426778 0.371767 0.326673 -0.435669 0.0516441 -0.155631 0.271242 -0.0549622 0.554814 0.0436457 0.301573 -0.234525 0.363834 -0.0363863 0.192867 -0.339648 0.233389 0.423993 -0.201148 0.215554 0.454486 0.110072 -0.109741 -0.0303837 -0.0749165 0.298031 -0.0061313 0.237935 -0.120956 -0.391085 0.336494 -0.543662 -0.113685 0.413767 
bay leaves 0.49338 -1.04211 -0.272206 1.41218 -0.560758 -0.616469 0.561257 -0.453411 -0.717356 0.866811 0.0378642 0.374665 0.852152 0.263212 0.43844 0.596213 0.608158 0.512541 0.60396 0.241405 0.207302 -0.854305 0.432462 -0.161715 -0.722672 -0.446858 -0.303757 0.315158 -0.0187057 0.332947 0.0107766 0.233176 -0.581346 -0.537135 0.37783 -0.0240967 0.512499 0.506739 0.485534 -0.266412 -0.256451 0.217807 -0.345994 -0.208387 0.529986 -0.811039 -0.449403 -0.237427 0.617447 0.816944 -0.103741 -0.245066 0.605438 -0.590506 1.31769 0.290291 -0.36819 0.0676107 0.00383483 -0.321324 -0.081645 1.02932 -0.314174 0.415661 0.0482048 -0.405768 0.533722 0.774304 0.266405 -0.457448 -0.280491 0.608455 0.513245 0.375283 0.0495989 -0.296415 -0.279401 0.20761 0.15906 -0.220921 -0.221271 0.460218 -0.546979 -0.012029 0.385911 0.363333 -0.161203 0.303608 -0.734535 0.0142842 -0.0198025 0.713171 -0.937274 -0.541261 0.147448 0.414618 -0.460748 0.358081 0.207823 0.00793044 
Stamppot 0.00813977 -0.451355 -0.205149 -0.24473 0.456232 0.329179 0.0259472 0.0464694 -0.464645 -0.470234 -0.149487 -0.0413708 0.306155 0.103534 -0.0944877 -0.0227952 0.480742 0.147278 0.283897 0.364951 0.107113 0.470807 0.472872 0.450862 -0.408935 -0.318671 -0.176899 0.453162 0.441732 -0.232531 0.292744 0.0880747 0.0420188 -0.48021 0.269858 0.0840595 0.463754 -0.24272 -0.314256 0.0628624 -0.0314954 0.0891237 -0.337279 0.14583 0.357899 -0.10388 -0.0496078 0.470039 -0.0268378 -0.356302 0.0497936 -0.127149 0.203718 0.0288916 -0.365323 0.18452 0.360837 0.341743 -0.391047 -0.0316217 0.0156102 0.19799 0.378437 -0.367204 -0.315196 0.283711 -0.281494 0.0976253 -0.281461 -0.102393 0.317487 0.426308 -0.174952 -0.228034 0.167923 -0.278081 -0.126059 -0.062561 0.0471471 -0.23468 -0.038288 -0.0511953 -0.450435 -0.236729 0.473036 -0.123994 0.0396777 0.136121 -0.133401 -0.121124 0.213227 -0.246352 -0.0664652 0.319975 0.276493 -0.311871 -0.370628 -0.342834 -0.162995 -0.226072 
oxtail -0.0244615 -0.36259 0.10884 0.0545814 -0.345498 -0.486318 -0.497222 0.209921 -0.161288 -0.360593 -0.198789 0.358691 0.387215 0.338069 0.414801 0.451714 0.165258 0.327181 -0.330183 0.102291 0.0162065 0.247087 -0.344854 0.326298 0.487963 0.189794 0.445786 -0.190398 0.29565 0.234124 -0.489445 0.276073 0.409124 -0.100072 0.0701025 0.0578951 -0.419702 0.401402 0.10875 0.149045 -0.0158362 0.489619 -0.265117 0.117569 -0.142648 0.237622 -0.168269 -0.051763 0.465923 -0.296965 0.0672689 -0.116752 -0.412566 -0.450384 0.070617 -0.290029 -0.0766812 -0.361277 -0.139376 0.0848082 -0.104274 0.461728 -0.0909885 0.343896 0.190332 0.0477359 -0.406872 -0.195038 0.0320999 -0.231774 0.22419 -0.490363 -0.0808902 -0.337775 -0.485085 0.386977 -0.246478 -0.00462427 0.272951 0.413653 -0.224556 -0.101476 -0.462281 0.122567 -0.34748 0.188127 -0.173041 -0.247315 -0.294709 -0.0848822 -0.147221 -0.200584 0.300077 -0.288711 -0.41808 -0.260773 -0.234597 0.438127 0.141813 -0.390287 
Chicken Alfredo Primavera -0.645231 0.449668 -0.665466 -0.0334888 0.060605 -0.519868 -0.280901 0.35283 -0.201442 0.120795 0.14452 -0.407259 -0.33032 -0.129744 0.272212 0.125647 0.394327 0.328572 0.107743 -0.371724 -0.116487 0.185108 0.44881 -0.336967 -0.289209 -0.151237 0.0378554 0.401634 0.367878 0.349286 -0.164844 0.260763 -0.0815058 0.210431 -0.424017 0.493821 -0.0246982 -0.194281 0.347926 0.406837 0.00673064 -0.172254 0.395167 -0.154359 0.345852 -0.414095 -0.376132 0.0308542 0.155682 0.471463 -0.0276446 0.090942 -0.375222 0.346262 0.385378 0.0634348 -0.12521 0.295902 -0.481643 0.0839035 -0.418716 0.242957 0.00243771 -0.103556 -0.292517 0.530282 -0.441311 0.0851447 0.517872 -0.0836136 -0.528377 -0.21968 0.66218 0.0106789 0.0136892 -0.345584 0.107654 0.0562552 0.563838 -0.323316 0.0530549 0.299374 0.233287 0.113409 0.408996 -0.176733 -0.263985 0.106009 0.156344 -0.048853 -0.358675 -0.19345 0.275428 0.488423 -0.561276 -0.301981 -0.132725 0.0332478 0.34991 0.355248 
beef brisket 0.298464 -0.431215 -0.0986982 -0.339228 0.160583 0.44074 -0.323594 0.529553 -0.456838 -0.361312 0.319204 -0.280425 0.268168 -0.464196 -0.13761 -0.151299 0.0925507 0.570126 0.474792 0.0940838 0.509286 -0.266731 -0.0268067 -0.393893 0.531482 -0.46439 0.317809 0.493718 0.0554278 0.0450031 0.416915 0.272504 -0.0599617 -0.0946044 0.0268748 -0.469639 0.309397 0.0671786 0.0841373 0.348685 0.0843231 0.373124 -0.208732 -0.0686542 -0.209941 -0.691808 0.13537 -0.609563 0.518844 0.53475 0.511564 -0.449505 0.531851 0.0199017 -0.0463828 0.587393 -0.246171 0.106941 -0.0535651 0.170737 0.460425 -0.0150188 -0.243653 0.123703 -0.0963235 -0.306684 0.700529 -0.185518 -0.0801125 -0.361894 0.0836048 -0.160527 -0.130171 0.0187606 0.206454 -0.0109324 -0.265873 0.00804268 0.433129 0.448808 -0.516051 0.15767 -0.321604 -0.548161 0.365865 -0.324442 -0.0315832 -0.517665 -0.0206083 -0.234743 0.349712 0.435334 0.540167 -0.461473 0.237717 0.624823 0.0560988 0.30254 0.352632 -0.699453 
Chickpea Fajitas 0.467065 0.00874238 -0.188946 0.178672 -0.475458 0.213143 -0.202341 -0.363458 -0.39273 0.377348 -0.293648 -0.010968 0.405059 -0.408636 0.473036 -0.48889 -0.481668 0.390711 -0.31032 0.226527 -0.363643 -0.311133 -0.0991054 -0.26121 -0.184129 -0.222088 0.0629136 -0.366197 -0.254242 0.410747 0.38196 0.225637 0.139026 -0.343021 -0.216034 0.164725 0.319797 -0.487344 0.426044 0.241138 0.445681 0.0512321 -0.330505 -0.462739 -0.494336 -0.327384 -0.133624 0.194084 -0.111531 -0.365789 -0.486851 -0.270558 -0.0680776 0.0154095 0.0896661 0.299896 0.315693 0.390624 0.371952 0.0192693 0.427228 0.152639 0.0724925 -0.195286 -0.0909938 -0.182197 0.292713 -0.0483355 0.144778 -0.249041 0.471992 -0.295055 0.256164 -0.127279 0.297587 0.161215 0.469115 0.329032 -0.46941 0.486871 0.324722 -0.0927574 0.486565 -0.411811 0.0282639 0.0385715 -0.486564 0.28287 0.309081 -0.0882401 0.101749 -0.362241 -0.311127 0.184933 -0.0375904 -0.365321 0.236635 0.0916757 0.0668516 0.291275 
Broccoli & Stilton soup 0.0133939 -0.132687 -0.00908514 -0.366555 0.249415 0.591864 0.297048 -0.0671264 0.152318 0.342984 0.0467307 0.297435 0.548427 0.499714 -0.105597 0.194416 0.0541648 0.0388297 -0.368929 -0.176229 0.480859 -0.289559 0.302935 0.389788 -0.293783 0.283937 0.54267 0.118457 -0.216681 -0.00905625 0.522255 0.541001 0.0447199 -0.506336 -0.0385014 -0.303281 -0.0444649 -0.0113649 -0.348461 0.1001 0.277692 0.371308 -0.313218 0.187 -0.273559 0.0542383 -0.0299809 -0.312046 0.249923 -0.375784 -0.387973 -0.0106694 -0.325905 0.501153 0.199913 -0.563446 -0.00646935 -0.0217327 -0.58639 0.168048 0.0726771 -0.355627 0.474106 0.209032 0.342794 -0.343318 -0.218987 0.0639233 0.385772 0.0684054 -0.308433 -0.440788 -0.0763296 0.0277263 -0.350776 -0.0695599 0.689666 -0.122057 -0.196382 -0.015862 -0.256162 0.158318 0.138382 -0.372887 0.328297 0.202167 -0.22084 0.343066 0.211334 0.514834 0.011341 0.577533 0.115067 -0.286471 -0.306502 -0.371962 0.296694 -0.0571981 0.405443 0.111794 
stout 0.13801 -0.330376 -0.0867334 0.109812 0.140064 0.257809 0.265368 0.141381 0.388882 -0.101662 -0.482663 -0.427803 0.240784 -0.419266 -0.057568 0.189721 0.481673 -0.156191 -0.400904 0.036463 0.434093 0.0344741 0.149448 0.0876687 0.166865 0.251611 -0.0324367 -0.107384 -0.247696 -0.479434 0.190839 0.0435875 -0.318697 0.270122 0.244859 -0.277455 -0.178071 -0.318596 0.134188 0.371098 0.192261 0.0466742 0.298367 -0.239653 0.150109 -0.277662 -0.439928 -0.386806 -0.272504 0.20615 -0.18722 0.178613 -0.327981 0.283307 0.226299 -0.0786246 0.0998904 0.459945 -0.386393 -0.349641 -0.0374656 0.185012 -0.460516 0.205652 -0.132264 0.252742 -0.253984 -0.487298 0.215118 0.436929 -0.205323 0.217632 -0.251656 -0.493749 -0.109468 0.310054 -0.0778315 0.282897 -0.229 -0.42328 0.243736 0.437497 -0.427861 0.180773 0.0152599 0.180612 -0.430935 0.0202074 0.0637356 0.475052 -0.0485066 0.0330044 0.37643 0.00707763 -0.464615 0.114842 0.302562 -0.157873 -0.476731 -0.437259 
dried oregano 0.491499 0.391031 0.569522 -0.053426 -0.0335024 0.189459 0.614846 -0.0148201 -0.670993 0.0139857 -0.178147 -0.374651 0.214767 -0.52908 0.149235 -0.408112 -0.204847 0.252001 0.169718 0.212535 0.46385 -0.528852 -0.0266916 0.251174 -0.440862 -0.339407 0.257055 -0.846539 0.699862 -0.28035 0.643643 0.556114 -0.0938919 0.409423 -0.0338137 -0.514636 -0.159726 0.416937 0.363253 0.0608122 -0.0527216 -0.115997 0.344041 0.173343 0.100342 0.65867 0.261208 0.146792 -0.244289 0.463312 0.11083 0.00390549 -0.538002 -0.331596 -0.184614 -0.102477 -0.0970939 0.0391936 -0.467805 0.199682 0.118975 0.211705 -0.614885 0.186297 -0.228366 -0.0266754 0.112898 -0.537572 0.239274 0.28946 0.461559 -0.327341 -0.0839358 0.367958 0.56246 0.101483 -0.00553329 -0.291317 -0.276982 -0.341331 -0.410652 -0.663225 -0.0557187 0.0665106 -0.133482 0.14882 0.185763 0.681243 0.215577 -0.523859 -0.263684 -0.579985 -0.745006 -0.500932 -0.366728 0.139955 -0.157364 0.289841 -0.106432 0.290635 
Kentucky Fried Chicken -0.022525 -0.0559345 -0.31497 0.279616 -0.0540933 0.421795 0.191617 0.411532 0.0353585 0.276606 -0.407253 0.0262017 0.273745 -0.363542 0.228316 0.396988 -0.4051 -0.124674 -0.284356 -0.501052 -0.285393 0.067808 0.134038 0.118885 0.400881 0.204023 0.0417104 0.00330999 -0.17634 -0.361519 0.311247 -0.0101002 0.33956 0.256638 0.00997986 -0.097726 -0.114754 0.278896 -0.240157 0.418522 0.252557 0.444508 0.339362 -0.28249 0.449063 -0.261025 -0.0160148 -0.242957 -0.189435 0.672423 -0.268267 0.616554 0.124503 -0.00523681 -0.248778 -0.0989451 -0.521787 0.472473 -0.32951 -0.053285 -0.0111319 -0.377675 -0.471709 0.332415 -0.340325 0.234711 -0.0610219 0.587406 0.662079 -0.484209 -0.0650219 -0.404933 0.275496 -0.153619 -0.226339 0.245171 0.011402 0.00428989 0.033622 -0.666326 0.17287 -0.372577 0.370126 -0.257206 -0.417946 0.155138 -0.310026 0.36682 0.390977 0.0895562 0.37391 0.212548 -0.226495 -0.00398159 0.0825069 -0.050758 0.19858 -0.188588 -0.275832 -0.0562418 
dark chocolate chips 0.488984 -0.326131 -0.232267 0.212365 0.427695 0.182463 0.00169089 0.215176 0.118311 0.105384 0.28133 -0.27255 -0.228444 0.485865 0.00798159 0.372786 -0.406864 0.00591943 0.0387236 -0.455729 0.167857 -0.306909 0.201477 0.40972 0.141374 0.147604 0.446277 0.236215 -0.289494 0.325128 0.233473 0.167184 0.147876 0.18441 0.368636 0.243278 -0.0244071 -0.379691 0.271246 0.108361 0.476138 -0.04993 -0.0532921 -0.459011 0.22729 -0.366407 -0.362292 -0.323959 -0.238931 0.0807154 0.0712185 0.489334 -0.347667 0.233091 -0.137255 -0.28116 0.266174 0.469512 -0.450445 -0.416292 -0.413562 0.313746 -0.0386965 0.430412 0.00651493 -0.464732 0.212726 0.459722 0.0759925 0.4972 -0.142433 0.474898 -0.299656 0.00227702 0.0921876 -0.0433371 0.471134 -0.341818 -0.455044 0.19791 0.47053 -0.299267 0.0951665 0.0511848 0.192513 0.315511 -0.149524 0.273541 -0.303301 0.398426 0.0880533 0.218273 -0.460908 -0.0382029 0.246574 0.206712 0.191368 -0.134375 0.0762998 0.0759505 
black pepper 0.35069 0.0214155 -0.576159 0.371883 -0.214449 -0.161013 -0.577993 0.530674 0.030541 0.416923 0.327326 0.0486803 0.598566 -0.00894471 0.637824 0.110791 -0.500536 -0.380504 -0.0426173 -0.47527 -0.042137 -0.951037 -0.33444 0.492628 0.340429 -0.0562876 -0.194001 0.353193 0.371896 0.0393686 0.618271 0.0082879 -0.104446 0.390941 0.00146925 -0.309917 0.0425759 -0.0521278 0.0477287 0.156451 -0.315181 0.22106 0.22027 0.0633846 -0.655655 0.107787 -0.452229 -0.193385 -0.144782 0.737442 -0.916136 -0.0103781 -0.266781 0.819864 0.114035 0.058015 -0.809046 0.340587 -0.179353 -0.516423 -0.550274 -0.128961 -0.218786 0.272797 -0.328802 -0.762542 0.187404 0.0474973 0.602385 -0.209622 -0.26556 0.420159 0.158761 0.242253 0.141928 0.0293447 0.144541 0.344255 -0.644051 -0.0914047 -0.702529 -0.196981 0.115711 0.431785 0.176473 -0.0217751 0.586715 0.749732 0.436283 0.105373 0.306944 -0.230668 -0.429879 -0.246424 -0.282957 0.282123 -0.462951 -0.0452948 0.925103 -0.1711 
currants 0.274735 -0.212768 -0.43476 0.213985 0.423926 0.417325 -0.398055 -0.372024 0.336688 -0.0926341 0.379051 0.127916 -0.0892374 -0.169908 0.327022 -0.193792 0.344487 0.0973458 0.211945 0.253826 0.138016 0.107785 0.410133 -0.0122148 -0.151104 -0.452921 0.391785 -0.0408886 0.318097 0.0594383 0.20169 0.171957 0.150017 0.451059 0.0820505 0.380546 0.440368 0.404597 0.254612 -0.306704 -0.144462 -0.00375192 0.0622174 -0.196308 0.0913153 0.40041 -0.264442 -0.294485 0.177488 -0.0734896 0.193305 0.390971 -0.381099 0.40077 -0.229445 0.271763 -0.104583 0.360141 0.038816 0.0138105 0.323618 0.175576 -0.209709 -0.250243 0.485621 -0.0645899 0.113417 -0.182666 -0.206425 0.10108 -0.487877 0.251494 -0.106225 0.0840508 0.288698 -0.353796 0.135571 -0.154685 0.391005 -0.239682 -0.0483614 -0.148598 -0.0908671 -0.331625 0.347217 -0.240348 -0.31842 -0.491711 -0.0905206 -0.0111652 -0.420417 0.0418725 0.348319 -0.0302978 -0.212734 0.372855 -0.268955 0.323818 0.191995 0.0391513 
gruyere cheese 0.0264851 0.291687 0.0622433 -0.145331 -0.149091 -0.236483 -0.259978 0.385568 0.48984 0.383043 -0.045433 -0.0894935 0.392052 -0.396196 -0.481966 -0.237833 0.294454 0.134581 -0.207305 0.125966 0.481816 -0.234723 0.367397 0.411439 0.0381752 -0.00491556 0.335729 -0.341771 -0.267726 -0.209654 0.135434 0.288685 0.207068 0.350987 0.257367 -0.141626 -0.217835 0.0875868 -0.336325 0.408226 0.328485 -0.223644 0.345228 0.132008 0.211558 0.294009 -0.259527 -0.119437 0.314207 0.36947 0.143126 -0.268382 0.289595 -0.40998 0.398906 -0.4621 -0.331718 0.219644 -0.0975926 -0.0589485 0.161516 0.104761 0.295776 -0.196086 0.48541 -0.128846 0.37497 0.223869 0.336594 -0.479968 -0.314542 0.335136 0.361136 0.436128 0.374741 -0.239832 0.379515 0.296969 0.153706 -0.389532 -0.250591 -0.195201 0.425713 -0.0122429 -0.0319442 -0.349595 -0.0635185 -0.266647 0.348853 -0.427257 -0.267526 0.151672 -0.112961 -0.360092 -0.0871391 -0.340323 -0.0810921 -0.149647 -0.302535 -0.0318268 
egg white 0.187193 0.149708 -0.121405 0.255757 -0.272349 0.104295 0.0663961 -0.124932 0.451893 -0.196449 0.424229 0.0525401 0.107517 0.116964 0.132663 -0.419293 -0.574625 -0.306936 -0.110768 0.552979 0.342899 -0.191864 -0.211527 -0.0554669 -0.230341 0.183978 -0.255573 0.202717 0.269065 -0.575184 0.55047 -0.195426 -0.386017 0.387206 0.130099 -0.0787271 0.587874 0.14166 -0.146559 0.58507 -0.698324 0.0148493 -0.386225 0.0807576 -0.0792446 -0.21172 -0.0586647 -0.0561507 0.46923 -0.209905 0.240546 -0.252563 -0.390028 0.0845237 -0.0941695 0.440786 -0.125837 0.228383 0.140794 0.559731 0.0137707 -0.405093 -0.44521 -0.391577 0.449396 -0.409968 0.396681 0.109858 -0.255338 -0.392686 0.276966 -0.690093 -0.379527 -0.131619 0.540183 0.125888 -0.0750415 -0.230659 0.379881 -0.252432 -0.547167 -0.113866 -0.228231 0.267622 0.232581 0.109283 -0.511747 0.343223 -0.611351 -0.28309 -0.463486 0.35999 -0.618568 0.482338 -0.232232 -0.504534 -0.337635 0.418456 0.326985 0.127096 
mixed grain -0.338862 -0.3144 -0.418634 0.143709 0.0780017 -0.0136853 -0.0422729 0.333026 0.33081 0.244472 0.470998 0.345672 0.484418 0.0453215 -0.0522958 0.48025 -0.394358 -0.12183 0.203554 0.212607 0.360938 -0.404802 0.0506618 -0.133493 -0.444705 0.0660045 -0.230674 0.215489 0.0408778 -0.437006 -0.0737654 -0.424711 0.308522 0.138185 0.162062 -0.476529 0.362445 -0.000561071 -0.499787 -0.228128 -0.124535 -0.469275 0.343956 -0.332833 -0.0729674 -0.201098 -0.463735 -0.0101426 -0.23001 -0.162914 0.0486386 0.408475 -0.184745 0.0850624 -0.494189 0.0273953 -0.0522128 0.271699 -0.0230814 -0.0353359 -0.457163 -0.329796 0.479651 0.0125294 0.13464 -0.277455 -0.134277 -0.322337 0.161613 0.0590396 -0.320981 0.387654 -0.486358 0.159341 -0.0407611 -0.397802 -0.166094 -0.371237 0.0752766 0.436375 -0.254012 0.199899 0.169777 0.0420904 0.405542 0.20103 -0.333614 -0.110663 0.275827 0.321974 -0.379201 -0.121586 0.038606 0.0419911 -0.238552 -0.187702 -0.0663435 0.0616528 -0.376075 -0.102871 
balsamic vinegar 0.268055 0.274254 0.302061 0.663348 -0.44706 -0.57507 -0.396834 -0.473649 -0.314969 -0.227916 -0.336907 -0.553473 0.700362 0.0510655 -0.398545 0.219633 -0.215761 0.468534 -0.0349957 0.252905 -0.509403 0.00300513 -0.353804 -0.0514853 0.335858 0.247606 -0.102684 -0.000712528 0.354249 0.185433 0.287034 -0.345712 -0.335582 -0.464764 -0.453875 0.546721 -0.403749 0.271551 -0.35674 -0.142928 -0.0290852 -0.012375 0.228117 0.222044 0.148827 0.0475442 -0.1722 -0.474839 -0.155495 0.568911 -0.387426 0.106684 0.515025 0.283876 0.15989 -0.307289 -0.0159978 0.172209 0.271007 0.359109 -0.591488 0.0358766 -0.179058 0.534938 -0.451482 -0.0265775 -0.122776 0.261977 0.394324 -0.428583 -0.395924 -0.0131284 -0.080297 0.0617751 0.45171 0.363315 -0.333091 -0.0184804 -0.322325 -0.46979 -0.138924 -0.119773 -0.3725 0.281986 0.236189 0.260224 0.0463065 -0.363913 -0.655089 0.606627 -0.551897 -0.281027 -0.0934961 -0.609123 -0.0031759 0.136997 0.130749 -0.623106 0.502311 -0.185718 
garlic powder 0.207543 0.425821 -0.335779 0.642551 0.604345 -0.438413 0.20793 -0.143638 -0.181755 0.594479 -0.251868 -0.191052 -0.384681 0.313166 -0.462334 0.959187 -0.780031 0.139906 0.549069 0.601202 -0.201885 -0.0162363 0.0440953 0.122351 -0.473253 0.409221 0.643424 -0.179584 0.176888 -0.0818779 0.167741 0.225441 0.106994 -0.613069 0.490189 0.247342 0.220633 -0.094376 -0.897511 0.0250665 -0.06954 0.395929 -0.0294655 0.344322 0.807688 0.145471 -0.279493 0.123866 0.081844 0.469879 -0.526008 0.197858 -0.743624 -0.350881 0.0323044 0.706783 0.14971 -0.394406 0.451033 0.307783 0.0780667 0.497559 -0.660221 -0.0360127 0.575062 0.0911177 0.182039 -0.318557 -0.968908 0.333202 0.556044 0.0593818 -0.660674 -0.145068 -0.265426 0.0214525 -0.842993 0.991643 0.308787 0.284133 0.27295 0.360544 0.0809206 -0.102324 -0.608004 -0.443771 -0.205743 -0.131291 0.507386 -0.967366 -0.2034 0.165407 0.903943 -1.09256 -0.278686 0.0774674 0.453413 0.484754 0.0896379 0.0938444 
onion salt -0.280162 -0.324662 0.0459634 0.428044 0.292396 0.548026 0.65406 0.546633 0.491029 0.189274 0.02876 0.0902267 0.205209 -0.230986 -0.208187 -0.399856 -0.831088 -0.103317 -0.0163071 0.170948 0.123437 0.130066 -0.237324 -0.0691182 -0.0482755 -0.409907 -0.0295316 0.118979 -0.0930379 -0.35351 -0.56575 0.148709 -0.346749 -0.130385 -0.251581 -0.0114684 -0.0779864 -0.218681 -0.201295 0.474781 -0.516421 0.505273 0.0440463 0.331722 -0.00841321 -0.430651 0.290093 -0.195785 -0.234667 0.410524 0.389855 -0.121758 -0.295953 0.240413 -0.00925316 -0.43368 0.248615 0.782597 0.039022 -0.160262 0.366941 0.646309 -0.387671 0.26837 -0.164723 -0.0829157 -0.338304 0.351887 -0.584208 0.684299 -0.229041 0.25375 0.385664 -0.258979 -0.0976732 0.16357 -0.0521533 0.386033 0.238665 -0.404601 0.417499 -0.414274 0.204726 0.41178 -0.0691277 -0.0918016 -0.264647 -0.136253 -0.0984577 -0.0951762 -0.47461 0.099173 0.316332 -0.333895 -0.0410961 0.021388 -0.436904 0.363312 -0.00404899 0.356152 
thai red curry paste 0.203148 -0.282369 0.15256 0.185309 -0.0564305 -0.380451 -0.259847 -0.408849 0.330399 0.100556 -0.430363 -0.115045 -0.178279 -0.341427 0.590305 0.449891 0.281844 -0.0834413 0.152574 -0.134905 0.385087 -0.290429 0.25446 -0.213261 0.140428 -0.176874 -0.171089 0.146636 0.461845 -0.0452478 0.156288 -0.165314 0.0902239 -0.0289358 -0.0600455 -0.0585579 0.47063 0.0603706 -0.142384 0.26844 0.0695851 0.233773 -0.362281 0.0693746 -0.51047 0.307439 -0.297123 0.329845 0.231438 0.341723 -0.212392 -0.457313 0.389608 -0.436198 -0.316002 -0.462625 -0.170348 -0.387738 0.227071 -0.0546167 -0.427758 -0.102686 0.113744 0.392691 0.447225 0.391448 0.0838475 0.250762 -0.36997 0.262303 0.0019648 -0.462217 0.148608 -0.299086 -0.235655 -0.450546 0.292443 0.0652542 0.540909 -0.211667 -0.489468 -0.163137 0.1158 -0.271522 0.358546 -0.221788 -0.263946 0.348531 -0.341882 -0.317882 -0.13646 -0.304862 -0.320197 0.0872039 0.436952 -0.319352 0.107321 0.197929 -0.294703 0.519586 
fish stock -0.173541 -0.652602 0.470917 0.0613335 0.223192 0.307532 -0.172547 -0.0393163 0.520775 0.0550858 -0.511031 -0.772407 0.00216987 0.435971 0.257258 0.406381 -0.366336 0.386143 -0.169523 0.239011 -0.286846 0.101038 0.0608852 0.681447 -0.337285 0.0519998 0.459586 -0.189898 -0.22428 -0.0204496 0.221468 -0.332824 0.513866 0.381803 0.219125 -0.588885 -0.0210943 0.0132023 -0.302447 -0.601017 0.130638 0.443975 0.190768 0.147881 0.331317 0.59944 0.267499 0.437095 0.163436 0.193521 -0.0508477 -0.402483 -0.494413 0.257185 -0.0582337 0.288296 0.162406 -0.0899448 -0.351552 -0.0342626 0.276934 0.323402 -0.513249 0.256839 -0.498846 -0.452714 -0.209663 -0.123875 -0.259451 0.290713 -0.169472 0.382942 -0.0354912 -0.252774 -0.322218 -0.080041 0.290127 -0.144824 0.360871 0.202298 -0.36125 -0.618077 -0.255124 0.0303532 -0.44476 0.594761 -0.35869 0.0886164 0.311245 0.168513 -0.251342 0.315705 0.590189 0.0602462 0.250218 -0.118345 -0.305566 -0.0868204 0.266723 0.373433 
sage -0.182852 -0.310877 -0.295578 -0.512649 -0.291107 -0.244853 -0.0639422 -0.052043 0.161066 -0.551056 -0.175827 -0.189147 -0.33548 0.232153 -0.294884 0.312916 0.0152628 0.257776 0.35514 -0.0422899 0.57093 0.028079 -0.177608 0.290319 -0.073687 -0.116442 0.412075 -0.359527 0.131682 -0.0713703 -0.1232 -0.0115131 0.163549 -0.0238612 0.624156 0.140148 0.287188 0.1741 0.159168 0.374569 0.489837 0.385724 0.560229 0.24538 0.0784909 0.157814 -0.0151052 -0.649094 -0.654871 -0.579721 -0.17562 -0.235284 0.209777 0.151275 0.379099 0.0663213 -0.551129 -0.409216 0.379064 -0.367493 0.407056 -0.16656 0.149502 0.258751 -0.311821 -0.142462 -0.53752 -0.030538 -0.167083 0.312372 0.0690605 -0.0525623 -0.635999 -0.222857 -0.0867866 0.102008 0.657334 0.631206 -0.227375 0.017369 -0.213745 0.140967 0.294913 -0.0295584 -0.254169 0.603193 0.432704 -0.0217106 0.272168 -0.652888 -0.556078 0.334559 -0.126062 0.193561 -0.0954768 -0.0152144 -0.163079 -0.20323 0.443659 0.177743 
icing sugar -0.570031 -0.539837 -0.727119 -0.399489 -0.0440156 0.422798 0.388787 0.33744 -0.4431 -0.232682 0.482559 0.272689 0.254073 0.240417 0.345283 -0.296582 0.307664 0.0672903 -0.567699 0.138626 0.14252 -0.0529186 -0.204472 0.065946 0.40312 0.37344 0.0971787 -0.0661647 0.126074 -0.251227 -0.0145309 0.0673853 0.0459641 -0.377065 0.288876 0.658151 0.218504 -0.538644 -0.50501 -0.34945 0.0656291 -0.445381 -0.250837 0.129657 0.479367 -0.537162 -0.122829 -0.287374 -0.14243 0.186221 0.118061 0.0333053 -0.397988 0.581879 0.238313 -0.295764 0.119847 -0.138235 -0.16641 0.031474 0.531592 0.392877 0.325112 -0.0280742 0.347048 -0.219508 0.0650042 -0.181189 -0.41993 0.0558938 -0.292586 -0.171642 -0.369776 -0.399242 -0.319565 -0.561611 -0.212067 -0.0476752 -0.348979 -0.11322 -0.353366 0.293052 0.177334 0.49742 -0.0389921 0.682672 -0.274169 -0.208367 0.115146 0.731566 0.19291 0.197267 0.590536 0.0934698 0.366276 0.113642 -0.0707908 0.254546 0.159485 -0.113155 
Thai Green Curry -0.395282 -0.0430175 0.303077 0.0378788 0.449654 -0.211926 -0.0752717 0.0782975 -0.0972456 -0.422083 -0.459741 0.222461 0.441193 0.254551 0.114751 -0.172 -0.166462 0.306314 -0.123709 0.610436 -0.384072 0.244789 0.124549 -0.337634 0.224746 -0.431416 -0.485745 -0.145257 0.029682 -0.380187 0.277121 0.402789 -0.161582 -0.251267 -0.0501024 -0.222246 -0.406289 -0.409048 -0.228166 -0.0822146 0.658751 0.214808 0.203815 0.286754 0.066965 -0.176903 0.150602 0.0873695 0.536348 0.498541 -0.363536 0.336266 -0.558846 0.497138 -0.0668912 0.0850221 0.219417 -0.459514 0.327148 0.332352 -0.374954 -0.130802 -0.0735176 0.408489 -0.236583 -0.472454 0.241561 0.0625289 0.348961 0.36431 0.0845252 -0.369376 0.295962 -0.142411 0.271925 0.101635 -0.0494386 -0.175661 -0.38082 -0.110838 -0.33694 -0.0780814 -0.328189 0.404843 -0.0627404 0.026835 0.29449 0.331725 0.0988729 0.35751 -0.509759 0.108975 -0.585628 0.189948 0.313938 -0.0616043 0.0827289 -0.430278 0.34664 0.493748 
green beans -0.487696 0.405392 -0.100889 -0.358645 0.451442 0.288237 0.0482389 -0.205563 0.449778 0.175283 0.616253 0.151236 -0.205313 -0.485712 -0.197427 0.512601 -0.330448 0.235624 -0.0594752 0.346455 -0.26988 0.353576 0.413281 -0.302708 0.13629 -0.181751 -0.539966 0.0551224 0.728336 -0.105493 0.074794 0.18501 0.442273 0.00792647 -0.197676 0.0563125 -0.409204 -0.407769 0.223712 0.21881 -0.42914 -0.0265025 0.530258 0.230122 0.0985597 0.624843 -0.494675 0.0109915 -0.319716 0.532729 0.173921 0.496998 0.296887 -0.109801 0.118936 0.300908 0.354513 0.325158 -0.307852 -0.339931 -0.380811 0.548693 0.0372625 0.14607 -0.543971 -0.140466 0.422349 0.383516 0.152102 0.402132 -0.300809 -0.626283 0.123581 0.496249 -0.256281 -0.294183 -0.314975 0.229703 0.239563 -0.0295356 -0.525372 0.0748996 -0.229119 0.364511 0.386951 0.0638125 -0.168307 0.201841 -0.010223 -0.669457 0.101815 -0.369542 -0.726355 -0.0500507 0.504255 -0.598113 0.0706093 0.466648 0.644404 -0.465001 
golden syrup -0.191644 -0.0454358 -0.337746 -0.347137 -0.227908 -0.303776 0.164099 0.0406726 -0.572685 -0.00982569 0.0839712 0.580659 0.33167 0.58694 0.0732026 0.00442835 -0.187067 0.479325 -0.307203 -0.0226229 0.04101 -0.204019 -0.396814 -0.348955 0.272201 -0.18059 -0.104534 -0.152233 0.0457172 0.54514 -0.23607 -0.317956 -0.138143 0.313997 0.228611 0.464795 0.102766 0.31494 0.166979 0.0867729 0.254097 0.330242 0.178514 0.0205257 0.233411 -0.111357 0.228433 0.0569579 -0.404586 -0.542921 0.551604 -0.379909 0.447325 -0.295635 -0.0884686 0.178123 0.128946 0.165254 -0.259109 -0.290111 -0.735972 -0.573137 0.213222 0.309014 0.593297 0.12689 -0.137041 -0.0131213 -0.313156 -0.0908187 0.380263 0.10794 0.214613 -0.425433 0.181726 -0.0727807 0.450832 -0.181498 -0.565605 -0.28727 -0.321592 -0.208229 -0.0591094 0.318073 0.589953 0.0295983 -0.419479 -0.0992551 -0.138867 -0.114914 0.392761 -0.079731 -0.20509 -0.170418 0.184793 -0.34113 0.627074 0.0149805 -0.045013 0.232137 
French Lentils With Garlic and Thyme 0.523721 0.290957 -0.0636332 0.499382 -0.469619 0.165516 -0.242242 0.292829 -0.164142 -0.0299671 0.234782 0.18858 0.317133 0.0938939 0.0831148 0.317453 0.365997 0.29938 -0.233786 -0.175302 -0.461247 0.161623 0.089729 -0.225842 0.458096 0.11146 0.126525 -0.133244 0.540066 0.0700976 0.360382 -0.0819253 -0.056374 0.249428 -0.307867 0.039082 0.456594 0.0323346 -0.572689 0.115415 0.442927 -0.206785 0.107074 -0.130585 0.591946 -0.306871 -0.299366 0.266349 0.0127101 0.134448 -0.296548 -0.53272 0.296006 -0.0568595 -0.213241 0.208327 -0.289918 0.222016 0.0966805 0.319498 0.0640103 0.354079 0.380955 0.340795 0.0861767 -0.00324453 0.59076 -0.156408 -0.258742 0.51962 0.414682 -0.275092 0.211674 0.499805 0.12142 0.327555 -0.0402103 0.173838 -0.120661 -0.29504 0.0841223 0.160034 0.205721 0.0893705 0.0749052 -0.0264518 0.0726506 0.262014 -0.55206 -0.163198 -0.164518 -0.368994 -0.190901 -0.105807 -0.302227 -0.189336 0.385911 -0.281056 -0.416319 -0.439333 
Seafood fideuà 0.316442 -0.433838 0.581868 0.436689 0.241062 -0.0203485 0.0223487 0.222462 -0.258892 -0.408123 0.245466 -0.216607 -0.0176221 0.123243 0.111854 -0.0155687 0.311485 0.0483915 0.559979 0.117935 -0.182228 0.0662111 0.00277605 -0.0709705 0.135324 0.214095 -0.485466 -0.345186 -0.571941 0.335493 0.541173 -0.301397 0.507036 0.0530835 0.174591 -0.368709 -0.0213239 0.252579 0.552387 0.495443 -0.419005 -0.210301 0.0973601 0.617579 0.0229259 0.0038998 -0.163236 -0.4319 0.129253 -0.318978 0.345637 0.321047 -0.158608 0.207348 0.436271 -0.214842 -0.46698 -0.265845 -0.391566 -0.317623 -0.0743774 0.0935074 -0.0239688 -0.481925 0.268582 -0.108427 0.573062 0.232554 -0.276077 -0.293192 0.303809 -0.102135 0.102319 -0.0500229 0.167773 0.459937 -0.0724138 -0.134535 -0.138635 -0.143613 0.249703 -0.17406 -0.0428167 0.476444 0.0151122 0.509393 -0.00733187 -0.26751 -0.18572 0.299853 -0.0383858 0.170496 0.30259 -0.638009 0.706105 0.365736 -0.248516 0.506516 -0.516206 -0.301972 
unsalted butter -0.392027 0.357176 0.391408 0.403362 -0.211326 0.0334326 -0.42442 0.195006 -0.204296 0.133111 0.403873 -0.231144 -0.0598326 0.355348 0.242803 0.0909398 0.350293 -0.324462 -0.305381 -0.122587 0.10982 0.25309 -0.136319 -0.176686 0.34553 -0.192399 -0.252986 0.0192819 0.159845 -0.474405 0.336319 0.282022 0.490709 0.205528 0.218524 -0.449924 -0.342915 -0.449687 0.117226 -0.448903 0.148292 -0.0877317 -0.408749 -0.0284269 -0.0774534 0.210832 0.331649 -0.443921 -0.0497632 0.36713 -0.192775 -0.246453 -0.0658854 -0.223971 -0.0977766 -0.349035 -0.468059 0.483773 0.0208996 0.489721 0.324394 -0.0191526 -0.057519 -0.429579 0.0996013 -0.306667 0.130717 -0.0749627 0.478186 -0.0832147 0.0206867 -0.0862365 -0.230274 -0.319366 0.0954992 0.219232 0.0653808 -0.33247 0.13802 0.168036 -0.0628105 0.384013 -0.222996 0.0650044 -0.404298 0.0182323 -0.330008 -0.458261 0.140744 0.421554 0.35633 -0.491277 0.335674 0.0172966 -0.131616 0.478524 -0.444161 0.387616 0.414325 0.032057 
little gem lettuce -0.059461 0.0166178 0.520679 -0.125768 -0.402078 -0.77955 -0.232523 -0.260161 0.0904251 0.0684867 0.0139356 -0.306286 0.00097615 -0.425632 0.510196 0.157816 0.343063 0.0564557 -0.215964 0.420807 -0.267752 0.521903 0.691009 0.605856 0.0408665 0.356722 -0.210603 -0.108754 -0.366742 0.0163696 0.255449 -0.0125964 0.0740586 0.329859 0.00925619 -0.106356 -0.196649 -0.128728 0.202066 -0.197664 -0.438883 0.00797601 0.402663 0.10982 -0.245783 0.0512686 -0.448177 0.37107 -0.0069894 0.145578 0.189067 0.245363 -0.8941 -0.448461 -0.111881 0.679843 -0.0190583 0.310447 -0.29205 -0.244016 -0.242043 0.123134 -0.290264 -0.659393 -0.203379 0.163802 0.0201737 -0.257289 0.169893 -0.231451 0.514742 0.594728 0.150471 0.0208207 -0.731263 0.0985551 -0.26414 -0.173596 -0.581843 0.457566 -0.00882496 -0.609916 -0.298333 0.110653 0.12288 -0.451329 0.00106281 0.420845 0.86039 0.280489 -0.292138 0.493209 0.106702 0.236795 -0.360876 -0.181112 0.625305 0.412567 0.0661515 0.576333 
Chilli prawn linguine 0.381818 0.50604 -0.385161 0.359101 0.422321 -0.255856 -0.136066 0.182682 0.17183 0.332403 -0.335337 0.232303 0.270166 0.0465311 -0.0594513 0.198102 -0.32828 0.466002 -0.539217 0.285004 0.287393 -0.582199 -0.24131 0.393552 0.12385 -0.398878 0.420002 0.475704 -0.480078 -0.406324 0.0235133 0.475288 -0.177662 0.288 0.1419 -0.34027 -0.326822 0.0589504 0.566579 0.0916534 -0.169218 0.282792 0.32869 0.457348 0.191164 -0.286012 0.0677148 -0.248904 -0.483517 0.0491234 -0.405431 0.370709 0.68185 -0.203021 0.299746 -0.205917 0.0833523 -0.375015 0.0712401 0.0848489 0.408035 0.210902 0.572944 0.547228 -0.128513 0.525965 0.635644 0.477136 -0.0256963 0.584061 0.189211 0.283161 -0.279561 0.191136 0.372409 0.287574 -0.271582 0.230272 -0.0663638 -0.100965 -0.301944 0.271711 0.0204737 0.0319606 -0.481912 -0.0645663 -0.178601 -0.40485 0.0224285 0.144029 -0.134928 0.254889 0.400571 -0.328016 -0.60495 0.00119999 -0.268192 -0.323243 -0.322584 0.550172 
Roasted Eggplant With Tahini, Pine Nuts, and Lentils -0.37496 -0.257387 0.160401 0.260366 -0.426017 -0.212039 0.414303 0.274532 0.0787231 -0.0941013 -0.0115061 -0.0784444 -0.407523 0.527729 0.456916 -0.393738 0.463716 0.0817486 0.28727 0.0597953 -0.19809 -0.375072 0.188188 -0.106782 0.332316 0.35921 -0.276406 -0.42134 -0.148516 -0.162069 0.0767221 0.439449 -0.0594839 0.163376 0.36759 -0.0556884 0.37432 0.0770482 0.344905 -0.39095 -0.16006 0.102372 -0.285058 -0.423669 0.014237 -0.212507 -0.31648 -0.251456 -0.0992223 0.487731 0.327791 -0.163053 0.0834219 0.397956 0.481834 -0.262973 0.267133 -0.39308 0.210446 0.156163 -0.299393 0.0699031 -0.470583 -0.280464 -0.4362 0.0543754 -0.352663 0.284298 -0.204087 0.0536864 0.260183 0.146977 0.0382895 -0.327717 -0.0385479 -0.409318 -0.0186674 0.0204317 0.477257 -0.376106 0.218061 0.201493 -0.454467 0.154115 -0.133579 -0.169895 -0.194028 -0.438581 -0.423761 0.034056 0.617912 0.439515 -0.167532 -0.427914 -0.481133 -0.0282439 0.396611 0.404783 -0.121627 -0.483567 
egg plants -0.249927 -0.395557 -0.0105116 -0.120294 0.256326 -0.208181 0.498022 0.187218 0.255378 0.127004 -0.684597 -0.146057 0.540075 0.276156 -0.248293 0.515217 0.115581 -0.0596594 0.45925 -0.0895312 -0.492706 -0.198762 0.207511 0.232615 -0.324521 -0.525132 -0.455557 0.0961131 -0.53454 -0.0850794 0.147344 -0.0593551 -0.129995 0.288591 0.261084 -0.054729 -0.35077 0.0157087 -0.0505618 -0.916745 0.246738 -0.0849164 -0.112138 -0.174902 -0.166841 0.22836 -0.214562 0.157227 0.159991 0.157618 0.3904 -0.835348 0.0176866 0.0604461 0.533142 -0.200531 -0.0945752 -0.492953 -0.0556615 0.0478317 -0.235946 -0.0790946 0.0251006 0.178735 0.22434 -0.185399 0.255538 0.020385 -0.366441 0.485893 0.0248511 0.452557 0.0740904 0.634449 -0.128148 0.569152 -0.233698 -0.735939 -0.125479 -0.612728 -0.0622914 -0.784478 0.235223 0.0800142 0.429356 -0.0771846 -0.37614 0.0883688 0.235319 0.383856 0.374527 0.788296 0.529838 -0.350878 0.165957 0.201333 -0.093282 0.0405769 0.161278 0.528614 
Stovetop Eggplant With Harissa, Chickpeas, and Cumin Yogurt 0.662135 -0.313804 -0.356218 0.591378 -0.399688 0.253022 0.218688 -0.340058 -0.428876 0.499947 -0.049435 0.543978 -0.00709896 -0.371163 0.418278 0.209064 -0.0558195 -0.521136 0.0984036 -0.0644882 0.189192 -0.00746084 0.241098 0.175987 -0.428833 -0.347352 -0.482985 0.117368 -0.417973 -0.262066 0.181861 -0.423804 0.0216077 0.587636 -0.411419 -0.275669 0.0855005 0.405066 -0.210563 0.0053721 0.070147 0.146942 0.141656 -0.472336 -0.428583 -0.286744 0.412409 0.391974 -0.0405906 0.024065 0.0839402 0.290887 -0.205608 -0.10895 0.283398 -0.373782 -0.00205603 -0.110561 -0.362963 0.0663331 -0.130959 0.406723 0.194661 0.243948 0.315385 0.535595 -0.25984 -0.58416 -0.368896 -0.382573 -0.100938 0.0685375 -0.0133049 0.266806 -0.605552 0.0222884 -0.111157 0.00378023 0.0258534 -0.365784 0.066153 0.401179 0.136332 -0.0279728 0.0501559 -0.59645 -0.172045 -0.483119 0.0344233 -0.208308 0.127102 -0.0468579 0.141151 0.316542 0.40508 0.392454 0.179939 -0.291503 -0.383928 0.134169 
ham -0.411345 -0.024089 -0.0259071 0.124075 -0.413458 0.492973 0.267191 0.173272 0.137757 0.339976 0.0190158 0.120697 0.41958 0.113394 -0.232295 0.198423 -0.498923 -0.17135 -0.106073 -0.170432 -0.149979 -0.0846637 -0.140048 -0.250696 0.433567 -0.272734 -0.286736 0.347691 0.233894 0.392824 -0.485071 -0.359822 0.492365 -0.256671 0.380427 0.389883 -0.304415 -0.152412 0.251004 -0.449097 0.234168 -0.322933 0.0320605 -0.17018 0.00192737 0.497045 0.459957 -0.442472 -0.381991 0.102417 -0.298637 -0.378952 0.483865 -0.17263 -0.178121 0.346937 -0.161357 -0.418391 0.0275903 0.0257639 -0.383851 -0.164174 -0.0609937 0.4052 0.402157 -0.443883 -0.3089 0.196611 -0.213644 -0.228159 -0.0748527 0.149097 -0.448198 -0.0905025 0.0242589 0.0316987 0.279118 -0.277961 0.360207 -0.245825 0.0793014 -0.495457 -0.140521 0.333965 0.0849367 0.353751 -0.410318 0.0396012 0.0259213 -0.109112 0.437359 -0.336688 -0.0157873 0.32349 -0.316858 0.0938477 -0.330953 0.334498 -0.361885 -0.0441194 
lime -0.841819 0.647797 0.357404 0.666624 -0.181479 -0.649307 0.547122 0.0760704 0.858612 -0.140212 -0.284012 -0.769822 0.105755 0.525057 0.580647 -0.121467 0.33606 -0.801488 -0.0425214 0.078334 -0.45075 -0.260341 0.109236 -0.309144 0.304374 -0.183251 -0.453577 -0.0229855 0.485075 0.120507 -0.60467 0.100929 0.650366 0.514162 -0.182337 0.120172 -0.855065 0.226789 0.24151 0.256192 0.0132582 -0.797505 -0.252567 0.011209 -0.679198 0.690838 0.196011 0.0610243 0.481746 -0.0766416 -0.223671 0.471645 -0.212187 -0.929628 -0.550067 0.328246 0.35471 -0.600377 0.485732 -0.442917 -0.542476 0.254447 -0.555309 -0.567884 0.0915596 -0.0723876 0.098728 0.326172 0.169209 -0.161825 -0.147198 -0.215513 0.491408 0.599523 -0.017484 -0.610728 -0.171003 -0.42563 -0.530615 0.395486 -0.116223 -0.603549 0.716323 0.247203 0.16089 0.507769 0.631685 0.276362 -0.215114 -0.398276 0.23753 -0.319516 -0.664562 -0.287564 0.835441 0.262756 -0.0441566 -0.268469 0.110703 -0.414418 
chickpeas -0.159755 0.202574 -0.411192 0.235723 -0.549668 -0.348584 0.380805 0.159404 -0.413102 0.509727 0.0714766 -0.320087 -0.310148 0.191736 0.415786 0.406413 -0.0820298 -0.296847 -0.0313046 0.138266 -0.0586705 -0.135367 0.418413 0.548447 0.544533 -0.0761475 -0.661361 -0.0837499 -0.390781 -0.227481 -0.222891 -0.252567 -0.103491 0.163615 0.0716576 0.2217 -0.253387 0.0944836 0.370999 -0.0716822 -0.0844076 -0.197247 -0.0217575 0.566588 -0.334022 -0.369754 0.150289 0.379586 0.295397 -0.571814 0.189901 -0.501643 0.143231 0.81759 0.551412 -0.54322 -0.13972 -0.469513 0.0529392 0.398904 -0.471162 -0.543531 -0.389534 0.464694 -0.412926 0.689949 -0.278749 0.016798 0.325576 0.41998 0.205503 0.179825 0.72444 0.547962 -0.577867 0.302932 -0.0333247 0.281526 0.0249667 0.120349 0.646287 -0.416572 -0.0277465 -0.286908 -0.168158 -0.449734 -0.412819 -0.352394 0.394305 0.00525483 0.529484 0.607604 0.044694 0.166914 0.0827663 0.0183146 0.232894 -0.172108 -0.0331812 -0.61916 
Chicken Fajita Mac and Cheese -0.190347 0.0845942 0.470809 -0.150786 0.158134 0.286826 0.486255 0.393175 -0.478818 0.239085 0.225801 0.0973527 0.0375766 0.105535 0.165166 0.108341 0.251135 0.443139 0.468942 0.0649475 -0.495185 -0.229638 -0.0594085 0.137559 0.155581 0.344636 0.0572929 -0.358114 -0.289349 0.304707 -0.0947662 0.469832 0.117243 0.086496 0.489583 -0.509093 0.380617 -0.446016 0.226205 -0.498414 -0.545415 0.236558 0.183955 0.0451276 0.129936 0.375496 -0.326169 -0.247623 -0.263883 0.0990379 0.15641 0.410271 0.344451 0.382836 -0.0228861 -0.277511 -0.0116487 -0.253015 0.0163481 0.465785 0.389608 0.576658 0.414835 0.303333 -0.0101527 -0.186474 0.205313 -0.0640984 -0.379801 0.195913 0.0197359 0.43139 0.389506 0.0563473 -0.508 0.24885 0.390422 -0.270801 -0.0827764 0.343622 -0.467414 -0.0210454 -0.312085 -0.347971 0.0290925 0.111474 0.341294 0.103694 0.471749 0.266314 -0.279185 0.337308 -0.203665 -0.578813 0.586848 0.604553 0.191792 -0.13946 -0.037774 -0.397623 
cheddar cheese -0.166658 0.571726 0.0459831 0.592487 0.508326 0.0530649 0.206089 -0.116537 -0.376457 0.149046 -0.211495 -0.530356 -0.47376 -0.0388847 0.597455 0.565062 -0.492623 -0.0646445 0.44696 -0.573565 -0.171789 0.00431234 0.274496 -0.381852 -0.166279 -0.206967 0.330744 -0.370832 -0.338367 -0.35925 -0.257567 0.464709 -0.496058 -0.614806 0.519072 -0.22726 -0.265978 0.411141 -0.640066 0.236077 0.00656627 0.500484 0.405339 0.512226 0.00287297 -0.353128 -0.239488 0.21026 0.0501657 0.210135 -0.331272 0.264766 -0.162955 0.303323 0.000324375 0.32869 -0.235451 -0.347879 -0.558404 -0.432619 0.10304 -0.472757 0.262998 -0.121885 -0.159778 -0.196377 -0.0850332 -0.445896 -0.491516 -0.544749 0.499079 0.472518 0.443682 0.226086 -0.328823 0.297947 0.100083 0.00968337 0.12375 -0.0657693 0.30846 0.21999 0.0458143 0.264633 -0.267978 -0.341476 -0.219156 0.335919 0.00339876 0.151534 -0.208346 0.394396 -0.491906 -0.0203598 0.51676 -0.382965 0.376666 0.625968 0.434817 0.00568553 
bay leaf -0.663077 -0.137758 0.0917795 -0.834607 0.243367 0.606189 -0.233542 -0.125895 -0.303821 -0.0350407 0.986481 -0.0175217 0.648876 0.340176 0.279514 0.774326 -0.399401 0.301004 -0.642252 0.26748 0.292872 -1.08909 -0.862401 -0.346047 -0.439054 0.260898 0.519053 -0.0507498 0.738773 0.594429 0.400909 0.124075 -0.831272 -0.541706 0.674916 0.610583 -0.60786 0.41512 -0.8597 0.0386894 0.261855 -0.238282 -0.716476 -0.716283 0.240058 0.0776273 -0.372322 0.597451 -0.258485 1.35744 0.0250176 -0.154004 -0.267098 0.29644 0.778782 -1.29432 -0.112406 -0.0585675 0.266941 -0.497372 0.0500898 -0.615155 -0.167795 0.326781 -0.047218 -0.698563 0.319443 -0.0393221 -0.459471 0.428733 0.00263193 -0.20044 0.197636 0.613891 0.762994 0.529197 0.639396 -0.249842 -1.10659 -0.0701238 -0.320808 -0.223511 -0.264363 -0.252583 -0.516447 0.183027 -0.108836 0.137008 0.764246 -0.362232 -0.2829 -0.452514 0.0501633 1.12005 0.661725 0.856114 0.144538 -0.00893731 0.775681 0.304341 
heavy cream -0.0652028 0.498837 -0.62053 0.364002 0.707443 -0.301568 0.529798 0.602463 0.591967 0.847914 -0.91207 -0.451713 -0.241809 0.220437 -0.667772 0.0579574 0.0508522 -0.395707 0.995653 0.00955977 -0.500558 -0.148859 0.109693 0.393869 0.294693 0.21135 0.727439 -0.783203 -0.494248 -0.184462 0.618757 0.166051 -0.557436 0.692804 1.00123 -0.0553588 0.215995 0.634422 -0.621602 -0.379964 0.164737 -0.0760653 0.646135 -0.662624 -0.131433 0.622788 0.030105 0.103994 0.0162359 0.45552 0.0825124 0.407454 -0.39826 -0.905713 0.230253 -0.0134426 0.461112 0.110095 0.217547 -0.421403 -0.531539 0.624243 -0.473179 0.146628 0.176694 0.0224328 0.0599989 -0.152791 0.173779 -0.218273 0.250589 -0.170032 0.0384448 -0.0368794 0.0740732 -0.175773 -0.712023 0.210729 -0.310717 0.364171 -0.553979 -0.0503671 -0.129985 -0.245039 0.0351562 -0.367738 -0.783355 -0.60178 0.0484181 -0.0402289 -0.654364 0.556865 0.159272 -0.276631 0.547904 0.199773 -0.385494 0.512347 0.555332 0.0459403 
lemons 0.0577243 0.174621 0.260556 -0.328907 0.569304 -0.280763 0.217686 -0.195336 0.19546 0.531656 -0.358213 0.471372 -0.316127 0.198601 0.00120881 0.146261 0.391433 -0.49134 0.400039 0.516222 -0.383885 -0.0244076 0.391162 0.447829 0.0488905 -0.609152 0.166084 0.188577 -0.839005 0.229825 0.0296337 0.67093 0.174268 0.365038 0.116075 -0.19107 -0.588657 0.469622 -0.135146 0.100005 0.184234 -0.116073 0.201494 0.37747 0.200754 0.103416 0.331887 0.306351 -0.506468 -0.121578 0.203799 0.13153 -0.0207077 0.413022 -0.0228897 0.211561 0.512641 0.29378 0.113013 -0.147225 -0.2751 -0.456328 0.0801853 0.137893 -0.215867 -0.0125224 -0.00688528 0.147005 0.132638 -0.267676 0.331666 -0.441852 -0.163707 -0.701372 0.0346942 -0.235282 0.0865092 0.480648 -0.277872 -0.257291 -0.116006 -0.359149 0.142282 -0.140134 0.361962 -0.487644 0.585129 0.170046 -0.29091 -0.165868 -0.6077 0.420059 -0.169779 0.0658225 -0.0510619 0.281712 -0.080317 -0.104834 -0.027618 0.214583 
Katsu Chicken curry 0.0638856 0.266921 -0.0384855 0.359815 0.0730727 0.659105 -0.412901 -0.211301 0.337267 -0.233043 -0.199773 0.547649 -0.0637588 0.595926 -0.0447779 -0.158616 -0.233359 -0.125888 -0.386476 -0.415499 -0.285568 0.490761 0.227756 -0.653887 0.565306 0.0523983 0.452323 -0.312471 0.55207 0.46712 -0.0472914 0.531594 0.262502 -0.0102324 -0.0496097 -0.418677 0.0376611 0.238752 -0.0132159 0.486935 0.371729 0.0720483 -0.131115 -0.58518 0.0158879 -0.295143 0.306815 -0.40464 0.0744226 0.312207 0.344513 0.26786 0.501483 -0.324249 0.357898 0.178875 0.209555 0.316819 0.155456 -0.351268 -0.262923 -0.0605019 0.0817173 -0.140988 0.0422016 0.198783 0.380678 -0.380394 -0.103224 -0.0467256 -0.0588507 0.299028 0.549834 0.399582 0.172844 0.191693 -0.0859553 0.0549813 0.331423 -0.359735 -0.316621 -0.279788 -0.077134 0.157052 -0.184073 -0.417203 0.0734102 0.261542 0.197381 0.267799 0.14678 -0.597482 0.207642 -0.519539 -0.321119 -0.0925381 0.360132 0.562529 0.509395 0.039082 
Cajun spiced fish tacos -0.0881697 0.63586 0.683371 0.359763 0.289484 0.103262 0.474728 0.38717 0.159737 0.0567094 -0.0681249 -0.624525 0.0246372 0.0232663 -0.512701 0.0521143 0.259428 -0.0634696 0.297706 0.209675 0.0255025 0.215582 0.0113427 0.314983 -0.456535 0.167078 -0.0665356 -0.0633721 0.405426 -0.207257 -0.175125 -0.00729504 -0.107188 -0.0134298 -0.043424 0.0414741 0.0252518 -0.158397 -0.462096 -0.560385 0.416868 -0.103786 0.404064 0.260716 -0.192363 0.00948429 -0.36855 -0.0326904 -0.333002 0.220632 0.542211 -0.102939 0.09461 -0.130522 0.127472 -0.282998 -0.107675 -0.108411 0.154132 -0.456085 -0.447762 -0.377894 -0.0332281 0.387638 0.399128 -0.386952 0.496898 0.51669 0.0692528 0.544849 -0.294209 -0.0859512 0.521167 -0.333715 -0.477428 0.263044 -0.159696 -0.0642535 0.324953 0.191351 0.436722 0.542941 0.00697266 -0.314674 0.115909 0.418896 0.697795 0.508788 0.580855 -0.185297 -0.0132343 -0.476215 0.1197 0.0811206 0.189561 -0.631812 0.291245 -0.436442 0.186933 -0.184347 
caramel sauce -0.330418 0.289708 -0.215159 -0.0789091 0.341426 -0.341998 0.0195053 -0.167082 -0.42461 0.163141 0.686294 -0.266316 0.192471 0.374439 0.158943 0.469792 0.426361 -0.351168 -0.435912 -0.411118 -0.417184 -0.325801 0.129313 0.0343178 0.141913 -0.109554 -0.405359 0.0360945 -0.281456 -0.0701086 -0.144729 0.441562 -0.169527 -0.398503 0.195396 -0.235054 -0.47553 0.0281632 0.283338 -0.081724 0.0608779 0.356916 -0.106252 -0.128512 0.627456 0.329809 -0.214989 0.118017 0.372381 -0.25904 0.101834 0.703877 0.113546 0.284992 -0.0251227 -0.149886 -0.482294 0.204842 0.528699 0.00664034 0.11834 -0.472516 0.358587 0.251548 0.640379 -0.15129 -0.237084 0.399418 -0.0846107 0.474075 0.511348 0.303435 -0.471426 0.389631 -0.0569718 -0.534886 0.244243 0.409514 -0.297521 -0.110481 -0.263475 -0.166254 -0.145916 -0.128047 -0.217244 -0.223774 0.449688 -0.0416415 0.35046 0.593611 -0.548894 0.521523 0.11451 -0.536838 -0.333813 0.355119 -0.265122 0.186894 -0.312231 -0.455229 
avocado 0.613446 0.27163 0.144118 -0.570722 -0.444341 0.439788 0.704817 -0.275915 0.573394 0.119553 -0.352239 -0.25495 0.651792 -0.391366 0.314444 -0.466377 -0.406683 0.0608763 0.374376 0.231053 0.438119 -0.170047 -0.453821 0.157527 -0.0499945 -0.0853199 -0.0182323 -0.829869 -0.280845 -0.215203 -0.679052 0.251051 -0.146942 0.203378 -0.178549 -0.60085 0.301704 0.342901 0.560991 0.0760126 -0.093758 -0.446891 -0.554379 0.194326 0.314303 0.0968971 -0.0616236 0.278824 -0.623651 0.186057 0.363338 0.10098 -0.297111 0.0705563 0.0944523 -0.08677 -0.610482 -0.294161 0.735553 -0.357444 0.30118 0.546754 0.192541 0.468971 -0.274666 -0.43436 -0.0945272 -0.34005 -0.37823 0.120089 0.816342 8.70398e-05 0.305048 -0.295561 -0.327752 -0.329574 -0.428601 0.112747 0.503596 0.0365109 0.0337241 -0.059861 0.0902002 0.107811 -0.140195 0.114203 0.0648872 0.138976 0.676525 -0.0780257 -0.431937 0.435383 0.0734589 0.0478898 0.239447 0.438025 -1.10697 -0.481127 -0.155058 0.61678 
apples -0.414181 0.159933 -0.314115 0.189378 0.0463201 -0.378048 0.493283 -0.320379 0.385955 -0.244537 0.00095521 0.267511 -0.172361 0.150476 -0.324585 0.135404 0.0248984 0.218467 0.212038 0.277828 -0.118442 -0.165294 -0.0140196 0.211069 0.486485 0.214598 0.19551 -0.114228 0.375709 -0.304784 -0.332749 0.428286 0.194269 0.442664 0.405786 0.061795 0.452956 0.489154 0.470451 0.494122 -0.485748 -0.442796 0.293656 -0.36706 -0.248832 0.36736 0.212024 0.348012 -0.475946 -0.299336 0.43145 0.306919 0.326652 0.468807 0.0442939 0.34901 -0.487353 0.0754986 0.205282 -0.487558 -0.148162 0.196127 -0.148417 0.155986 0.116776 0.0204732 -0.407627 0.459417 0.0940905 -0.13673 -0.253356 0.255642 -0.350432 0.366117 0.173976 -0.125001 0.00443757 -0.0337286 0.402453 -0.271611 0.0818948 -0.307417 0.0772161 0.00548488 -0.183643 -0.337739 -0.479395 -0.356585 -0.123314 0.323136 -0.0681605 0.342986 -0.39332 -0.00404572 0.0301488 0.0143594 -0.324768 0.146432 -0.0981918 -0.355452 
flour tortilla 0.276099 -0.0686387 0.385422 -0.420322 0.1547 -0.0937702 -0.142411 -0.34663 0.11324 -0.231151 -0.129241 0.344809 0.383435 -0.108802 0.14142 -0.0216097 -0.176541 -0.229519 -0.0643964 0.459831 0.221341 0.657469 -0.245636 0.873101 0.226034 -0.188196 0.733619 -0.127159 -0.422198 0.184698 0.0936098 0.248361 0.233537 0.126382 0.332121 -0.475782 -0.357631 0.257546 0.00651193 -0.254778 0.537411 0.317037 -0.221513 -0.403891 -0.34892 -0.428721 -0.333039 0.23939 -0.448029 0.230036 0.682045 0.60784 -0.0721386 0.00120564 -0.326723 0.574218 -0.537755 -0.250605 -0.261192 0.584125 -0.368612 0.450482 0.200957 0.466499 -0.573614 -0.401115 -0.214056 0.433068 -0.382527 -0.136447 0.274801 0.503041 0.398252 -0.561212 -0.160926 -0.182662 -0.58781 0.087556 0.0115526 -0.270809 0.791 0.250776 -0.185865 -0.780349 -0.135223 -0.0304441 0.162793 0.507729 0.486676 0.52314 -0.349575 -0.547742 -0.340143 -0.408834 0.685097 0.187839 -0.546264 0.462416 0.477258 0.591361 
sour cream 0.346771 -0.252398 -0.0495151 0.565218 0.617406 -0.0961669 0.367333 0.0318117 -0.784126 0.242434 -0.286973 0.760701 0.000572609 0.27483 0.158044 -0.016749 -0.224145 -0.51443 0.0447313 -0.0874265 -0.66513 0.0761066 -0.22096 0.465077 -0.29562 0.110273 -0.297136 0.382729 0.185716 -0.38487 0.0325513 0.0319318 0.0537317 -0.0807888 0.274716 -0.463446 0.291379 -0.108958 -0.311149 0.287901 0.0820572 -0.338798 -0.134324 -0.467339 0.460938 -0.210685 -0.312051 0.0857242 0.19362 0.167566 0.44335 0.151887 0.0459084 -0.214954 -0.477768 0.0944652 -0.0256475 0.394056 -0.281136 -0.393604 0.480838 -0.448723 -0.565811 -0.416159 -0.462175 -0.500902 -0.0206083 0.338733 -0.575431 0.271487 0.139021 -0.418354 -0.709414 0.342746 0.499914 -0.193935 -0.339389 -0.0716834 -0.504853 0.441942 0.687101 0.0390707 0.364661 0.557892 0.0782544 -0.173868 0.508454 -0.0426478 0.267121 -0.127777 0.301657 0.244691 0.0983204 0.113118 -0.204723 0.0639732 -0.651728 -0.071731 -0.107601 -0.279353 
coconut cream -0.301371 -0.228263 0.112411 0.554919 0.203366 0.0318676 0.144273 -0.224137 -0.0645364 0.164751 -0.00104142 -0.543657 0.417723 0.205464 0.191524 -0.547983 -0.401205 -0.245428 0.114958 0.0975135 0.186664 -0.628717 0.0990425 -0.0120693 0.144465 -0.353304 0.324262 -0.244371 0.522971 -0.451152 -0.481838 0.394442 0.539404 0.0896255 -0.152042 0.487791 0.239164 -0.492795 -0.139891 -0.344113 0.179654 -0.155363 -0.106272 0.221748 -0.532583 0.365645 -0.190835 0.404005 -0.0748333 0.0362113 -0.365718 -0.078581 -0.570549 0.0511486 -0.155985 0.0151391 0.523756 -0.109343 -0.210269 -0.270199 0.0176059 0.0237236 -0.86055 -0.31499 -0.144124 0.0920055 -0.337227 -0.382031 -0.207751 -0.24857 0.152111 -0.369515 -0.0433532 0.273506 0.226953 -0.0121748 -0.423174 0.440623 0.174562 0.271158 -0.319846 -0.0880655 -0.323109 0.438537 -0.339195 -0.0932233 0.123433 -0.375641 -0.391768 -0.611478 -0.116854 -0.0903612 -0.0938704 0.218935 0.0019394 -0.341046 0.475396 0.568093 -0.144923 -0.379459 
Bitterballen (Dutch meatballs) 0.0373624 0.30734 -0.348828 0.235678 0.475016 -0.365757 0.149122 -0.250731 0.0242245 0.0753411 0.0191628 0.128129 -0.327876 0.0839059 0.27742 -0.0338868 -0.410418 0.0684915 0.235157 -0.114783 -0.32823 -0.289644 0.0264972 0.24881 0.41672 -0.242548 -0.280341 0.280875 -0.380881 0.465283 -0.488238 0.358826 0.315371 0.205255 0.340876 -0.367341 0.370917 -0.409761 -0.0870693 0.120254 0.333187 0.40116 -0.115535 0.474062 0.291923 -0.427379 0.0752542 -0.345831 0.373788 -0.0867802 0.0898187 0.207702 0.414971 0.279922 -0.274219 0.383333 0.225778 -0.361899 -0.357256 0.323277 -0.42713 0.439871 -0.0680044 0.392718 0.348587 -0.218626 0.239042 -0.265597 0.0626795 0.191526 0.377194 0.291351 -0.150945 -0.178901 -0.29164 0.467041 0.036283 -0.444047 0.0664752 -0.0928023 -0.434578 -0.412847 0.270497 0.0810756 0.391876 -0.212522 -0.351614 -0.404305 -0.0965444 -0.445536 0.277676 -0.015141 0.204364 -0.00977961 -0.105734 -0.0314716 -0.252231 -0.0973841 -0.252014 0.389737 
baking powder -0.0575648 0.184896 -0.101121 -0.301798 0.123002 -0.30444 0.473729 0.180771 0.191438 0.271639 -0.224233 0.240813 0.330852 -0.424159 -0.362887 0.15362 0.0583271 -0.144683 0.13609 -0.367086 0.496238 -0.329092 0.342569 0.396933 -0.1322 -0.222324 -0.0371866 0.0827419 0.32706 0.421828 -0.504716 0.704555 0.239294 -0.180023 -0.730127 0.276276 0.0504288 -0.00214139 -0.304592 -0.307246 0.438391 -0.53894 0.329467 -0.183954 0.0132272 -0.27755 -0.305695 -0.270138 -0.361129 0.143912 0.360391 -0.602454 -0.0664318 0.249269 0.079158 -0.13056 -0.396865 0.559911 -0.157398 -0.429293 -0.230966 -0.287137 -0.0514467 -0.226209 0.106385 -0.254337 0.521737 -0.431984 -0.0975634 0.202363 -0.210048 -0.0260056 0.264048 -0.181213 0.333835 -0.0683308 -0.49749 0.202645 -0.268362 0.0831774 0.0132744 -0.423051 0.161849 0.653779 -0.301905 -0.511816 -0.404245 -0.324656 -0.38353 0.124343 -0.38806 -0.356952 0.253545 0.241932 -0.0788077 -0.33736 -0.318018 0.105212 -0.120842 0.545869 
smoked paprika 0.0692047 -0.641555 -0.359505 0.056113 -0.642735 0.201227 0.131185 0.0760659 -0.389948 -0.0858007 0.127249 0.508396 -0.046787 -0.0905194 -0.312889 -0.190148 0.147582 0.0411075 -0.63785 0.598018 -0.124545 -0.301137 0.130379 -0.0646179 -0.283032 0.309007 0.200319 0.176208 0.150434 0.0240646 0.156736 -0.434353 0.0271063 0.430512 0.664312 -0.208612 -0.347373 0.177059 -0.680657 0.221609 0.0578017 -0.347159 -0.154331 -0.512915 -0.476316 0.549544 0.647731 0.196715 0.49052 -0.307688 0.424081 -0.240788 0.103766 -0.202295 -0.496402 -0.372524 -0.0309119 0.204913 0.716424 0.114936 0.104538 -0.331521 0.0599123 0.318041 -0.270919 0.444077 0.270544 0.292605 -0.253736 -0.416841 0.555957 0.422017 0.0427112 0.315416 0.380825 0.0810435 -0.505462 -0.513934 0.226725 0.0928212 -0.0142439 0.155022 0.788306 0.407429 0.41278 0.397792 0.0783365 -0.261831 -0.302399 0.153494 0.548508 0.255385 -0.0124435 -0.246721 -0.666547 0.0618302 -0.21726 -0.33615 0.452673 0.482041 
carrot 0.217982 0.0580563 -0.290979 -0.399012 0.568776 0.333455 -0.378118 -0.0389065 0.264019 0.627662 -0.572429 0.345145 0.482866 -0.475158 0.0139643 0.114542 0.209828 0.0482319 -0.218311 0.15898 0.072777 -0.479036 -0.602495 0.230644 0.718792 0.529894 0.0559912 -0.30448 0.258976 0.159863 -0.325835 0.297769 -0.257105 0.389721 0.0686055 -0.3563 0.355266 -0.271653 -0.0170225 0.116387 0.265353 -0.507057 0.391806 -0.423315 0.0737477 -0.0909458 0.112681 0.116831 -0.0520713 0.50705 -0.0411107 0.45345 -0.332225 -0.29205 0.447128 -0.0800185 0.502879 -0.424411 -0.422959 0.334636 -0.243809 0.598503 -0.313799 -0.471435 0.191398 -0.504385 -0.0349106 -0.18863 -0.295367 0.0140571 -0.281661 -0.15418 0.0180008 -0.196945 0.505343 0.392466 0.303878 -0.0429231 -0.290695 0.112778 -0.502836 0.444066 0.0988428 0.153334 0.117697 -0.00997956 -0.400059 0.425166 0.517253 0.229861 0.0787473 -0.540115 -0.0163361 -0.587969 -0.0415185 -0.478851 0.409628 -0.268933 0.549402 -0.03609 
curry powder 0.364642 0.546389 -0.343574 -0.780072 0.0189475 0.573211 0.115693 0.231416 -0.0438827 -0.0795462 0.382763 -0.109949 -0.234705 0.136691 0.133016 0.238445 -0.515664 -0.227888 0.389979 0.144978 0.307389 -0.240233 -0.112662 0.311083 0.224606 0.311106 0.0146811 -0.318471 -0.108199 0.136867 -0.47464 0.318253 -0.332426 0.116892 0.0908345 0.368571 -0.101352 0.170026 -0.421995 0.406208 -0.244429 0.516459 0.119403 0.10352 -0.426124 -0.317275 -0.102874 -0.214481 0.453621 0.255947 0.12134 -0.0524096 -0.0290343 0.475835 -0.0330314 0.1714 -0.327734 0.489089 0.433153 -0.155694 0.206887 0.357972 -0.430113 -0.077757 -0.144392 0.337874 0.49983 -0.169052 -0.543352 0.173414 0.222718 -0.426982 -0.028146 0.262213 -0.286115 -0.231554 0.368531 0.357624 0.0452949 0.0858655 -0.158234 0.361288 -0.465173 0.0266994 -0.52881 -0.0318598 -0.157752 -0.50568 -0.251875 0.296173 -0.467989 0.301853 -0.593552 -0.380267 0.498704 -0.10235 0.553837 0.295118 0.389229 -0.599995 
paccheri pasta 0.264748 -0.094306 -0.334417 -0.538718 -0.500421 0.192556 -0.0107541 0.134598 0.376994 -0.260598 0.13414 0.429255 -0.130258 0.0899524 0.0577728 -0.00509401 0.160105 0.385274 0.113872 -0.545944 0.282417 0.415003 -0.159819 -0.123304 -0.181645 0.564478 0.128347 0.334934 -0.173868 -0.0145405 -0.377431 0.913472 -0.186956 -0.153222 -0.289716 0.114172 0.0804243 0.185122 0.211688 -0.295458 0.519581 0.257869 -0.109229 0.299255 0.180031 0.25715 0.114002 0.448652 0.0703881 0.0928413 0.243029 0.216814 -0.335925 0.632239 -0.164611 -0.0244527 0.177119 -0.0677618 -0.367605 0.472052 -0.165152 0.708843 -0.00961926 0.431047 -0.405977 -0.0383976 -0.408648 -0.0553302 0.272549 0.0819253 -0.304718 -0.426149 -0.0804624 -0.242765 0.0529059 0.0412982 -0.0857754 -0.0861828 -0.0881895 -0.0798467 0.183281 -0.243601 -0.376021 0.44696 -0.0630024 -0.114787 0.157299 -0.566134 0.603748 0.0761409 0.0946786 -0.640547 0.0186878 -0.438282 0.286433 0.119837 0.254647 -0.141969 -0.290326 0.177741 
Timbits 0.236959 0.106218 0.418541 0.443588 -0.320548 0.184844 -0.121242 -0.224926 -0.229668 -0.0856703 0.380925 -0.323107 -0.0800281 -0.484451 0.263649 0.0974021 0.369802 -0.00558214 0.385051 -0.200964 -0.365629 -0.218398 -0.422696 0.0481413 -0.351695 0.241935 -0.380568 -0.0641023 -0.197898 0.39328 -0.27736 0.224373 -0.258649 -0.467334 -0.160099 0.294906 -0.386251 -0.034249 0.290319 -0.109628 0.452888 0.387907 0.108804 0.297016 0.418881 0.35942 0.228612 0.186153 -0.170105 -0.355279 -0.469101 -0.477921 0.384061 0.369696 0.0940933 -0.352224 0.316169 -0.359138 -0.0202201 -0.31312 -0.254839 -0.0138513 -0.00692659 0.193115 0.100599 -0.481926 0.396301 0.399151 -0.14888 -0.499773 -0.270159 -0.483721 -0.103317 -0.44498 0.241376 -0.193933 -0.10263 0.372549 0.26106 -0.0870375 -0.295732 0.0920461 -0.0949653 -0.122884 -0.282767 -0.283445 0.467476 -0.228243 0.355607 -0.0366539 -0.0650258 -0.332393 -0.353006 -0.113012 -0.115574 0.467713 -0.312491 0.012846 0.153776 0.255229 
pitted black olives 0.0619499 0.548551 0.130904 -0.155511 0.494603 0.183127 0.0617236 -0.377187 -0.158811 -0.0761573 -0.665884 -0.0237177 0.35366 0.156098 -0.0188776 0.414811 0.130314 -0.555979 -0.310412 -0.275033 -0.181869 0.553003 0.282778 0.117209 -0.462082 -0.0799609 -0.188319 0.0184288 -0.743751 -0.0840728 0.259085 0.184982 -0.409346 0.935482 -0.0850921 0.325557 -0.560163 -0.15284 0.225979 0.468383 -0.271965 0.31365 0.117536 0.444785 -0.518841 -0.027688 0.285734 -0.248803 -0.0983756 0.152375 -0.0992217 -0.104263 -0.294074 -0.328888 -0.0864272 0.311672 0.385812 0.0639202 -0.244424 -0.087762 -0.338207 0.0916384 0.136531 -0.333448 0.245577 0.146847 0.0576341 -0.221432 -0.287657 -0.46925 -0.503415 -0.266598 -0.53293 -0.325118 -0.323968 -0.335348 -0.314884 0.312552 -0.366574 -0.338436 -0.418489 -0.545943 -0.473722 -0.516227 0.543632 -0.0309246 0.378593 0.392125 -0.477601 0.456737 0.079517 0.426807 -0.227438 0.396327 0.434203 0.330041 0.33302 0.0964138 -0.471835 0.11252 
Fettucine alfredo -0.108718 -0.0136964 0.153869 -0.578436 -0.570857 -0.0122908 -0.00132009 0.331286 0.349976 0.405861 -0.134749 0.548092 -0.228765 -0.0254092 0.377492 0.49338 0.277719 0.254357 0.377942 -0.138042 -0.104298 -0.043915 -0.443628 -0.0582801 0.448528 0.106214 -0.404283 -0.310948 0.158418 -0.286017 -0.2405 -0.0648422 0.156968 0.281332 -0.245601 0.187839 -0.117085 0.522561 0.6778 0.0319389 0.14153 -0.12931 -0.46817 -0.00448049 0.237315 -0.254491 0.179515 -0.466303 -0.597312 -0.210596 0.306255 0.181738 -0.349758 -0.481011 -0.373025 -0.147834 0.279961 0.393329 -0.292934 -0.413803 -0.0499214 -0.0168608 0.544542 0.418096 -0.190161 0.371452 0.31969 0.144405 -0.235277 -0.155222 -0.321105 -0.316186 0.288639 -0.191483 -0.198708 0.192656 -0.318782 -0.113675 0.277473 0.104644 -0.038973 -0.0261769 0.374603 0.148438 -0.458402 -0.172009 0.542612 0.465386 0.00025939 0.61116 -0.0297987 -0.117803 -0.32767 0.22183 0.568873 0.622175 0.194739 0.331019 0.166847 0.0745813 
Laksa King Prawn Noodles -0.074283 0.364137 -0.448311 0.361998 0.216462 -0.673619 0.0831495 0.320441 -0.0729093 0.447893 0.294498 0.374995 -0.150175 -0.255151 -0.0657447 -0.15753 0.478898 -0.0605215 0.525962 -0.122499 0.148071 0.182024 0.125391 0.140878 0.202472 -0.319227 0.379054 -0.395882 0.35569 -0.289145 -0.116594 -0.218435 0.353245 -0.0663573 -0.47233 -0.160252 0.152835 0.278156 0.308764 -0.132748 0.392435 -0.0537139 -0.44494 -0.408222 0.0379584 -0.250129 -0.111192 0.538586 -0.478644 -0.112631 0.371568 0.138654 0.127383 0.113061 0.273957 0.352258 -0.10276 0.493549 0.479741 0.187832 -0.472082 0.167988 0.432253 -0.242171 -0.205943 -0.623684 -0.288283 -0.373254 0.261951 -0.0673548 0.107842 -0.159184 -0.298657 0.374971 0.610842 -0.221492 0.163725 0.307009 0.421195 -0.480762 -0.298871 0.250076 0.423048 -0.0232123 -0.00505521 -0.470279 0.505006 0.522222 -0.279683 -0.221938 -0.311087 0.347891 -0.392926 -0.343251 0.421527 0.469328 -0.231412 -0.205271 0.403265 0.25393 
Fish fofos -0.383514 0.332767 -0.275056 -0.0169243 0.0608295 0.182168 -0.28041 0.425499 -0.109472 0.231034 -0.460428 -0.267942 0.405203 0.278755 -0.106316 0.143259 -0.236468 0.208846 -0.443734 0.099372 -0.358206 0.242066 -0.00284109 -0.418788 0.0857836 -0.397105 -0.249989 0.235939 -0.428969 0.121964 -0.0844266 -0.177561 -0.392969 -0.0160402 0.393148 -0.121273 -0.199737 -0.405421 0.439172 0.485235 0.175418 -0.0350921 -0.480501 0.202475 -0.497082 -0.145389 0.424782 -0.486364 -0.283512 -0.251513 -0.314429 -0.484347 -0.105516 0.162326 -0.440135 0.202594 -0.083609 0.10544 -0.265581 -0.43393 0.400585 0.0735291 -0.36576 0.207709 0.172141 0.383984 0.452376 0.26577 0.0909498 -0.268756 0.382465 -0.134181 -0.336246 0.317352 0.423609 -0.117702 0.417258 0.348453 -0.49588 0.0333308 -0.00489013 0.351264 -0.375367 -0.344479 0.234805 -0.154904 -0.422069 0.12088 0.219144 -0.36008 -0.0207198 0.0664414 0.363691 0.190361 -0.385081 -0.055534 -0.113093 0.287393 0.346628 0.275375 
vegetable stock cube -0.363327 -0.323914 0.0834294 -0.684921 0.844126 -0.647236 0.069261 0.742118 0.274216 -0.216317 -0.35547 -0.548568 -0.0901776 0.150585 -0.397811 0.308733 0.344435 -0.383887 0.433727 0.392733 0.339666 0.218756 0.451425 0.592037 -0.286986 0.0485115 0.0350539 0.499239 -0.200208 -0.192762 -0.560379 0.525192 0.761365 -0.210237 -0.546014 -0.238614 -0.567978 -0.343225 -0.18947 -0.112646 -0.309793 -0.471682 0.286126 0.18989 -0.764246 -0.318006 -0.161939 -0.279188 -0.379296 0.409553 -0.317415 -0.159125 0.232683 -0.348184 0.141204 -0.0817445 -0.558401 0.832429 -0.186587 0.17224 0.0460643 -0.226154 -0.131894 0.088367 0.373353 -0.284128 -0.705106 0.651906 0.592165 0.370381 0.183196 -0.194468 -0.261196 -0.0809836 -0.410798 -0.337174 0.0822443 0.364103 0.297155 0.079363 -0.113484 -0.226682 -0.10631 -0.0928807 0.298626 -0.884272 0.224096 -0.115299 0.311662 -0.15368 0.589334 -0.303167 0.232346 0.570119 0.0222856 -0.151828 -0.238493 -0.416198 -0.0589474 0.0733513 
red chilli flakes 0.342984 0.132939 0.288875 0.196979 0.183604 0.00794852 -0.207778 0.0464332 0.134932 -0.0879707 -0.444872 -0.142268 -0.590317 0.0243994 -0.266403 -0.123314 0.131656 -0.112682 0.140085 -0.515278 -0.339553 0.503919 0.48021 -0.542186 0.51871 0.127889 0.0172584 0.149403 0.0962785 0.158467 0.0915512 -0.387993 -0.0452594 -0.422466 -0.0976707 -0.319999 0.301874 -0.31399 0.000788423 -0.621603 0.371593 0.25396 0.0319204 -0.469486 -0.18413 0.492192 -0.41031 0.048364 0.0821765 -0.182968 -0.183997 -0.149144 0.336007 0.149649 0.0282059 -0.136451 0.0682097 0.368741 -0.0749394 0.559959 0.485901 0.391179 -0.00290869 0.277972 -0.291411 0.230649 0.0978206 0.41719 0.0695019 -0.139568 -0.0839082 0.0573129 -0.138009 -0.603326 0.153153 -0.16668 0.276158 0.277667 -0.119814 -0.583828 -0.0492667 0.43072 -0.312951 0.170455 -0.2163 -0.21045 -0.352825 -0.383743 -0.111312 0.470279 0.271729 0.26097 -0.519871 -0.238643 0.728258 0.319254 0.260762 -0.133748 0.0545218 -0.0309307 
peanuts -0.521211 -0.186755 0.673738 -0.379499 0.757498 0.0763592 0.181314 0.667853 0.017899 -0.147661 0.0822048 0.00272078 0.166523 -0.340363 -0.49899 0.0753408 0.161916 -0.198486 -0.348164 0.593741 0.632342 0.075097 0.407337 -0.26295 -0.764622 0.326668 -0.35104 -0.347025 -0.112581 -0.173522 -0.140974 -0.112265 0.404281 -0.191044 0.434525 -0.128931 -0.466538 0.0546328 0.10095 0.399782 0.354945 -0.252261 -0.212976 0.197379 0.297713 0.562046 -0.677212 -0.612839 -0.31642 0.249073 -0.381836 -0.304241 -0.291528 -0.175271 0.23157 -0.0474122 0.161565 -0.24352 0.122594 0.291828 -0.480027 0.131418 -0.250128 0.660222 0.376163 -0.424626 -0.404723 -0.329265 -0.147672 0.465444 -0.456561 0.410741 0.521096 0.677772 -0.228578 0.103887 -0.208455 -0.412781 -0.496021 0.140843 -0.996861 0.172713 -0.0540135 0.23929 0.641365 0.263835 -0.0872665 -0.240399 0.209398 -0.321883 -0.146204 -0.386566 0.113473 0.369706 0.580082 -0.0567573 -0.055331 0.0862334 -0.0873352 0.95726 
fromage frais 0.344228 0.292541 -0.34999 0.552893 -0.0440876 -0.30916 0.0392254 0.342889 0.318219 0.422678 -0.296608 -0.424212 -0.0790311 0.399987 -0.0500537 0.407843 0.40599 -0.00785226 -0.485751 -0.398634 -0.326479 -0.364593 0.0908534 0.031544 -0.13599 0.488856 0.18022 -0.384775 0.0999629 -0.321447 -0.585799 -0.324689 -0.189167 -0.0888487 -0.661968 0.360358 -0.250496 0.144625 0.436065 0.139158 0.00254614 0.104455 0.490503 -0.042316 0.0145904 -0.212522 0.0398631 0.0636853 -0.465562 -0.222988 -0.258007 0.526523 0.340445 0.0479992 0.0333806 0.331275 -0.0965512 -0.277711 -0.461309 0.0518991 0.221597 0.404015 0.199235 0.39663 0.344228 -0.0828392 0.39328 0.0109755 0.560373 0.328846 0.142132 0.0924525 -0.36885 0.329882 -0.478073 -0.14871 0.129976 0.413854 0.813621 0.467026 0.460094 -0.213817 0.281519 0.131821 0.00992317 -0.036858 -0.175401 0.340941 -0.470731 0.0189297 -0.409302 0.821959 -0.424636 0.322676 -0.339879 -0.197491 -0.544089 -0.206123 -0.0982879 -0.135029 
haddock 0.419423 -0.280025 -0.313885 -0.145187 0.231962 -0.382799 0.0966389 -0.302671 0.0598481 -0.123198 -0.215752 -0.393525 0.255527 -0.385836 -0.445031 0.482767 0.218329 -0.4339 0.0602052 -0.398857 -0.0536294 0.0633478 -0.356513 0.400139 -0.471043 -0.0619536 -0.114301 0.3282 -0.427315 -0.34543 0.485487 0.323665 0.057431 -0.429409 0.492186 -0.383998 -0.301579 -0.200893 -0.10472 0.416718 0.335404 0.345356 -0.391543 -0.213181 0.415963 0.496552 -0.430059 0.098234 -0.14023 -0.461734 -0.34492 -0.453001 -0.0622609 0.173846 0.181708 -0.16574 0.466433 -0.344405 0.0372892 -0.37909 0.0909296 0.282811 -0.424417 -0.129786 0.312941 -0.0236695 0.262826 -0.310477 0.414158 -0.145436 0.142058 0.0722061 -0.401023 -0.231051 0.191802 0.223001 -0.0322178 0.464511 0.472572 0.328855 -0.111437 -0.152566 -0.0851057 -0.207859 -0.0457528 -0.321626 -0.308002 -0.0326521 -0.0174585 0.224086 -0.233968 0.251076 0.407814 0.0655635 -0.299016 0.0738364 0.0958736 0.415495 0.072301 0.203154 
cashew nuts 0.161822 0.139767 -0.053342 0.337209 0.387808 -0.573122 -0.167354 0.0973814 -0.416397 -0.290345 0.291312 -0.0194069 -0.234452 0.431667 0.133226 0.0300269 0.00564944 0.504362 0.389065 -0.126661 -0.403625 0.289092 0.0359066 0.00548073 0.0741601 -0.300756 -0.276243 -0.23812 -0.288861 0.301545 -0.331489 0.490086 -0.30391 0.625451 -0.0537165 -0.189399 -0.253567 0.37957 0.435766 0.107192 0.142319 -0.232461 0.5136 0.268125 0.371892 0.146829 -0.0967988 0.680625 0.335059 -0.171588 0.0414411 0.301999 0.0332203 -0.134037 0.438982 -0.407445 -0.0305508 0.00328418 -0.750966 0.290222 -0.539493 -0.0244857 -0.522805 -0.121018 -0.483952 -0.0209624 -0.0833269 -0.213066 0.0240545 -0.323749 -0.0194388 -0.115315 0.186349 0.0802441 0.36995 -0.0959069 -0.145839 0.642753 -0.35944 -0.248085 -0.223461 0.438515 -0.280264 0.133826 0.108557 0.11254 -0.429298 -0.18204 0.584514 -0.623474 -0.298428 0.0177242 -0.267937 -0.603198 0.333138 0.665763 0.136619 0.152209 0.11047 0.446311 
Toad In The Hole 0.391638 0.208507 0.0327342 -0.0439024 -0.169664 0.486637 0.414854 -0.260837 0.035042 -0.229983 -0.238169 -0.539976 -0.292854 0.222646 0.240499 -0.15106 -0.294198 0.427995 0.347626 -0.420515 0.457179 -0.182696 0.166236 -0.0338926 -0.36564 -0.184051 0.182917 0.0224108 0.379543 0.237441 0.262836 0.309938 -0.386456 0.0991806 -0.193927 0.467245 0.224016 -0.217927 -0.0895409 -0.224358 -0.13092 0.371003 -0.0943691 -0.362281 -0.074701 -0.386517 0.134562 0.437565 0.216757 0.20088 0.382548 0.217264 0.289367 -0.387787 -0.381841 -0.312833 -0.252205 -0.284289 -0.433136 0.298415 0.321903 0.023069 0.278912 0.457556 0.105438 0.491195 0.398344 0.0765587 0.422266 0.259047 0.0362294 0.515667 -0.251288 0.074064 0.433125 0.137792 -0.0466582 -0.396852 -0.238435 0.00460896 -0.0245221 0.0637082 0.135219 0.303901 -0.224426 0.322591 -0.565526 -0.365992 0.0825742 -0.482325 0.566553 -0.0713451 -0.0273436 0.259537 -0.192919 -0.0519283 -0.466011 -0.079453 -0.569056 -0.556982 
refried beans 0.220412 -0.0200613 -0.384641 0.404376 -0.711962 -0.262756 0.145894 0.258432 -0.418041 0.43045 -0.60277 0.152088 0.682706 -0.34353 -0.3808 0.0650394 -0.170806 0.564735 -0.382233 -0.00964544 -0.0338423 0.611513 0.137152 0.296812 0.401639 -0.0238812 0.0537571 -0.253379 -0.310907 -0.197021 0.372172 0.340856 -0.195447 0.437751 0.497748 -0.229077 -0.284879 0.0463219 -0.421083 0.166691 0.396462 -0.305041 0.0762202 -0.378895 -0.0323043 -0.320707 0.451206 -0.261557 -0.225967 -0.0836005 -0.235144 -0.208222 -0.0591648 -0.0856682 -0.335487 0.00158933 -0.147701 0.20534 -0.169544 0.21266 0.0800451 -0.700122 -0.269123 -0.186163 -0.12774 -0.648174 0.592079 -0.45924 0.314568 -0.419028 0.4153 -0.102822 -0.144837 0.0530032 -0.088221 -0.359256 -0.270801 0.198988 -0.188728 0.287245 -0.330377 -0.193181 0.265013 -0.298081 0.165652 0.160656 -0.35057 0.0903513 0.0869406 -0.517366 0.0817144 -0.505465 -0.378021 0.0923221 0.15236 0.442529 -0.412447 -0.280822 -0.463114 -0.187289 
vegetable stock -0.206729 0.515653 0.533295 -0.137066 0.0636992 0.587234 0.0497234 -0.0571938 0.267737 0.0772638 -0.40667 0.0119891 -0.237276 0.466252 0.264431 -0.206843 -0.45124 -0.123352 -0.0300634 -0.175664 -0.3239 0.284714 -0.148708 -0.456983 -0.488115 0.214492 0.192281 -0.538963 0.326217 -0.246587 0.253436 -0.451509 0.0511833 -0.325925 0.547986 -0.209883 -0.0306663 -0.500282 0.280573 -0.502451 0.60342 0.0178939 -0.0245699 0.34233 -0.242746 0.272517 -0.573869 0.172697 -0.366717 0.116003 0.593674 -0.705008 0.364451 -0.482075 0.159792 0.18388 -0.230634 -0.396569 0.715375 -0.327903 -0.35879 0.298401 -0.447138 0.378281 0.0597994 -0.532181 -0.075691 -0.186898 -0.134378 0.651317 0.101686 0.276429 0.260538 0.376551 0.0243963 0.114374 -0.134703 0.0531212 0.484406 0.246246 -0.34245 0.216391 -0.231272 0.102901 -0.0310952 0.537755 -0.00276858 -0.572632 -0.593333 0.560748 0.601965 0.315254 0.117936 -0.792957 0.0848003 -0.273042 0.566821 0.0597882 0.236631 -0.558004 
Tamiya 0.285525 -0.487036 -0.178013 0.454534 -0.195297 0.33849 0.0444394 -0.377512 0.355209 -0.293652 -0.136034 -0.361559 0.00705553 0.488884 -0.337719 0.0616606 -0.435065 0.129042 0.0228897 0.482606 -0.276006 0.103784 -0.347957 0.12226 -0.306423 0.245517 -0.390628 -0.398138 -0.386069 -0.0365813 0.024713 0.215103 0.00755054 0.314587 -0.239881 -0.0682521 0.051719 0.110057 0.0923908 0.465827 -0.257686 0.460483 -0.445261 -0.00195583 0.0179487 0.182382 0.16035 0.0323313 0.422869 -0.119362 -0.115289 -0.284479 -0.21734 -0.149961 0.0932466 -0.230217 -0.0376343 -0.0918626 0.424153 0.0348337 -0.107472 -0.36316 -0.111534 -0.0562934 -0.308805 0.253959 0.405197 0.0692599 -0.254372 -0.246916 -0.0566665 0.192224 -0.299231 0.253071 -0.398659 -0.467955 0.326602 0.496984 -0.117667 0.298886 -0.405517 -0.357167 0.334294 0.336438 0.320339 0.037594 0.339392 0.399326 -0.207431 0.0734737 0.260387 0.158538 0.0103966 0.0442676 0.283268 -0.205068 0.26994 -0.354722 -0.0850746 -0.323576 
Corba -0.0667472 -0.233857 -0.44588 -0.151234 -0.0134557 -0.156681 0.194537 0.0896088 -0.0065163 -0.229432 0.476134 -0.484117 -0.121231 0.485293 0.267054 0.364515 0.0355847 0.249583 0.389001 -0.370028 0.0890243 0.267281 0.12451 -0.216117 0.234262 0.0416291 -0.0273047 -0.244171 0.231715 0.248394 -0.0169682 -0.0603251 -0.00626411 0.0058707 0.214581 0.432014 0.432131 0.463876 -0.214161 -0.0718655 0.0662912 0.433271 -0.192004 -0.00446775 -0.114161 0.354646 -0.443888 -0.413978 0.448595 -0.127037 0.0648828 -0.453189 0.349007 -0.167598 0.436142 0.160162 -0.31957 -0.305057 0.183872 0.478586 0.401732 0.155548 0.214352 0.43747 -0.0734342 0.326324 -0.070795 0.0196858 -0.409635 -0.395126 0.125989 0.0699217 -0.172974 0.25308 -0.313098 -0.328927 -0.0208751 -0.228128 0.213428 -0.0681775 0.373754 0.0270577 -0.400224 0.167018 0.119627 -0.0319996 0.466648 0.300341 0.260446 -0.0685187 -0.25745 -0.0149055 0.386851 0.0539446 0.0715274 0.165026 -0.279322 0.31528 -0.369951 0.153522 
clams 0.110347 -0.201828 -0.0368105 0.132164 0.00121945 -0.124765 0.44485 -0.416522 0.320732 0.263365 -0.051345 0.137314 -0.52842 -0.195301 -0.0628525 0.349868 0.209964 0.528726 -0.581674 -0.331962 0.133931 -0.0493429 -0.0856063 -0.224688 0.523578 0.0290463 -0.0133961 -0.351465 -0.31391 -0.383638 0.155607 -0.554492 -0.505495 -0.284824 0.323547 0.196416 -0.0659301 0.592038 -0.458757 0.204689 -0.239749 0.00422257 -0.800672 0.376345 -0.156531 -0.263062 0.185239 0.294638 -0.129174 0.508477 -0.300206 0.0207504 0.207765 0.256798 -0.224476 0.0146585 -0.098531 -0.415833 -0.264523 -0.036412 -0.0932944 0.104224 0.221142 -0.396132 0.269817 0.26882 0.279425 0.0503762 0.284935 -0.221663 -0.526001 0.308984 -0.0925351 -0.0314525 -0.0614052 0.303415 -0.284599 0.178338 -0.508088 0.5811 -0.675246 0.136915 -0.39991 -0.637863 -0.301692 0.0986097 -0.525121 0.0392373 0.345969 0.479099 0.468751 -0.11615 0.407487 0.292467 0.14576 0.130535 0.879282 0.634738 -0.409792 0.180793 
english muffins 0.440167 0.0695149 -0.19321 -0.268808 0.239502 0.0847293 0.10597 -0.336873 -0.251132 -0.31076 -0.153563 -0.0711017 0.213302 0.349707 -0.233099 0.0221342 -0.242602 0.306517 0.0109673 0.442038 0.298452 -0.0158964 0.0782869 -0.0883864 0.426368 -0.0906342 0.193202 -0.413818 -0.268 -0.382692 -0.349882 0.483841 -0.264459 0.270254 0.288942 -0.196077 0.0613367 -0.35664 0.300224 0.290574 -0.355148 0.455798 0.245295 -0.295765 -0.337127 -0.295621 -0.351219 -0.164483 0.158709 -0.00154745 -0.183379 -0.0730228 0.301331 -0.115081 0.00690888 -0.232887 0.141634 0.369274 -0.0158075 -0.443448 0.147169 -0.450451 0.123306 -0.316792 -0.241187 0.0448653 -0.393453 0.457877 0.294899 -0.156808 -0.4635 -0.225741 -0.0930591 -0.164879 0.438624 -0.177252 0.393584 -0.324113 -0.303112 0.320429 0.116711 -0.0450171 -0.036342 -0.0244662 -0.211193 -0.415289 -0.302343 0.129074 0.286834 -0.0589217 -0.000375744 -0.301635 0.103276 -0.433805 0.183932 0.0308402 0.111421 0.143013 0.0600472 0.306603 
beef 0.387775 -0.814771 -0.735401 0.230028 -0.04013 -0.227296 0.529186 -0.6739 -0.397631 -0.177147 -0.0974754 0.300653 0.514743 -0.18604 -0.357085 -0.0774235 -0.606681 -0.128555 0.674455 -0.378377 0.758102 0.105727 -0.0890954 0.117505 0.257717 -0.621031 0.54211 -0.591844 -0.00163363 -0.432518 0.201947 -0.214045 0.117361 0.225231 -0.188207 0.737324 -0.26557 0.0521703 -0.0657173 -0.0385828 -0.134634 -0.367954 0.345283 0.36157 -0.713577 0.117627 -0.0103053 -0.341719 -0.293576 0.778778 0.203314 -0.558033 -0.124266 -0.28455 -0.1928 -0.260006 -0.308574 -0.332557 -0.550173 -1.02902 -0.115684 -0.0263389 0.00575355 0.604753 0.290923 -0.0118386 0.660884 0.582268 -0.786698 -0.653977 0.0295941 -0.0969024 -0.0757295 0.394106 0.0909893 0.25005 -0.475623 -0.0327017 -0.0438894 -0.358938 0.174016 0.468097 -0.42624 -0.0560846 0.284111 0.151581 -0.268408 -0.0598664 0.431526 -0.176296 0.390297 0.0701608 -0.189988 -0.08213 0.319578 0.0957836 0.28076 -0.882905 0.129947 -0.498549 
Japanese gohan rice 0.272529 0.325118 0.335755 0.0534257 0.178145 -0.0985456 0.312352 -0.431839 -0.0637538 0.13592 0.482343 -0.0955573 -0.141448 0.112975 -0.492187 -0.267248 0.231871 -0.149135 0.271554 0.153297 0.371481 -0.346925 0.136717 0.281813 -0.160007 0.168444 -0.42677 0.18242 0.134572 -0.0754927 -0.0715495 0.396988 -0.4066 0.146042 0.462447 -0.388488 0.159051 -0.288511 0.444028 -0.223522 -0.0435986 0.24549 -0.308661 0.402343 0.0126519 0.225919 0.286607 0.18787 -0.116899 -0.3783 0.375442 0.258169 -0.427175 0.0526996 -0.377965 -0.0914575 0.122254 -0.193064 0.132205 -0.356704 0.222379 -0.43863 -0.138756 0.14043 -0.412207 0.0543008 0.434975 -0.296779 0.1443 0.408471 -0.37375 -0.166287 0.0864798 0.463068 -0.332709 0.32099 0.440743 -0.414968 -0.389779 0.406846 -0.00502614 0.0571783 0.0114014 0.494296 -0.213969 -0.386565 0.48281 0.367981 0.446075 0.169088 -0.16777 -0.133839 0.333184 -0.113139 0.272249 -0.401978 -0.392128 -0.0528422 0.350329 0.413459 
ancho chillies 0.0638442 -0.806195 0.259058 -0.21301 -0.0644057 -0.673617 -0.383585 -0.0920561 -0.0955521 -0.0875141 -0.0861551 -0.442543 0.801489 0.508082 -0.47496 -0.0226158 -0.232305 0.325063 0.00314058 -0.205216 0.544651 -0.17922 -0.407122 -0.201782 -0.0454478 0.0455683 -0.0670865 0.477738 0.286672 -0.241664 -0.0541714 0.114861 -0.0309441 0.324602 0.104146 -0.068164 -0.527681 -0.0499239 -0.00345829 0.0457616 -0.0341207 0.436362 -0.720599 0.549937 0.0670419 -0.518138 -0.0163547 -0.501424 -0.571042 0.915966 -0.338196 0.117753 0.543674 -0.0219115 0.522216 -0.0872114 -0.123166 -0.165128 -0.193096 0.475592 0.172094 0.648415 0.0448586 0.0909503 -0.106466 0.201237 0.00565706 -0.124375 0.0684761 -0.00215895 -0.159355 -0.0687581 -0.308037 -0.167392 -0.484657 -0.385193 -0.119841 0.61621 -0.133327 -0.0209315 0.334477 -0.341722 0.335538 0.371592 0.0405724 0.0118624 -0.0634648 0.299396 -0.251666 0.340556 -0.156658 -0.346193 -0.424298 -0.21023 0.321332 -0.552198 -0.169462 -0.17673 0.0272275 -0.593033 
cayenne pepper -0.483561 0.0888907 -0.455555 -0.0516044 0.545105 -0.37074 0.125311 -0.613557 0.279958 -0.315225 -0.339726 0.280415 -0.521528 -0.0801809 0.519036 0.537144 0.0504119 -0.172043 -0.224345 -0.132264 0.0920598 0.128469 -0.369888 -0.134201 0.353763 0.180456 0.535326 -0.136357 -0.280572 0.0383476 0.0332148 0.094193 -0.0294242 -0.248645 0.110448 -0.291739 0.227706 0.585558 0.51672 0.0614584 0.175402 -0.0516893 0.13467 0.0945849 0.331855 0.318686 -0.562535 0.313723 -0.0601509 -0.0704563 -0.0922281 -0.0771646 -0.441363 -0.434162 0.492327 0.448599 -0.646568 0.481665 0.153643 -0.146953 -0.0840368 -0.539249 0.0871058 -0.278614 -0.239467 0.011687 -0.0772232 0.361678 -0.478642 0.606351 0.0281661 -0.146808 -0.00966787 0.166906 0.21757 0.373451 -0.74193 0.0315539 -0.384866 0.656271 -0.0539821 -0.133168 -0.0184069 -0.229571 0.0589424 0.081018 -0.233674 0.464055 0.478037 -0.01895 -0.454055 0.156612 0.642615 -0.24216 0.627269 0.427684 0.162931 0.499903 0.502855 0.16639 
chilli , 1 red deseeded and finely sliced 0.255824 -0.0235173 -0.40265 0.0893238 -0.201232 -0.229864 -0.0371875 -0.39412 0.177789 0.297118 0.120949 0.0281537 0.559795 -0.165523 -0.205459 -0.159661 -0.578459 -0.211019 -0.1536 -0.296349 -0.260715 0.143161 0.185032 -0.2453 -0.242018 0.253189 -0.293569 0.302498 -0.00441946 -0.50043 0.483076 0.0700717 0.0587594 0.105724 -0.409733 0.168221 -0.263593 0.403749 -0.346871 -0.767229 0.542963 0.00480231 -0.148843 0.362627 0.216702 0.468062 0.188328 0.53453 0.260053 0.43454 -0.159702 -0.248665 -0.594132 -0.107415 -0.149966 -0.227564 0.0651664 -0.509151 0.162611 -0.540109 0.126786 0.243067 -0.246862 -0.271064 -0.280808 -0.281898 0.355336 -0.175501 0.17523 -0.0287449 0.498917 -0.00908068 -0.045376 -0.559604 0.205256 0.5088 0.0762369 0.375914 -0.581807 0.347006 -0.421913 0.17136 0.0325301 0.697463 0.380997 0.429448 0.321656 -0.0497789 0.0156576 0.288666 -0.561309 0.0781894 -0.589723 0.3972 -0.0899425 -0.462878 -0.154802 -0.0667572 0.260477 -0.415533 
chicken legs -0.264223 0.099473 -0.154202 -0.243943 -0.341133 0.207082 0.181724 -0.453584 0.275521 0.523787 -0.0712291 -0.396137 -0.236282 -0.136334 0.588947 -0.0890993 0.270076 -0.267165 -0.463962 -0.00773719 -0.374162 -0.20206 -0.179394 0.028972 -0.184889 -0.442646 -0.114142 -0.299537 -0.0409189 0.262895 -0.0892419 -0.132972 -0.013699 0.131773 0.365752 0.0713715 0.419403 0.0873383 0.192589 0.0433625 -0.196154 0.121874 -0.318093 -0.270791 0.421641 -0.26138 -0.439654 -0.259503 0.38144 -0.116977 0.150149 -0.0206694 -0.298683 0.490435 -0.0305547 0.0201487 -0.387978 0.353507 0.351462 -0.579643 -0.472391 0.146429 -0.612907 0.303613 -0.646087 -0.43798 0.251425 0.219514 -0.0590756 -0.0405797 0.171105 0.316388 0.0477616 -0.202522 -0.617394 -0.0467892 -0.310284 0.471042 0.487453 -0.324469 -0.168399 0.243897 -0.423826 0.488433 0.231332 0.3467 -0.116837 -0.495948 -0.440484 -0.242368 -0.145069 0.331647 -0.450241 0.452523 -0.151261 -0.221506 0.562131 0.190478 -0.381608 0.200212 
Vietnamese Grilled Pork (bun-thit-nuong) 0.16045 0.0645208 0.521269 -0.339346 -0.154644 0.38485 0.0834324 -0.302299 0.0736825 0.469251 -0.103785 -0.496472 -0.011626 0.405355 -0.172767 -0.473208 0.482112 0.320861 -0.267417 -0.0194752 -0.111967 -0.446305 0.133618 -0.337021 0.0133449 0.127682 -0.117554 -0.461807 -0.331133 0.325321 0.307247 -0.314863 -0.315904 -0.652714 -0.40863 -0.182909 -0.0934665 0.401389 0.244205 0.007215 -0.309917 0.175048 -0.33851 -0.369211 0.419244 -0.250389 0.0315567 -0.394614 0.279762 0.54108 -0.463523 -0.00118282 -0.598885 -0.321686 -0.167102 0.344947 0.323467 -0.13409 0.516261 0.359587 -0.536982 -0.0332358 0.149888 0.134958 0.294368 -0.59165 0.146157 0.396621 0.0703721 0.534294 0.268752 -0.337695 0.343813 -0.05661 -0.425243 -0.289159 0.243037 0.262298 0.364337 0.0716498 0.412325 0.433047 0.526823 -0.459055 -0.453318 0.391043 0.300966 0.137424 -0.113047 0.312108 -0.410797 0.210497 -0.333623 0.384476 -0.202792 0.140259 -0.457199 -0.0638772 0.114904 0.331056 
garlic 0.511463 -0.492819 0.0999245 -1.2888 0.861639 -1.26789 2.25626 -0.173788 -1.34406 0.839682 0.504301 -1.09671 2.16478 -0.934877 0.121121 -0.339126 0.199199 -0.0146645 0.816695 2.14416 1.10187 0.454908 -1.62194 -0.535093 -1.71354 0.577605 0.375469 -1.01495 1.00139 0.841575 0.48022 0.790541 -0.544249 1.05409 -0.420725 -0.144608 1.19053 1.39065 0.407507 0.241375 -0.661723 -0.143239 1.82389 1.43072 -0.300003 0.222335 0.142345 0.169914 -0.868995 0.706145 -1.20118 -0.64653 -0.513704 1.56138 1.5638 0.251942 1.39658 -0.765038 -0.533977 -0.0282458 -0.279813 0.562322 -1.0753 0.236948 -1.21579 -0.726952 0.321402 -0.891084 -2.80921 2.04763 0.248562 0.221167 0.908748 -0.170318 0.163867 -0.709104 1.41293 -0.239921 -0.253558 0.0423855 -0.500359 -0.968287 0.626106 -0.726365 -0.678708 -2.142 -0.999134 0.403634 -0.325233 -0.975595 -0.618605 -0.745436 0.280673 0.0381748 -0.576245 1.68598 1.66793 1.09474 -0.573646 1.36205 
challots 0.232141 -0.104725 -0.071873 0.38415 0.0861652 0.225527 -0.219481 0.0786225 -0.0544097 0.0192227 -0.215567 -0.0297971 0.166324 -0.52866 -0.0091116 0.342637 -0.385245 0.054089 0.283014 -0.220438 0.0583123 0.17556 0.204145 -0.356592 -0.325146 -0.128746 -0.188671 -0.485319 -0.226287 0.302585 -0.445505 0.0869871 -0.0976607 0.0350756 -0.317823 0.181433 -0.392527 -0.0193225 -0.00726585 -0.261687 -0.568286 -0.386423 -0.232313 -0.300317 -0.41168 -0.651072 0.371296 0.471854 0.235555 -0.192388 0.355306 0.134211 -0.205701 0.189066 0.334594 -0.00621747 0.278088 0.439526 -0.179585 0.480388 -0.356391 -0.359067 0.132061 0.312277 -0.261823 -0.363622 0.0994511 -0.101887 0.181264 0.366775 0.206807 -0.127459 -0.127584 -0.0571234 0.40897 0.475818 -0.197688 -0.131976 0.654506 0.448935 0.521341 0.0982907 0.499709 0.126035 0.114184 -0.238047 0.666988 -0.649235 0.231328 -0.716183 -0.00441442 0.450401 0.266935 0.152881 -0.24034 -0.41351 -0.553945 -0.0721966 0.132931 0.0540268 
mascarpone 0.0979192 0.0866627 0.108509 -0.0794297 0.4734 0.0586537 0.187139 0.278564 -0.144375 -0.10097 0.46669 -0.478218 -0.0498806 0.163024 -0.296928 -0.412714 0.220393 0.476521 -0.305018 0.197353 0.123008 0.0327678 0.365457 0.439207 -0.0810865 0.151596 0.20533 0.262041 -0.11147 -0.496779 0.442273 -0.440515 0.0208104 0.39634 -0.371214 0.273992 0.182654 0.203257 0.160422 -0.448376 0.261401 0.0380035 -0.0697675 0.100049 -0.420157 -0.343064 0.0991228 0.430612 0.421019 -0.289098 -0.33132 0.0723001 -0.238538 0.0727878 0.182379 0.0175491 -0.365126 0.17369 -0.450294 -0.370505 0.367908 0.166771 -0.444844 -0.0273512 -0.371552 0.226593 -0.293647 0.0931056 0.396865 -0.0951005 0.222639 0.358178 -0.177992 -0.29739 0.0159559 0.214895 -0.221806 -0.164662 0.46075 -0.33088 -0.00390986 -0.00400053 0.0624968 0.0472108 -0.182204 0.141963 -0.303648 0.251044 -0.0771637 0.176393 0.308745 -0.142269 0.463544 -0.243726 -0.384437 -0.0220722 0.364427 0.357308 -0.173369 0.309867 
rice vermicelli -0.0930991 0.252582 -0.138874 0.291844 0.201148 0.0113453 0.0798956 -0.300734 0.095905 -0.273867 0.432006 0.334873 -0.393689 -0.342119 0.520584 0.317095 0.251454 -0.00939369 0.198659 -0.37387 0.518311 0.339409 0.381563 0.28798 -0.438066 -0.337051 0.37754 0.471205 -0.111617 0.181466 0.234342 0.507415 0.190948 -0.444346 0.335968 -0.272045 -0.384006 0.256703 -0.0171251 0.497547 -0.0982701 -0.0203138 -0.515629 0.306304 0.228031 -0.0163572 -0.4202 0.284567 0.155757 -0.0590329 0.46074 -0.702162 -0.460405 -0.101245 0.495733 0.229868 -0.335281 -0.269771 0.210428 -0.553931 0.0164856 -0.645411 0.32171 -0.35552 0.167713 0.0209947 -0.365106 0.429631 -0.228769 -0.439697 0.208978 0.422148 -0.372623 -0.235109 -0.0392135 0.573485 -0.371768 -0.353503 0.50405 0.332241 -0.404743 -0.0218504 0.220107 0.0285528 0.240407 0.441202 0.53593 -0.414996 -0.514564 0.745354 0.131672 -0.417712 -0.442711 0.170253 -0.116333 0.512931 0.0891156 -0.362738 -0.278802 0.252703 
colby jack cheese -0.629283 0.210842 0.0137288 0.0284651 0.362007 -0.117838 0.036158 -0.00141734 -0.130732 0.63479 0.124268 0.161807 0.20695 -0.398026 0.526656 0.157828 -0.598325 -0.212824 -0.157124 -0.190348 0.0799801 0.648548 -0.137914 0.160572 0.0414953 -0.127568 -0.267928 -0.408957 -0.0188294 -0.378229 -0.385168 -0.174161 0.4558 -0.0862352 -0.133797 0.342463 0.124091 -0.482033 -0.374443 0.0719054 -0.265951 0.342085 0.264258 0.540023 0.100071 -0.320899 -0.0711661 0.482721 -0.138953 -0.331451 0.323938 -0.118092 -0.294814 -0.206589 -0.277821 0.240352 -0.300576 0.127894 -0.401864 0.472693 -0.412102 -0.10498 -0.188627 0.434638 -0.10476 0.0188824 -0.0384411 0.0398876 0.358209 0.431543 0.269502 0.140174 -0.45093 0.578064 0.150643 0.392769 -0.435593 0.428861 -0.443096 -0.0657567 0.649581 0.441698 -0.42264 0.448989 -0.092832 -0.50132 -0.469 -0.130174 -0.196775 -0.306167 -0.148236 0.85239 0.089952 -0.0427791 -0.0597643 -0.281609 0.37071 0.226018 0.456801 -0.579911 
monterey jack cheese -0.0588298 -0.0121361 -0.463601 0.346863 -0.346171 -0.553726 -0.245367 0.431539 0.117586 0.537008 0.299076 0.649964 -0.00454628 -0.333379 0.636129 0.373406 -0.539853 0.25387 -0.178437 0.307411 -0.111417 0.222885 0.109013 0.0224265 0.0890965 -0.224657 0.498616 -0.00323022 0.170954 -0.189366 -0.626726 0.690945 -0.579531 -0.077759 0.362697 -0.299192 -0.0385262 0.154859 -0.0475132 0.367794 0.0615679 0.172328 -0.198272 -0.227835 0.0951938 -0.72369 0.273223 -0.19295 -0.601354 0.266339 0.607201 -0.0776537 -0.54603 0.128692 -0.30267 0.0441731 -0.501459 -0.534214 0.437337 -0.0637058 -0.464515 -0.120906 -0.195958 0.278784 0.00209114 0.556887 -0.0578435 0.567546 0.446124 -0.0288424 0.298994 -0.437169 0.350481 -0.271616 -0.144884 0.133351 0.111577 0.410361 -0.375379 -0.358352 0.744952 -0.282783 -0.0962893 0.713199 -0.0615783 -0.587213 0.43003 -0.246975 0.263127 0.0348891 0.356385 0.153214 -0.0487619 0.435952 0.234097 -0.248933 0.316114 0.342041 0.421662 -0.0456635 
Crock Pot Chicken Baked Tacos -0.369683 0.654952 -0.317336 0.0554545 0.194465 0.639337 0.471717 -0.119584 0.00715653 0.440599 -0.0198204 -0.0185375 0.250135 0.124074 0.148229 -0.466571 -0.366955 -0.00942617 -0.193541 0.398155 0.0739133 -0.658206 0.472689 -0.0806062 0.144699 -0.536222 -0.11094 -0.21452 -0.298609 -0.472425 0.333466 0.155666 -0.332762 0.0118028 -0.303427 -0.238942 0.135085 0.43626 0.108763 -0.531921 0.128626 -0.547253 0.205088 0.603413 -0.261416 -0.0434466 -0.464485 0.393399 0.181311 -0.195977 -0.161093 -0.29993 -0.194833 0.365672 -0.0506218 -0.425049 -0.0593513 -0.531248 0.59982 0.311853 -0.554906 -0.460352 0.1894 0.338987 -0.201272 -0.238549 -0.223569 -0.293473 -0.440699 0.197843 0.160426 0.148801 -0.370187 -0.38123 -0.167914 0.2279 -0.374737 -0.35106 0.091411 0.374577 -0.478775 0.384699 0.0619253 0.448146 0.0346657 -0.093768 0.127817 -0.43079 0.484582 0.539485 -0.303624 -0.108384 -0.467808 -0.144484 0.114056 -0.42315 -0.0100725 -0.505199 -0.311748 0.181315 
grape tomatoes 0.196695 0.241106 -0.159567 -0.484658 -0.136312 -0.0712843 -0.38769 -0.0239538 -0.275125 -0.0774003 -0.341112 -0.205535 0.66143 0.234277 0.100795 -0.505554 0.631287 -0.57487 -0.351651 -0.217502 0.706682 0.132871 -0.371563 0.334987 -0.165435 -0.49679 0.518864 -0.516536 -0.124291 -0.294158 0.635801 0.608573 0.286554 0.151648 -0.248226 0.174706 -0.271088 0.164127 0.0889128 -0.0539045 -0.45901 -0.366351 0.668892 0.181579 -0.263467 0.0610549 0.3689 -0.407636 0.452387 0.539945 -0.115383 0.129229 -0.269135 -0.125059 0.549861 -0.197151 0.207541 0.063 0.708004 -0.224299 0.133568 0.663642 0.146893 0.473493 -0.398319 -0.574319 -0.150498 -0.449452 -0.211798 0.209141 -0.10537 -0.242854 0.421512 0.089856 0.119442 -0.211312 0.140909 -0.348808 -0.32793 0.296169 -0.297933 0.159476 -0.285236 0.178221 -0.518644 -0.656826 -0.275678 0.271493 0.0803497 -0.3635 -0.203569 0.00644685 -0.255361 0.00709684 -0.0929467 0.229309 -0.497866 0.21441 0.128539 0.163809 
lime , 2 juice of 1 -0.20511 0.00894384 -0.554067 -0.23865 0.342339 -0.337597 0.679824 -0.183977 0.59831 -0.257387 -0.208908 -0.343772 -0.342504 -0.0416461 -0.0704462 -0.100423 -0.148012 0.0777212 0.459772 0.29302 0.749293 0.0171427 -0.295525 -0.130096 -0.0451084 -0.164711 0.54872 0.202662 0.203555 0.0690064 -0.133452 0.230933 0.210228 -0.0558859 -0.188486 -0.304512 0.558308 0.0596412 -0.48921 0.101769 0.336019 0.407269 0.15392 -0.576474 -0.0951999 -0.125393 -0.55859 -0.25986 -0.377062 -0.25024 -0.112116 -0.360328 -0.182337 -0.46604 -0.32147 -0.311076 0.389155 -0.201238 0.71437 -0.263322 -0.0498686 -0.419405 -0.0270158 0.0497677 0.314446 -0.297833 -0.333664 0.113922 0.358256 0.36205 0.260602 0.313522 -0.198787 -0.141512 -0.284607 0.161873 0.244218 0.15786 -0.0965547 0.202073 -0.440767 0.565194 0.20929 0.207723 -0.0596141 0.00881985 -0.121085 -0.00559529 0.359405 0.336288 -0.550457 0.0377135 -0.251714 -0.357675 0.0330948 0.517985 0.38674 0.234761 0.0520279 0.0589525 
green salsa 0.50458 -0.280558 0.625003 0.23074 -0.387359 0.293662 -0.355436 0.47201 -0.343975 -0.544072 -0.807746 -0.339089 0.220978 -0.181038 -0.793817 0.24351 0.00407165 -0.00283569 0.190596 -0.154631 0.750682 0.67958 -0.102492 0.0851543 -0.287918 -0.568391 0.181136 -0.687951 -0.130715 0.418813 -0.0553258 0.131874 0.124809 -0.303472 0.355811 0.0119836 0.0629572 0.16019 -0.214466 -0.437958 -0.13963 -0.230089 0.250566 0.304527 -0.198719 0.171615 0.669856 0.163652 -0.13538 -0.126647 -0.125419 -0.381103 0.0915254 -0.0879564 0.241308 0.512529 -0.486052 0.134169 0.0872704 -0.0861283 0.326847 0.126427 0.458878 0.105982 -0.134162 0.0209613 -0.375913 -0.520246 0.615247 -0.548287 0.0485568 -0.0318393 0.188384 -0.498775 0.172794 0.434363 -0.55652 -0.0367169 -0.655108 -0.531772 -0.0392546 -0.419128 0.0752643 0.684787 0.310841 -0.105848 0.344538 -0.379613 -0.108015 0.571955 -0.620216 0.217037 -0.0594917 -0.139053 -0.0258074 0.404168 -0.66323 -0.325677 -0.277351 0.0437259 
Nasi lemak -0.103185 0.112397 0.178761 0.321657 -0.413977 -0.36722 0.409047 0.198762 0.0202296 -0.44754 0.25888 -0.437707 0.168286 -0.392731 0.473975 -0.281592 -0.0420575 -0.363851 -0.336316 -0.0236678 0.244215 0.303855 0.396229 0.031916 -0.163565 0.422548 -0.247391 -0.355046 0.282484 0.130326 0.00140964 -0.37272 0.235681 0.479148 -0.466958 0.108081 0.112905 -0.481167 0.0961104 -0.200816 0.0179926 -0.0372102 0.213328 -0.479602 0.231251 0.494286 -0.457126 -0.349662 0.248774 0.0730677 0.0999165 -0.433303 -0.406775 0.287487 0.167834 0.0971646 0.283253 0.126283 -0.149793 0.106357 0.151348 0.368773 -0.201656 -0.411765 0.35009 -0.237624 -0.380281 0.340928 -0.155401 -0.241142 0.184946 0.12039 0.46289 -0.441453 -0.443839 -0.0219856 0.473821 -0.35741 0.382125 -0.401708 -0.0199252 0.333533 -0.352049 -0.203905 -0.319293 -0.203995 -0.0788712 0.134205 0.39523 0.237078 0.363817 -0.113534 -0.0120555 -0.469958 -0.190036 -0.00700088 0.339017 0.47205 -0.420104 -0.469275 
hard taco shells 0.136295 0.101316 -0.425094 -0.121001 0.148819 0.204251 -0.314475 0.0650008 0.180577 0.277852 0.0342156 -0.25503 0.235131 -0.119965 -0.535403 0.195874 0.198769 -0.184916 -0.263003 0.685011 0.494505 0.541959 -0.67819 -0.0963566 -0.344567 -0.377502 0.247748 0.150959 0.377344 0.354593 0.392762 0.691915 -0.576946 0.306516 -0.262083 -0.00372985 -0.498027 0.703998 -0.645567 0.685574 0.256048 0.000484692 0.470496 0.216255 0.0559593 0.249107 -0.0500043 -0.0730342 -0.0314016 0.482315 -0.0779222 -0.382258 0.583487 -0.382045 0.00289824 -0.167925 0.134313 0.0602702 0.147715 0.199891 0.44898 -0.473966 0.0446732 -0.384627 0.169713 -0.0967877 -0.277004 0.0788889 0.61472 -0.312251 0.261907 0.00248121 0.0827054 -0.134836 -0.223758 -0.262104 -0.145371 -0.0610468 -0.341402 -0.322914 0.382853 -0.274492 0.108913 0.325433 0.160041 0.0384475 -0.0309953 0.176131 0.457887 -0.0513489 -0.113866 0.634809 0.120217 -0.719828 -0.35566 -0.498789 -0.402718 0.445846 -0.41014 0.420275 
Battenberg Cake -0.421111 -0.278446 -0.46943 -0.176682 -0.0359116 0.349986 -0.0368456 0.201532 -0.0508234 -0.190548 0.315181 -0.429681 0.145539 -0.283058 0.463424 -0.221044 0.349183 0.34655 0.106115 -0.100057 -0.364821 0.363926 0.105612 0.394054 -0.165033 0.228484 0.0539238 -0.0590879 0.270769 -0.0527264 0.432124 0.0168614 0.207797 0.162667 0.250847 0.362 0.115497 0.301498 -0.122806 0.0835338 0.0394292 0.412333 0.00601174 -0.357071 0.301272 0.228404 0.367051 0.439547 -0.202261 0.336272 0.0872287 0.450032 0.306116 -0.0214959 -0.178958 -0.201875 -0.130839 0.458222 -0.0603811 0.211724 -0.214311 0.469813 0.339668 0.231932 0.0821739 -0.073971 -0.44054 0.343239 -0.168966 -0.264664 0.189424 0.145736 0.282126 -0.170028 -0.338391 -0.424494 0.380353 -0.142237 0.346951 -0.0195485 0.350275 0.364181 0.34661 -0.397405 0.389608 0.348623 0.00878543 -0.257356 0.300669 -0.260763 -0.386053 0.0252742 -0.281027 -0.131967 0.219623 0.419064 -0.312425 -0.0841382 0.306174 0.092381 
jalapeno -0.212827 0.0488181 0.101203 -0.140313 -0.0580246 0.205816 -0.118223 -0.422356 -0.0810378 0.0962815 -0.60789 0.201115 0.245488 0.481148 0.0344172 -0.718916 -0.473048 0.476303 0.118489 0.236893 -0.195147 -0.041076 0.137325 -0.259471 0.132862 -0.407598 -0.0144359 -0.208638 -0.662093 0.00927067 0.603059 0.450878 0.105665 0.115064 0.480944 -0.00202967 -0.325356 -0.0967425 -0.407695 0.0796791 0.4818 -0.101902 -0.433874 -0.236157 0.693305 -0.217219 0.646999 0.312962 0.249288 -0.0798772 -0.0635103 0.390681 0.120042 0.133821 -0.226639 0.364015 -0.314508 -0.673595 -0.227841 -0.514126 0.0742829 -0.25831 0.585345 0.726683 -0.430306 -0.439799 -0.442348 -0.322566 0.504346 -0.659979 0.301072 -0.117789 -0.0651708 -0.060455 0.201731 0.419233 -0.222383 -0.459916 0.510204 0.192826 0.337575 0.1593 -0.0886431 0.290906 -0.302007 0.0741317 -0.195114 0.524718 0.272188 0.339105 -0.199118 -0.171181 0.110121 -0.139638 -0.130798 -0.373272 0.132512 -0.497291 -0.204501 -0.261482 
dark brown soft sugar -0.106479 -0.486933 0.0054052 -0.403798 0.286287 0.100477 0.0285234 -0.0328958 -0.128787 0.0905745 0.164704 0.323848 0.219639 0.230701 0.443128 -0.269473 0.149279 -0.0279508 0.364789 0.211219 -0.469106 0.363136 0.395549 0.0250788 -0.246924 0.310226 0.0985699 -0.0413754 0.397431 0.0537292 0.39916 0.00515501 0.368001 0.119358 0.365724 -0.369961 -0.0279482 0.401078 0.290747 0.433929 0.265455 0.422792 0.0481216 0.31455 0.0176917 -0.469028 0.393038 -0.111379 -0.380312 -0.169418 0.406475 0.330558 0.354953 -0.00987625 -0.142907 0.30665 0.147831 0.107924 -0.0687084 -0.0899581 -0.0715155 -0.45221 -0.427962 0.304195 0.318661 0.274489 -0.280805 -0.450116 0.340153 0.205963 0.450274 -0.140145 0.381644 -0.181167 0.332037 0.210749 0.475386 -0.0547581 -0.324338 -0.0281961 0.018725 0.38208 -0.249872 0.483308 0.324849 0.125839 0.205005 -0.499312 0.148267 0.411592 0.0521492 0.00405982 0.407925 0.0770348 -0.466907 0.161736 -0.139691 0.205533 -0.443729 -0.455679 
goats cheese -0.229564 0.0280539 -0.369215 -0.0948211 0.267898 0.406919 0.313723 0.361718 0.0230024 0.174164 -0.274412 0.100121 -0.366549 -0.405224 -0.306674 -0.429067 -0.256114 -0.35163 -0.139834 -0.205238 -0.152017 0.276237 -0.400999 0.306316 0.155646 0.0365615 0.0154683 0.101535 -0.436541 0.174681 0.0775525 -0.307134 0.42356 0.0922199 0.465259 0.3996 0.380366 0.423214 -0.470294 -0.441106 -0.159883 -0.276 -0.0634409 -0.47514 -0.342889 0.439002 0.338865 0.294038 -0.476691 0.132247 0.147614 -0.0904079 -0.124818 -0.291907 -0.234302 -0.138506 0.226144 0.297007 -0.186762 -0.26739 0.391891 0.259774 0.369908 -0.272424 -0.0678751 -0.40348 -0.359585 0.36154 -0.330049 0.347576 -0.0204486 0.0688694 -0.423526 -0.322644 0.462618 -0.108859 -0.459752 0.18828 0.328327 -0.277881 -0.172202 0.3345 0.141838 0.445756 -0.178253 0.202942 0.132748 -0.122493 -0.186779 0.349651 0.172546 -0.111139 -0.331143 0.457508 -0.231221 -0.2371 -0.247686 -0.392839 -0.445433 0.185851 
vinaigrette dressing 0.151515 0.0827814 0.0634722 0.127958 -0.203085 -0.565518 0.655678 0.17539 0.372642 -0.261639 -0.0219636 -0.386111 0.0284453 0.0378392 -0.175322 -0.184222 0.309906 0.133069 0.152708 0.301016 -0.187318 0.230851 0.215065 -0.282021 0.087652 0.20557 -0.516103 -0.0886527 0.107298 -0.56555 0.0286335 -0.237057 -0.253602 -0.33735 -0.333624 0.00934015 -0.405837 -0.623063 -0.0148404 0.033998 -0.0339117 -0.306541 -0.195221 -0.290207 0.140488 0.243837 0.284076 -0.204345 -0.153323 -0.851671 0.194773 0.267097 -0.134848 0.441883 -0.106874 0.432277 -0.75004 -0.0584443 0.0243436 0.0972439 0.292602 -0.33466 0.0216665 -0.561048 -0.484729 -0.158676 -0.178474 0.0428144 0.161593 -0.452196 -0.160828 0.147625 0.290577 0.0595212 0.0740988 -0.517527 0.467506 -0.169226 0.32379 -0.549293 -0.472446 0.197808 0.690902 -0.0297622 0.426293 0.45127 0.363809 -0.431582 -0.381237 0.127278 -0.172712 0.221625 -0.205717 0.345552 0.317974 0.485091 -0.0529581 -0.207988 -0.00190403 -0.160259 
potato starch 0.116328 -0.0228882 -0.38302 0.339561 -0.312366 -0.141517 0.0558481 -0.571932 -0.408617 0.572674 0.775935 0.530443 -0.378109 0.604569 0.13134 0.293948 0.528426 -0.386531 -0.00757556 -0.0772097 -0.652561 0.264073 0.428454 -0.186246 0.227196 0.11661 0.738872 -0.195107 0.373554 0.611762 -0.17443 -0.324564 -0.320179 0.118569 0.0549952 0.0479529 0.162741 0.256924 -0.231621 0.0442017 -0.442507 -0.108609 -0.384224 -0.114492 -0.536569 -0.795096 0.170424 0.13041 0.103228 0.333714 -0.304781 -0.819475 -0.323531 -0.00897572 -0.0609772 -0.170913 0.0975738 -0.0543291 -0.184286 0.0086371 0.251511 0.237399 -0.451093 -0.182916 -0.382352 -0.0815845 -0.228272 0.205595 0.37472 -0.000998997 0.0249467 0.429275 -0.73734 -0.114626 -0.324488 0.770277 0.342852 0.295172 -0.485993 -0.313524 0.399578 0.129767 0.158323 -0.339426 0.412837 -0.290983 -0.548219 0.0680154 0.385671 0.508941 -0.245623 0.178889 0.6716 -0.117202 -0.0304077 -0.181408 -0.462696 -0.1414 -0.236882 0.159666 
chestnut mushroom -0.313721 0.115612 0.292604 -0.188265 -0.232103 0.419662 0.370573 -0.322626 -0.257657 0.427223 -0.0512469 -0.422009 -0.0167106 -0.051293 -0.29265 0.172845 0.164488 0.398563 -0.537338 0.0576369 0.121386 -0.613934 0.458814 0.0040689 -0.28795 0.16224 -0.263719 0.717172 -0.0973547 0.04823 0.570894 0.0632477 0.117222 -0.577223 -0.266841 -0.323259 -0.54372 -0.188803 -0.0522812 -0.0887476 -0.360298 0.0233733 0.00422606 -0.580764 0.211651 -0.357721 0.199902 0.0415552 0.41152 0.182815 -0.544752 -0.0832677 0.614844 0.446684 0.26792 0.131251 -0.425408 0.354894 -0.506915 -0.58546 -0.0789887 -0.207749 0.280995 0.408441 -0.043654 0.161111 0.519092 -0.130347 -0.133793 -0.755685 -0.314886 0.127043 0.496538 0.350016 0.148852 0.269632 -0.0203525 -0.378548 0.0102746 -0.171675 -0.31483 0.702845 -0.0925684 -0.0681025 -0.30793 0.552798 -0.0636419 0.19835 0.0675613 0.387853 -0.323214 -0.12549 -0.38138 0.87461 0.16255 0.233592 0.0100975 -0.420308 0.0917068 -0.610108 
full fat yogurt 0.012297 0.107876 0.381836 -0.349008 -0.349632 -0.140535 0.738607 -0.12703 0.537315 0.222157 0.368872 -0.767852 -0.182242 -0.417217 0.371233 -0.13087 -0.102028 0.515781 0.143773 0.0442866 0.290743 0.35391 -0.268331 0.139824 -0.470149 -0.282909 0.434157 -0.364723 -0.139924 -0.169516 -0.533254 0.141516 0.0590853 0.628097 -0.261873 0.198907 -0.109853 0.437658 0.435329 -0.703298 0.394148 -0.0318139 0.454851 0.160512 -0.226373 -0.243437 0.300524 -0.244045 -0.0220646 0.136232 -0.332817 -0.596442 -0.289402 0.203154 0.457035 0.466015 0.282408 0.260707 -0.472979 0.0456153 -0.415801 0.268617 -0.68244 0.246048 -0.416101 -0.348065 0.511958 0.654571 -0.194506 0.574253 0.331617 -0.215803 -0.0532511 0.406307 -0.00334478 -0.131302 0.0602607 0.365146 -0.4372 -0.0181436 -0.351106 -0.199519 0.360681 0.049347 0.248665 -0.693149 -0.227931 -0.0536862 0.300023 -0.395479 0.270052 -0.0637529 -0.436438 -0.486117 0.587699 -0.485372 0.288037 0.552173 0.0501372 -0.296311 
salt -0.14444 -1.13229 1.16925 0.154846 1.02994 0.323121 0.757076 0.899949 -0.356497 0.143419 0.332972 0.414161 0.977324 -0.625867 -0.137705 -0.124808 -0.542459 0.542074 -0.464807 0.660858 1.39874 -1.22931 1.11148 -0.405868 -0.228733 0.392572 1.17924 -0.808621 -0.937479 0.377438 0.283978 0.594114 -0.218471 -0.671374 0.798996 -1.13058 0.418461 -1.42943 -0.931119 0.139826 -0.582189 -0.712247 0.932039 0.425432 -0.269233 -0.146188 0.164419 0.235224 0.190821 -0.348721 0.708773 0.153436 0.466668 -0.21781 0.148975 -0.646887 0.650755 0.29439 1.02188 -0.163441 0.00488834 -0.0584565 -0.209861 0.283918 -0.564629 0.294488 0.175177 0.429647 -1.06005 0.86567 -0.106886 -0.248933 -0.833505 0.410875 -0.738327 0.900397 -0.482871 -0.0829205 -1.0084 -0.215283 -0.139793 -0.017578 1.01495 1.03692 1.57313 -0.915742 0.416083 -0.917634 -0.30514 0.456191 0.763763 0.145686 -0.113226 0.165747 -0.674233 0.87251 0.780548 -0.41553 -1.13656 -0.901929 
Salted Caramel Cheescake -0.356022 0.493739 0.0949411 -0.0674046 -0.0203073 -0.372801 -0.592627 -0.225773 -0.295414 0.589118 -0.341118 0.384662 0.291756 0.120695 0.385567 -0.115287 -0.0706195 0.452111 -0.41535 0.309614 0.0639869 -0.0975007 -0.113528 -0.0404845 -0.654438 0.0329791 0.177436 0.021551 0.566666 0.404063 0.575917 0.0298777 0.218837 -0.255485 -0.489635 -0.156635 0.0307177 -0.349694 0.18361 -0.126427 -0.29231 -0.278314 0.166295 0.254641 -0.514712 0.138491 -0.222834 0.251041 -0.0374648 -0.522454 -0.05489 0.643206 0.0890768 -0.40373 0.504943 -0.0118323 0.24107 0.456341 -0.283009 -0.181552 0.138549 -0.458573 -0.188355 0.193552 -0.231228 0.369156 0.0549717 -0.471148 -0.595754 0.361517 -0.319901 0.401178 -0.227974 0.328314 0.14916 0.193301 -0.00936416 -0.149033 -0.0160857 -0.3678 -0.0116482 -0.353198 0.0230554 0.00193095 -0.0985945 -0.0212534 0.354598 0.125304 0.302185 0.527969 -0.557246 0.477597 0.310532 0.39692 0.195182 0.440244 0.127596 -0.144537 -0.265669 -0.339523 
wood ear mushrooms -0.487739 0.0280949 -0.184781 0.230368 0.38003 -0.395706 0.463854 -0.0900233 0.216598 0.0331219 -0.0865374 0.39021 -0.470456 0.215396 0.0385861 -0.120781 -0.313538 0.0948171 -0.488183 -0.0841689 -0.324073 0.0111389 0.0631024 -0.368431 0.0130411 0.0923944 0.284555 -0.0580336 -0.230742 -0.394548 -0.401254 0.101793 -0.0350057 0.41152 -0.453755 0.490717 0.0400249 0.132507 -0.0988402 0.220692 -0.400252 -0.439454 -0.452448 -0.129281 0.384241 0.363389 0.399559 0.15023 0.122237 -0.452649 0.106801 -0.0696596 -0.179147 0.0264277 0.154694 0.0950816 -0.368393 -0.0872807 -0.0909937 0.361503 -0.180209 0.465808 0.458421 -0.420683 0.185345 0.207093 0.201106 -0.456773 -0.197647 0.190894 0.373834 -0.327423 0.431005 -0.35477 -0.278304 0.207042 -0.286608 -0.270736 0.306755 0.251984 -0.00834758 0.0557071 0.290528 -0.386965 -0.230458 0.292543 -0.179064 -0.0236528 0.104869 0.116147 0.466783 0.284616 -0.24411 0.294824 0.487967 0.214071 -0.166942 -0.423842 -0.448479 -0.326359 
chorizo -0.50873 -0.437566 -0.340793 0.352902 0.263264 -0.713321 0.254337 -0.356419 -0.288091 -0.39209 -0.243865 -0.17269 0.0639558 -0.149426 -0.384953 0.218445 0.305397 -0.180455 0.281004 -0.24561 0.568754 0.150421 -0.236561 -0.081966 -0.0964693 -0.135668 0.646134 -0.271459 -0.394548 -0.0383708 -0.00198151 -0.183745 0.15129 -0.0496965 -0.37611 -0.259195 0.112116 -0.493802 0.0859621 -0.376864 0.200369 0.271113 0.0565073 -0.0197491 -0.014028 0.198221 -0.342777 -0.304492 -0.195381 0.174488 0.518723 -0.472 -0.228046 -0.00717556 0.197284 0.324324 -0.447031 0.251871 0.309721 -0.344519 -0.603515 -0.175154 -0.166383 -0.137878 -0.274455 -0.209576 -0.000838882 -0.014079 -0.311793 -0.0788215 -0.284432 0.128112 -0.31328 0.132706 -0.306262 0.307417 0.0391089 0.362372 0.199674 0.610935 -0.0774583 0.29445 -0.00965355 0.0805889 0.242115 0.166963 -0.165668 0.413859 -0.0614931 0.0389429 0.133715 0.468865 -0.552934 0.363968 -0.00980743 0.299229 -0.308387 -0.0670633 0.421325 -0.419046 
peanut brittle -0.372464 0.0219436 -0.213937 0.281378 -0.254997 0.377795 0.296095 0.314418 0.407481 -0.422209 -0.0640369 -0.343181 -0.226104 -0.479722 -0.397156 -0.371932 -0.301849 0.173902 -0.164159 0.0849763 -0.458844 -0.41241 0.374153 0.014537 -0.470059 0.0134971 -0.159322 0.253238 0.345994 0.465957 -0.0700556 -0.307234 0.149585 0.285314 -0.293597 0.47049 -0.0661585 0.368757 -0.400617 -0.0333883 0.0864904 -0.213851 0.236304 0.348805 -0.289123 -0.0292242 0.0801588 0.0338505 0.34739 -0.116249 -0.311894 0.383046 -0.0444293 -0.333285 -0.0080907 -0.438842 0.0493018 0.258581 -0.298045 0.28166 -0.331577 0.335399 -0.0804799 -0.256412 0.318688 -0.416337 -0.256159 0.285692 0.34433 -0.0064093 -0.24033 -0.0995004 -0.319977 -0.0458887 0.108701 -0.408894 -0.0682021 -0.449087 0.269679 -0.465344 -0.0610456 -0.395797 -0.0804165 -0.25971 0.278915 0.0571879 0.244486 0.213157 -0.383731 -0.0377683 0.356515 -0.106156 -0.0624811 0.0377611 0.0376551 -0.459016 0.199196 0.287265 0.185557 0.286616 
sichuan pepper -0.224222 -0.120929 -0.20645 -0.0449594 0.311769 -0.400972 -0.138639 -0.186652 -0.264772 0.142826 0.460179 0.0277308 -0.264388 -0.149987 0.0613826 0.273963 -0.0828836 -0.295002 0.315357 -0.379652 0.486115 -0.426888 -0.283887 -0.132053 -0.326614 0.332867 0.127329 0.106042 -0.320458 0.383862 0.137468 0.475016 0.482904 -0.389768 -0.114041 -0.183238 -0.0130432 0.0984198 0.413434 -0.0367542 0.0139142 0.158282 0.386953 -0.378097 0.344909 -0.100311 -0.426858 -0.369011 0.456386 0.02568 -0.469469 0.0597117 -0.14986 0.393968 -0.241424 0.410269 -0.0943186 -0.466516 0.0427898 -0.121983 0.375515 0.249373 0.128736 -0.398452 0.251766 0.439028 0.0690835 -0.0632216 0.331678 0.0113691 0.453293 -0.262216 0.29721 0.076531 0.370734 0.231334 0.146377 -0.400974 0.120118 -0.106512 0.187623 0.388324 -0.481843 -0.20946 -0.401517 0.111445 -0.491134 -0.471962 -0.440627 0.0790328 0.456039 -0.205816 -0.076382 0.485329 0.0138288 0.0709422 -0.430328 -0.283196 -0.484504 0.30002 
cream cheese -0.282477 -0.267044 -0.722195 -0.0705871 -0.254357 -0.192537 0.535671 -0.507901 0.234837 0.371478 -0.300543 -0.64413 -0.07293 0.309644 -0.0613769 -0.167441 -0.442679 -0.404919 -0.36913 -0.169314 -0.252817 0.18458 -0.24235 0.204802 0.35151 -0.247338 0.463108 0.106722 -0.323788 0.444008 0.368383 0.143655 0.0987557 -0.275207 0.183512 -0.400314 -0.266491 0.0700401 0.109355 0.0543024 -0.584199 -0.542271 0.40738 0.362909 0.300034 0.337624 -0.497314 -0.414166 0.671368 -0.283068 -0.154839 -0.21846 -0.430641 0.37844 0.0827034 0.351347 0.177548 0.259043 -0.402892 -0.529508 -0.046588 -0.201647 -0.358229 0.413366 -0.0108824 -0.25703 0.354549 -0.0930303 0.411802 0.0924567 -0.379385 0.433324 0.698527 0.0388185 0.211934 -0.00814869 -0.185549 -0.264945 -0.327817 -0.302166 0.434452 0.0765322 -0.0212824 -0.0581568 0.038802 0.645415 -0.297638 -0.162333 0.3962 0.703717 -0.0212401 0.235676 0.493844 -0.00895946 0.460563 0.38982 -0.398741 0.237799 0.320088 0.38537 
toffee popcorn 0.373853 0.258607 -0.479918 -0.0161677 0.497247 -0.0607185 0.186274 -0.0814024 -0.620446 0.0290357 0.238998 -0.140057 0.423674 0.000826683 0.128727 -0.229561 -0.448262 0.383698 -0.146319 -0.441062 0.135535 -0.451618 0.216692 0.0998133 -0.195197 0.468665 0.42007 0.124286 0.282713 -0.00446307 -0.363852 0.417452 -0.00119966 -0.0111337 -0.0721788 0.0791341 0.0811896 -0.339536 -0.303097 0.326841 0.673903 -0.393387 -0.10406 0.372687 -0.382911 -0.328433 0.303629 0.403732 0.555933 -0.321106 0.586676 0.683265 -0.387835 0.0718632 0.0788346 -0.599473 0.17302 0.118107 -0.239328 -0.0090499 -0.327957 0.288625 0.666954 -0.284735 -0.392492 -0.44311 -0.362022 -0.264179 -0.30109 0.0366018 -0.00862148 0.189625 -0.246544 -0.105539 -0.366796 0.302145 0.125501 0.246721 -0.573241 -0.619329 -0.0681871 0.451088 -0.220939 0.0537419 -0.127928 0.560217 0.25846 0.252915 -0.363142 0.244182 0.23538 0.621571 -0.141712 0.166605 0.0526199 -0.405229 -0.181593 0.181235 -0.0662327 -0.201463 
baby squid -0.327013 0.0246032 0.344598 -0.557913 0.317713 -0.050001 -0.129555 -0.374987 0.103563 -0.424536 -0.318287 0.27125 0.00918754 0.334241 -0.403505 0.377237 0.0879985 0.0977634 -0.166545 -0.0471525 -0.0304896 0.245474 -0.31494 0.119456 -0.186501 0.148519 -0.226456 -0.0401662 0.0315357 -0.155007 -0.0446972 -0.0894956 -0.418649 -0.520517 0.37474 -0.445905 0.128133 -0.215838 -0.230344 0.398223 0.0784094 0.0149252 -0.115366 -0.0357951 0.405016 0.187826 -0.201071 -0.371366 0.172472 0.458505 0.00064727 0.0638658 -0.685548 -0.199468 0.121608 -0.441555 -0.289058 0.389296 0.0332849 0.0604218 0.0443499 -0.18177 -0.149562 -0.0903722 -0.681356 -0.431904 -0.0565708 0.723274 0.210566 0.445093 0.698948 -0.145215 0.112121 0.130432 -0.105141 0.0620614 0.234437 0.00516176 0.345399 0.384201 0.423209 0.0747812 -0.0104828 -0.453567 -0.128036 0.525709 -0.348204 0.124361 0.111951 0.525526 0.275216 0.567861 -0.496952 -0.0844953 -0.209299 -0.0982581 0.350313 -0.0474941 0.140967 0.276118 
monkfish 0.383152 0.13542 0.000150349 -0.410552 -0.111936 0.191992 -0.135723 -0.376386 0.389125 -0.00857582 0.472858 0.176757 0.392646 0.08586 -0.00539544 0.238962 -0.189571 -0.0273751 -0.537332 -0.175845 0.581184 0.281946 0.306469 0.0754892 0.0877584 0.408266 0.31299 -0.714052 -0.592059 -0.147006 0.168151 -0.280826 0.508025 0.384119 0.435372 -0.0445693 -0.0179357 0.43825 0.453516 0.5145 0.427465 0.459259 -0.185562 0.0844069 0.466849 0.604702 -0.137743 -0.0529363 -0.569383 0.439531 0.168758 -0.154487 -0.363765 -0.0360973 -0.310315 -0.205868 0.0435886 -0.48659 0.262643 0.291474 0.54178 0.649123 -0.47159 -0.215966 0.389243 -0.412284 0.661445 0.235539 0.24749 0.354011 0.0712369 0.220649 -0.269616 -0.062575 -0.528362 0.50492 0.358659 0.235874 -0.530575 0.266543 0.347096 -0.643911 0.071374 0.337099 0.327612 -0.188743 -0.567818 0.10083 0.292776 -0.259721 0.20464 0.295315 -0.350705 0.0200481 0.487349 0.362744 -0.0355922 0.146587 -0.194936 0.568195 
ice cream -0.229491 -0.527945 -0.726082 -0.230962 -0.165781 0.129466 -0.0167959 -0.399005 0.669431 0.15287 0.352029 -0.0468459 -0.00523001 -0.0349329 0.534033 0.158438 0.27457 0.268723 0.425468 -0.0582173 -0.168096 -0.322957 -0.145734 0.420707 -0.13715 -0.499886 -0.163199 -0.394433 -0.0716871 -0.336324 -0.365776 -0.10569 0.209801 0.041872 0.115634 -0.04894 -0.557785 0.190175 -0.281632 0.261364 0.0704226 -0.223989 -0.579881 -0.40307 0.176737 -0.357359 -0.111995 -0.654379 -0.233556 -0.378618 0.196302 -0.179337 -0.408092 -0.392015 -0.48536 -0.718597 0.0231391 -0.138645 -0.1965 -0.487302 0.177021 0.00756789 0.605235 -0.413306 -0.0348662 0.430285 -0.266102 0.111383 0.239495 0.264224 0.151143 0.0654955 0.343143 -0.234464 0.0438614 -0.205237 -0.127189 0.0588893 -0.287867 0.0776049 -0.00862744 0.747266 0.073797 0.490867 -0.402271 0.21173 -0.392425 0.0614065 -0.469325 -0.0277233 0.110275 -0.358901 0.049279 0.237975 -0.271815 -0.24509 -0.0282939 0.344693 -0.17199 0.0636234 
sweetcorn -0.32856 0.404486 -0.0586914 0.0697449 -0.495806 0.1592 0.152262 0.478173 0.339511 0.0840387 0.225406 0.38203 0.0498902 -0.0884112 0.436891 0.308381 -0.36749 0.482884 0.10271 -0.2219 0.161468 0.280432 0.245157 0.041623 -0.492399 0.138715 -0.361871 -0.277467 -0.285844 -0.395496 -0.305413 0.0221581 0.168953 -0.249704 0.133961 -0.488809 -0.180555 -0.4027 0.393326 -0.0924528 -0.0408243 0.263529 -0.424836 0.413281 0.332592 -0.026409 -0.17714 0.21912 0.462255 -0.0552072 -0.34029 -0.095175 0.495042 0.0661614 -0.0991103 -0.45716 0.462874 0.313884 -0.0412498 -0.155808 0.242876 0.499529 0.0351134 -0.251966 -0.319216 -0.145409 0.0441056 0.150543 0.2415 0.111405 0.321992 -0.123275 0.414632 0.202649 -0.0749962 0.225032 -0.0124937 0.365231 0.126127 0.215766 -0.424532 0.0202136 0.20094 -0.0646949 -0.0809203 0.145092 0.445017 0.0506624 -0.00126655 -0.169588 -0.388543 0.175463 -0.267384 0.0637557 0.22757 -0.0624213 0.298098 -0.269732 -0.467879 0.303355 
vermicelli pasta -0.024669 0.239114 -0.4258 -0.0221448 -0.325693 0.358674 -0.0786056 -0.227522 -0.418422 0.452365 -0.415218 0.0712767 0.257208 0.279677 0.176417 0.273168 -0.0672648 0.338437 0.240434 0.585601 0.00842316 -0.499191 0.358877 0.0369414 0.193677 -0.163579 0.039531 0.349704 0.266135 -0.582926 -0.203151 0.151388 0.0293833 0.0811243 0.323821 0.287764 0.151162 0.183779 0.129645 0.173399 -0.52483 -0.537249 0.263898 0.282215 0.40072 0.240153 0.0563696 -0.0652643 -0.134258 -0.476776 -0.248924 -0.42188 -0.294702 -0.25627 -0.0699777 0.331368 0.229233 0.134403 -0.439078 -0.17172 -0.0855612 0.439574 -0.133296 0.766843 0.272454 -0.0864783 0.0745735 -0.110527 -0.0946905 0.437216 -0.135244 -0.220144 -0.0759898 -0.644803 -0.499619 0.269137 0.0635264 -0.546676 0.383929 0.396141 -8.40752e-06 -0.215229 -0.578522 -0.250352 -0.0218552 0.454692 -0.178432 0.175187 -0.0120731 -0.443793 -0.22164 -0.143929 -0.0247281 0.334457 -0.163661 0.324985 -0.0382153 -0.399776 -0.315549 0.108218 
filo pastry -0.0868015 0.212206 -0.0134919 -0.324314 -0.191622 -0.490475 0.399912 0.442822 -0.457456 -0.0188645 0.213534 -0.171856 0.213611 -0.202234 -0.288864 0.106265 -0.273022 -0.157796 -0.0037299 0.141908 -0.338319 -0.233967 0.307195 0.0360713 -0.497168 0.265456 0.0971542 0.279022 -0.305406 -0.465668 0.394788 -0.132909 0.369085 -0.295418 -0.483572 -0.127008 -0.148465 -0.242449 -0.131992 -0.493922 -0.286027 0.164455 0.159056 0.190847 0.14116 -0.487413 0.059124 0.166196 -0.358634 0.304082 -0.252997 -0.0839861 -0.141532 0.0980835 -0.151794 0.386924 -0.274391 -0.326352 -0.324559 0.0645719 0.161845 -0.396833 0.120119 -0.295576 -0.000708798 0.189227 -0.31328 -0.174724 0.130216 -0.499738 -0.0215404 0.201545 -0.349832 0.348275 -0.175257 -0.378824 0.302625 0.10938 -0.150962 -0.291308 -0.145444 -0.231447 0.345029 -0.227597 -0.49888 -0.240981 -0.147138 -0.472041 0.411321 0.452499 0.431936 0.138809 -0.354729 -0.409936 0.129263 0.309439 0.410719 -0.472478 0.102617 0.209523 
black olives 0.076121 -0.316855 -0.151705 0.064628 0.584791 -0.0661532 0.552727 0.102772 -0.0830202 -0.190261 -0.12813 0.24473 0.235341 0.226709 0.33197 0.212021 0.222168 -0.0874453 -0.181972 0.224906 0.182538 0.392855 0.617871 0.191754 -0.0968883 -0.140335 -0.20344 -0.304632 -0.312409 -0.439744 -0.0112421 0.0856806 0.17675 -0.0893396 -0.316687 -0.00530401 -0.263372 -0.0723702 -0.170063 -0.0227381 0.249505 0.433278 -0.475594 -0.285307 -0.266132 -0.303176 -0.147497 -0.0650289 -0.27068 0.269124 0.10081 -0.101479 0.443259 -0.316715 0.39433 -0.360759 0.0817865 -0.316011 0.528814 -0.192229 0.157933 -0.0753362 -0.20032 0.446836 -0.461471 0.146659 -0.483818 -0.282544 -0.23798 0.34134 -0.190921 -0.279551 0.208315 0.330856 0.0306266 -0.304804 -0.435677 0.322033 -0.549973 -0.249234 -0.343404 0.235568 0.180642 -0.565187 -0.35755 -0.247575 0.218545 -0.146328 0.335622 -0.20216 -0.492286 -0.45788 -0.565125 0.0961186 0.589356 -0.378913 -0.0183124 -0.0204854 0.249882 -0.120405 
pilchards -0.352807 0.387627 0.166105 -0.311708 0.178835 -0.381509 0.0318651 0.0761435 -0.177557 -0.132567 0.166888 0.596123 -0.493032 0.00266994 0.434586 0.0599847 -0.212798 0.160859 -0.109217 -0.175454 0.0964467 0.327574 -0.0127802 0.0662355 -0.504371 -0.229349 0.38974 -0.395576 0.245569 -0.446627 -0.0767703 -0.341321 0.340687 -0.444889 -0.286729 -0.0731311 -0.439946 0.395956 -0.478942 -0.452836 0.606473 0.300253 0.224566 0.438624 -0.158857 0.00239765 -0.473217 0.189259 -0.74075 -0.251879 0.052252 -0.374503 0.369866 0.367216 0.0534633 -0.272894 0.215437 -0.0532486 0.202476 0.279464 -0.122998 -0.6514 0.350849 -0.184896 0.183974 0.0241054 -0.162384 0.208848 0.0666603 0.10393 0.225429 -0.532855 0.437346 0.235061 -0.265169 0.309684 0.0954197 -0.471111 -0.0355986 -0.285821 0.0546224 -0.248278 -0.0494074 0.0163994 -0.215447 -0.376379 0.318161 -0.0292163 0.371052 0.34523 0.160291 0.369529 0.0566268 -0.373202 0.47591 0.831983 -0.0739274 0.136905 0.0490546 -0.535653 
Lamb Rogan josh 0.344779 -0.60993 0.479728 -0.277961 -0.428113 -0.327993 0.0849194 0.123139 0.126666 -0.17769 -0.019729 -0.406517 -0.372233 0.170372 -0.436456 -0.0247117 -0.171407 0.561621 -0.282556 0.119085 0.161186 0.384915 -0.116542 0.230517 0.196966 -0.439041 -0.324561 0.287159 0.332927 0.18373 -0.444279 -0.028221 0.285632 0.234532 0.543744 0.0994956 -0.0944289 -0.465225 -0.36718 -0.286498 0.0406613 -0.276825 -0.174073 0.560283 0.00533198 0.424391 -0.251596 0.372484 0.321729 0.168745 -0.0717726 -0.227188 -0.352361 -0.34774 -0.155809 -0.39396 0.0145289 -0.325391 0.254591 -0.238765 -0.199825 -0.310966 -0.352784 -0.216194 0.198152 -0.176574 0.204893 -0.275227 0.37669 0.444241 0.0416196 -0.370232 -0.204046 0.321044 -0.0818873 -0.0893452 0.117881 0.229116 -0.0467179 -0.530857 0.0860685 0.171724 0.271014 0.415773 -0.194274 0.34794 0.21096 0.392488 0.259661 -0.446502 -0.387375 0.334581 -0.132849 0.0176122 0.293564 0.358587 -0.455336 0.389073 0.313767 0.164433 
Banana Pancakes 0.220837 -0.0871419 0.032079 0.356986 -0.279846 -0.339993 0.0800391 0.0900655 -0.105329 -0.150564 0.423023 -0.376815 -0.226684 -0.237767 -0.284199 0.265105 0.107929 -0.247039 0.313923 -0.430203 0.256189 -0.18072 -0.34286 0.0475399 0.360339 0.370799 -0.212466 -0.183497 -0.481115 -0.419146 -0.0595722 0.29117 0.11046 0.106587 0.109388 0.387958 0.116413 -0.339601 0.0721114 0.201226 0.422886 -0.168023 0.363621 0.310147 -0.31603 -0.136032 0.41306 0.270706 0.496869 -0.205029 0.22677 0.314847 -0.0811182 0.20963 0.0267721 0.057453 0.258796 0.116815 -0.00705601 -0.0251078 0.258882 -0.341296 -0.226511 -0.340268 -0.177084 -0.368456 0.447206 -0.0945015 -0.034286 0.0076647 -0.486659 -0.197589 -0.377254 -0.437699 0.224504 -0.231584 0.26816 -0.369188 -0.229091 -0.201784 0.256525 -0.379694 -0.377718 -0.105096 0.0220371 0.180873 0.423212 -0.227709 -0.420511 0.307191 -0.174142 0.0698188 -0.341095 0.416129 -0.162419 -0.423143 0.020523 0.297304 -0.25498 0.0207009 
harissa spice 0.459344 -0.456447 -0.121947 0.0491136 -0.360043 -0.0472986 0.106474 -0.197408 -0.0258451 0.480889 0.288091 0.196516 0.094189 -0.312787 -0.45144 -0.226415 0.146439 -0.221471 -0.131569 -0.264641 0.367205 0.0461773 -0.0855619 0.0435765 0.333338 0.167493 -0.101393 0.22491 -0.208344 -0.00627101 -0.250113 -0.379486 0.192232 -0.13679 -0.36618 -0.368287 -0.264269 0.0489421 0.115958 0.273941 -0.341891 0.386281 0.233789 0.218708 -0.347673 0.0368368 -0.134403 -0.0146192 -0.235576 -0.349541 -0.322476 -0.166526 0.498923 0.501758 0.0345134 -0.555222 -0.103641 -0.616774 0.238721 -0.33339 -0.0116648 0.479951 -0.364604 -0.27343 -0.0825004 0.0392745 0.0889239 0.244767 -0.0336654 0.426779 0.344062 0.423278 0.473491 -0.212024 -0.288288 0.302755 0.278507 0.0136989 -0.164024 -0.303823 0.551888 -0.155482 0.286789 -0.343647 0.362563 0.493658 0.0349572 0.148122 0.0704104 -0.247901 0.222906 0.186509 -0.0244404 -0.19203 -0.352064 -0.191486 0.199997 -0.00684058 0.0125643 0.579631 
coconut milk 0.0272622 -0.112535 0.0931949 -0.0251356 0.417919 -0.321942 0.524824 0.00810055 -0.0712816 0.156468 -0.532334 -0.609468 0.412579 0.254223 0.405362 0.106706 0.118429 -0.218921 0.392148 -0.167665 0.281423 -0.147174 -0.212515 -0.0856092 0.14109 0.175483 0.0552114 -0.468915 0.0365918 0.0842556 -0.631173 0.245137 -0.300494 -0.327126 0.226392 0.346076 0.362622 0.0711813 -0.0764914 0.45525 -0.892769 0.0588233 0.752176 -0.38252 0.229419 0.0505725 -0.142708 0.406938 -0.0210692 -0.213887 0.223705 -0.561254 -0.507114 0.452074 -0.344461 0.340572 -0.158136 -0.0186248 0.545718 0.409921 -0.2296 -0.518435 -0.194693 -0.725284 -0.502595 -0.0653731 -0.364905 0.146157 0.0207563 0.706539 0.0894926 -0.131064 -0.40251 -0.347545 0.729469 -0.364235 0.170017 -0.115199 0.282057 0.521663 -0.12348 -0.313789 -0.52779 0.348654 -0.120647 -0.0840291 -0.0896344 0.149704 0.429446 -0.886538 -0.439082 0.411323 -0.0592447 0.172863 0.490082 0.480682 -0.616079 0.54335 -0.0825942 0.240723 
caramel -0.129609 0.337359 -0.838122 -0.00324216 0.0940238 0.28398 0.36375 -0.231792 -0.393589 -0.0401166 0.462486 0.418827 0.112325 -0.276453 -0.419886 0.527986 -0.236719 -0.593147 0.35204 0.306456 0.472742 0.228393 -0.325044 0.221192 -0.552186 0.440893 -0.106478 -0.31997 0.285468 -0.135026 -0.19052 0.0361416 -0.428138 -0.267322 -0.411591 -0.214106 -0.114385 -0.551807 0.411703 0.286408 -0.0824554 0.125468 0.073152 0.271482 0.417199 -0.398738 0.333992 0.19825 -0.120099 0.295335 -0.224139 -0.152374 -0.0528404 0.342732 -0.202073 0.14836 0.0508324 0.181125 0.103492 -0.427529 0.028143 -0.381469 0.521124 0.408174 -0.0133682 -0.163789 -0.00258444 -0.730413 -0.496848 -0.342661 -0.0595015 0.21806 -0.252323 0.588252 0.320464 0.274263 -0.479983 -0.153188 0.267264 -0.24309 0.374024 -0.153043 0.212491 0.2163 0.0921186 0.366107 0.570823 0.202477 0.373911 0.585285 0.281927 0.20044 0.772063 0.248968 -0.151938 -0.12526 -0.217564 -0.277193 0.571556 0.512952 
Venetian Duck Ragu 0.111767 0.439081 0.289908 -0.620036 0.633717 0.262981 0.461564 0.432181 0.144017 -0.101675 -0.174268 -0.0558341 0.158383 -0.122271 -0.182709 -0.307265 0.209498 0.407188 -0.0617258 0.00830498 0.3132 -0.359492 0.43162 -0.147585 0.0255828 -0.0756017 0.0222157 -0.257556 0.043244 -0.232866 0.0970513 0.459329 -0.228337 -0.502231 0.0868278 -0.198634 0.281165 0.00653768 -0.191861 -0.345958 0.0232042 0.127655 0.437437 -0.412653 0.212028 -0.629804 0.613799 -0.402955 -0.224735 0.234045 0.0297206 -0.175208 -0.218172 -0.0586701 -0.0943799 -0.264754 -0.587996 0.333491 0.15805 0.215874 -0.383873 -0.378719 -0.320453 0.187918 -0.214192 0.12065 -0.0198999 -0.263976 -0.221802 -0.0248144 -0.0765125 -0.116172 0.353479 -0.378749 0.184265 -0.0486566 -0.0801283 0.460934 0.189424 0.0801268 0.401948 0.511135 0.148893 -0.260417 0.0519333 0.327409 -0.425315 -0.192074 0.162069 0.533897 0.532338 0.454035 0.119655 0.132229 -0.239677 0.286215 0.312532 0.235959 0.292211 0.266375 
star anise -0.0732803 0.0375901 0.39191 0.47538 0.46069 0.386541 -0.102886 0.327903 -0.24927 -0.234639 0.319038 0.40278 -0.124527 -0.351557 -0.336288 0.263767 -0.259396 -0.337368 0.171475 -0.449419 -0.0281834 0.244304 0.184209 0.455976 0.0464823 -0.260963 0.333764 0.0426473 -0.322167 -0.0230358 -0.359031 0.135517 -0.0451477 0.404875 -0.063275 -0.269652 0.307958 0.430173 0.215385 -0.296476 0.0864416 0.41205 0.311789 0.380732 0.355456 -0.199901 -0.163491 -0.28842 0.202544 -0.254912 0.102678 -0.0818465 -0.493284 -0.261016 -0.0939847 0.284489 0.194982 -0.130365 -0.329737 0.488392 0.133502 -0.365473 0.00319224 0.223298 -0.442402 0.454086 -0.371126 -0.408811 0.0433164 0.222575 -0.415582 0.272008 0.188491 -0.296387 -0.258585 -0.264552 0.334341 0.416023 0.431782 -0.159951 -0.340773 -0.407199 0.257353 0.212655 -0.414739 -0.447881 -0.165023 0.217606 0.119258 -0.34891 0.0631611 -0.477151 -0.182981 0.48928 -0.285396 -0.300122 0.489378 0.039691 0.481414 0.373485 
duck legs -0.294818 -0.335714 0.213083 -0.358671 0.397615 0.327231 -0.162788 -0.0375659 0.13856 -0.310667 0.31192 -0.467579 0.0303924 -0.343906 -0.327103 -0.0739653 0.00873141 -0.571657 -0.168997 -0.51088 0.221545 -0.244422 -0.486014 0.313279 -0.583598 0.516038 -0.368921 -0.00367235 0.229645 0.0134716 0.61117 -0.157896 0.705692 0.40947 0.402523 0.644492 0.109273 0.180002 -0.0348336 -0.237128 0.224675 0.396 -0.0591663 0.0247652 -0.0538868 -0.479237 0.791902 -0.051017 -0.22617 0.298742 0.282508 0.0598104 -0.111631 0.120818 0.399322 0.48769 -0.224648 0.172681 0.104642 0.457919 0.386413 0.392955 0.226976 -0.171421 0.199761 0.15625 0.345885 0.0211604 0.406532 -0.210284 0.512083 0.240493 0.0150774 -0.678533 0.409221 0.518711 0.197467 0.0207567 -0.558037 0.276902 0.355139 0.472141 -0.18657 -0.254347 -0.0300222 -0.632282 0.222387 0.374673 0.51204 -0.449306 -0.110055 0.0440543 0.417404 0.180779 0.389448 0.0811726 0.0165661 0.0115567 -0.131167 -0.0316593 
Christmas Pudding Flapjack -0.378042 -0.121431 -0.339907 0.230201 0.0133421 0.404734 -0.0543618 -0.223067 0.18031 -0.0629956 0.238395 0.341999 0.246486 -0.206212 -0.0260917 -0.209671 -0.497696 0.683867 0.0860641 -0.15253 0.602238 -0.27987 0.00819814 -0.229127 -0.092389 0.11734 0.125381 -0.682436 0.00593504 -0.314636 -0.574215 0.283265 -0.0191882 0.349917 -0.324076 -0.0102064 0.193812 0.128183 -0.13499 0.18928 -0.484184 -0.290378 -0.372349 -0.142854 0.692116 0.300679 0.195861 0.191711 -0.271988 0.0928079 0.473784 0.278531 -0.351684 -0.13463 -0.483652 -0.110909 -0.0116673 -0.261754 -0.00262789 -0.368009 -0.568819 -0.642719 -0.358114 -0.11801 -0.00567889 -0.185343 -0.19281 -0.155537 0.123541 0.396448 0.0406982 -0.267805 0.352651 -0.0680482 0.0503843 0.0362927 -0.170246 0.0302566 0.335912 -0.154374 -0.506306 0.28129 -0.137972 -0.0296036 0.312821 0.205411 -0.535747 0.326119 -0.00504786 -0.35985 -0.0963906 0.0514557 0.254528 0.490767 0.0585907 -0.348491 -0.0455044 -0.236477 0.0624748 0.298407 
clotted cream -0.591526 0.255507 -0.629984 -0.567683 0.259896 -0.434389 -0.227366 -0.251769 0.018764 -0.176407 0.394476 -0.143919 0.076299 -0.496028 0.652738 -0.0279902 -0.130517 -0.464601 0.324362 0.0836965 -0.114618 -0.285483 0.127325 0.447736 0.404947 0.558076 -0.202275 -0.0317504 -0.166964 0.44732 -0.378971 0.0693679 -0.331099 -0.494143 -0.065518 -0.385878 0.471998 0.465333 0.66758 -0.374746 0.437272 0.321392 0.442904 0.0879687 -0.284745 -0.57241 -0.236383 -0.383956 -0.416284 -0.262277 -0.701609 -0.0635019 -0.312094 -0.0579427 0.436152 -0.281181 -0.206959 0.0445941 -0.0277846 -0.238249 -0.479289 0.578596 0.291589 -0.160128 0.113612 -0.355395 0.426222 0.16403 0.23105 -0.114294 -0.151667 0.244684 0.422131 -0.238322 -0.222068 0.633751 -0.595487 -0.493045 0.655782 0.529256 -0.182477 -0.561281 0.216324 0.211301 0.443064 -0.418131 0.0552914 0.502196 -0.489927 0.166471 -0.150063 0.437888 -0.086303 -0.201509 -0.178121 -0.0701814 0.433825 -0.355785 0.195039 0.115674 
sugar snap peas -0.639867 -0.235146 0.0214713 -0.494886 0.32466 -0.259781 0.00192256 -0.0889072 0.336167 -0.221139 0.406203 0.480272 0.0183961 0.0557047 -0.303814 -0.198553 -0.206467 -0.492537 0.0116148 -0.123241 -0.298242 -0.0758404 0.00163409 -0.325531 0.233685 -0.657889 0.493961 -0.16901 0.247981 0.260325 0.0219133 0.0916113 0.197023 0.203578 -0.164459 -0.419629 0.388138 -0.218122 -0.0746246 0.016438 0.533786 -0.28155 -0.0379602 -0.203119 0.161471 -0.311039 0.32435 -0.330188 0.0700327 0.431843 0.184738 -0.0995209 0.459561 -0.294887 -0.355154 -0.119974 -0.00831464 -0.0773314 0.0261682 -0.341763 0.213334 0.197399 0.139416 -0.0464908 0.363838 0.0952349 -0.19458 0.139494 0.0494986 0.262606 0.498305 0.315239 -0.247409 -0.339168 0.0687789 -0.123718 -0.1838 0.0293938 0.263101 -0.126332 -0.12006 -0.408801 0.545149 0.226644 -0.158534 0.317175 0.0583972 -0.187927 0.162507 0.0765922 -0.346625 0.29111 0.110211 0.077776 -0.0150128 -0.406923 -0.0456278 -0.420758 -0.521774 0.308594 
rapeseed oil 0.194027 -0.238051 0.390636 0.47873 0.528789 -0.292098 0.246275 -0.0604092 -0.0226557 0.184997 -0.249563 -0.293471 0.26293 0.160879 -0.438394 -0.146443 -0.121719 -0.589148 0.0447162 -0.296126 -0.0405518 -0.195641 0.396502 -0.102603 0.408852 0.345312 0.261165 -0.27645 -0.01558 -0.352613 -0.601302 -0.433715 0.0175907 0.324314 0.385053 0.208466 0.427375 -0.426939 0.306472 -0.0912392 -0.109861 -0.503781 -0.0520664 0.130145 0.0363917 -0.127924 0.327608 -0.0732697 -0.575261 0.566222 -0.147529 0.423132 0.254039 0.016843 -0.25664 -0.175611 0.0345951 -0.0704287 0.0681968 -0.00915651 0.44723 -0.0551893 -0.38229 0.162239 -0.253649 0.161674 -0.415814 0.141161 -0.28735 0.327957 -0.253114 -0.0205181 -0.374042 0.764864 0.414593 -0.137019 -0.00116355 0.0773241 -0.121221 0.378881 -0.319582 0.531232 -0.128004 -0.42034 0.716134 -0.179306 -0.356941 0.701938 -0.341022 0.34131 0.552064 0.223657 0.0729533 0.06773 0.0300399 0.193015 0.60227 0.00601149 -0.647778 0.0075359 
dill pickles -0.474474 0.212142 -0.302455 0.29015 0.175278 -0.0962913 -0.440651 0.157656 -0.292923 -0.0826435 -0.102313 -0.375301 0.448207 0.110216 -0.349492 -0.056996 -0.151183 -0.0954993 -0.235216 -0.186564 0.373714 0.466936 0.224047 -0.310699 -0.0616123 0.268248 0.00275091 -0.373104 -0.398183 -0.209552 0.199138 -0.274403 -0.420393 0.331962 -0.422316 0.277535 0.123671 0.43161 -0.0986458 0.351847 0.368228 -0.475815 0.42868 0.10986 0.0302414 -0.227312 -0.29452 0.266144 -0.174124 0.143125 0.230334 0.125843 0.450316 0.318658 0.0314313 0.288987 -0.327236 0.393172 -0.350547 -0.173198 -0.0654096 -0.0150869 -0.160084 0.323759 -0.159058 0.211429 -0.378605 0.405364 0.378133 -0.428184 -0.268703 -0.157816 -0.133657 0.0641167 0.21477 -0.389851 0.276442 -0.406192 0.0282981 0.302142 0.0951848 -0.494628 0.406471 -0.270609 0.0351742 0.275608 -0.342013 0.132489 0.00318525 0.104173 0.136418 0.314618 0.227203 -0.279793 -0.357596 0.364341 -0.156084 -0.262371 0.0201901 -0.381254 
lean minced beef -0.0156522 -0.392558 0.132329 -0.129973 0.445202 0.674352 -0.490728 0.394071 0.0934398 0.0881727 0.127199 -0.181597 0.215724 -0.500328 0.205492 -0.0613776 0.319741 0.470675 -0.0184901 -0.584869 0.00693784 -0.0426773 -0.186013 0.355833 0.0925577 -0.32655 0.114435 -0.136654 -0.29394 -0.214084 -0.0892444 0.557736 -0.394415 0.106064 -0.108411 -0.433931 -0.062476 0.203201 0.227832 0.263204 -0.281859 -0.619253 0.00672949 0.422516 0.052682 0.564031 0.0611943 -0.436373 0.422573 0.808007 -0.107836 0.37288 0.0362769 0.213957 -0.0220956 0.383523 0.209227 0.220767 0.0477829 0.723471 -0.095258 -0.405251 0.259082 -0.0141892 -0.0535688 -0.297614 0.197157 0.367794 0.216642 -0.104247 0.777041 0.184624 -0.180753 -0.162001 0.165189 -0.189949 0.391815 -0.27733 -0.476595 0.265237 0.00147102 -0.249396 -0.218243 -0.598555 -0.30709 0.26281 -0.244043 0.127109 0.301776 0.0272333 0.366941 0.342085 0.338097 -0.183048 -0.390534 -0.0381085 -0.162467 0.318835 0.397252 -0.263646 
Lamb Tagine -0.356454 0.329466 0.0219054 0.344544 -0.0259362 -0.097262 0.116067 0.353825 -0.0875424 0.3402 -0.381029 -0.152139 -0.00548603 0.143129 -0.00480799 0.0246074 -0.530262 -0.399683 0.465875 0.152994 -0.596217 -0.372975 -0.109114 0.378915 0.0811142 0.273625 -0.128929 -0.411977 0.196664 -0.416611 -0.448608 -0.236848 -0.559527 0.00448319 0.292739 0.20278 0.0643269 -0.487904 0.48805 -0.469447 0.483255 -0.167561 0.62094 -0.276966 -0.116381 0.342571 -0.316125 0.0223712 -0.0355823 -0.11012 0.115003 -0.0343838 -0.570181 0.334155 -0.221347 -0.0436408 0.0338173 -0.219713 0.151319 0.355695 -0.240686 -0.116729 -0.224528 0.0201611 0.343214 -0.441994 -0.580346 -0.0786145 0.275394 -0.396648 -0.363587 -0.00718279 -0.0111563 -0.349253 -0.0456816 -0.565345 -0.556249 0.307344 -0.195717 0.0820692 -0.404447 -0.0306599 -0.460962 0.0899486 -0.113704 0.312478 0.361644 -0.30159 -0.32756 -0.396257 0.510254 0.272518 0.261799 -0.0648388 0.158682 -0.180412 0.236154 0.0868125 0.438788 0.163793 
butternut squash 0.126635 0.163292 0.250021 -0.200393 -0.30324 -0.0793112 -0.0986966 -0.457602 -0.253311 0.60483 0.0895981 -0.476624 0.264829 -0.33681 0.0211977 -0.538421 -0.450353 -0.0672623 0.282964 0.393008 -0.787949 0.232461 -0.160724 -0.513225 0.222798 0.4071 0.53372 -0.503506 -0.189045 -0.379782 0.424696 0.00671831 0.104821 0.0274091 0.218203 0.182151 -0.083031 0.228533 -0.322713 -0.514277 -0.0967834 -0.438592 0.228626 0.380699 0.442109 -0.638139 -0.412935 -0.039602 -0.189478 -0.312914 -0.420711 -0.262799 0.384559 -0.00450865 0.0330963 0.040555 0.0959941 -0.4084 0.300501 0.214062 -0.0661702 -0.164356 -0.138384 -0.139016 -0.0323259 -0.732216 0.218644 0.31104 -0.243348 -0.183205 0.15622 0.122138 0.3667 -0.0127997 0.571152 -0.0303689 0.399804 0.378401 0.128458 0.183512 0.152236 -0.033109 -0.239877 -0.0672209 -0.145484 -0.398075 0.212463 0.294421 -0.392498 0.251505 0.565366 0.13958 -0.407594 -0.339631 -0.33506 -0.0693236 -0.162893 0.124122 -0.0363313 0.252255 
Chocolate Avocado Mousse -0.16335 -0.352689 0.0508619 0.262587 0.283622 -0.469406 0.307852 -0.0878642 0.222062 0.467691 0.252995 -0.122253 0.137447 0.117642 0.219364 0.191827 -0.319053 0.203815 -0.215779 -0.476285 0.191929 0.36011 -0.490988 -0.0963192 0.414214 0.180621 0.297551 0.494365 0.368603 -0.411276 0.0385883 0.399961 -0.47778 -0.284375 -0.242974 -0.215226 -0.295181 0.423141 -0.489306 0.127906 0.222598 -0.198629 -0.472768 -0.38944 -0.0104064 -0.204717 0.0939072 -0.0393345 0.453011 0.220271 0.122855 0.0300864 -0.23622 0.287113 0.28573 -0.486316 0.420916 0.155987 0.312253 -0.0361442 -0.353645 -0.281543 0.460451 -0.123276 0.491615 -0.395664 0.386245 -0.457435 0.380551 -0.0363234 -0.432141 0.154828 0.0990006 -0.262581 -0.216269 -0.43202 0.269754 0.170849 0.279395 -0.215124 -0.430083 -0.225921 0.470149 0.44356 0.213214 -0.317277 -0.248752 -0.136897 0.075658 -0.357535 0.121801 0.332991 0.0196288 -0.292593 -0.464524 0.426787 -0.365747 -0.256901 0.0920571 -0.112287 
couscous -0.135139 -0.220291 0.0691512 0.0363475 -0.361587 -0.381016 0.295257 0.304802 0.211862 0.247873 0.422223 0.0462538 0.202759 0.37435 0.357318 -0.186444 0.369522 0.510151 0.51014 0.122262 -0.265683 0.214968 -0.216806 -0.610969 -0.0755585 -0.027555 -0.445561 -0.181049 0.271133 0.430841 0.425891 -0.0585554 -0.0351285 -0.300733 0.110041 -0.145539 0.405381 -0.0759042 -0.337632 -0.239648 -0.0757608 -0.0804724 0.00592484 0.159474 0.643082 -0.458169 -0.122125 0.575111 0.188878 -0.463773 0.0315334 0.0536808 -0.192684 -0.128618 0.484059 -0.379988 0.336288 0.235476 0.104098 -0.0622731 -0.347237 0.400937 -0.505122 -0.189926 -0.522053 -0.61344 0.569661 -0.119006 0.419027 0.57046 0.12096 0.390039 0.302236 0.0964673 0.411607 -0.398555 -0.0212237 -0.229827 -0.254846 -0.319852 -0.407662 -0.278094 -0.437301 0.111343 -0.124111 0.302119 -0.450828 0.329468 0.0820603 -0.717092 0.480356 -0.157608 0.134988 -0.494014 -0.421306 0.0853799 -0.195352 -0.476091 -0.141064 -0.0318858 
Lasagne 0.139196 0.334005 0.27547 0.494249 0.283336 0.434498 -0.371685 -0.00861833 -0.0127553 -0.324878 0.421655 0.0262954 0.324513 0.404393 0.437546 0.283856 0.0981526 -0.150115 -0.467713 -0.378732 -0.119758 0.154366 0.357219 -0.0707407 -0.0957633 -0.300452 -0.12649 -0.101647 0.477903 0.00900597 -0.223967 0.0858475 0.371963 -0.413874 -0.288594 0.273951 0.150434 0.171786 0.264657 0.0375794 0.0988903 0.169204 -0.492412 0.339719 0.454317 -0.408925 -0.0223363 0.210228 -0.20807 -0.356568 0.490406 -0.190818 -0.340086 0.248042 -0.260918 -0.300616 -0.237289 -0.188458 -0.277037 -0.336754 0.323596 0.253324 0.2865 -0.480129 -0.0161786 0.175544 -0.210922 -0.199648 0.484662 0.334922 -0.259647 -0.339499 -0.442638 0.134336 0.167915 -0.333424 0.467623 0.496312 -0.389389 -0.148412 -0.441638 0.41222 0.29534 0.377562 -0.0129227 0.445671 0.323278 -0.458067 0.422205 -0.495776 -0.306461 -0.493595 0.289548 0.328848 -0.452628 -0.229143 0.169078 -0.321963 -0.471485 -0.193015 
minced beef 0.422376 0.064477 -0.315486 0.0594216 0.129761 0.233461 0.0932886 0.29287 -0.494881 0.376561 -0.291309 0.440142 0.312363 0.043801 0.207211 -0.45665 -0.200556 0.069023 -0.24032 0.325933 0.199677 0.47923 0.310256 -0.132169 -0.0532415 0.414807 -0.255738 0.0618197 -0.129764 -0.128483 0.121837 0.263606 -0.146093 0.212127 0.11248 -0.0344821 -0.020951 -0.366136 0.36264 0.421635 -0.469059 0.378781 0.0222604 -0.00748911 0.492736 0.072034 0.0693166 0.387407 -0.0966885 -0.281669 0.114133 -0.34131 0.0457509 -0.0609771 -0.375693 -0.487747 -0.372687 -0.440439 -0.475065 -0.0684642 0.400688 0.133229 0.173733 -0.131911 0.270967 -0.158275 -0.411534 0.1785 0.302439 -0.438373 0.301005 -0.0951853 -0.3078 0.454802 0.193954 -0.460761 -0.31956 -0.375369 -0.460003 0.365828 0.474775 0.427665 -0.363512 -0.167984 0.320452 -0.0202841 -0.312074 0.397173 -0.49342 -0.437984 0.201545 0.0630193 0.23317 0.44642 -0.0167728 -0.221275 -0.193222 -0.053383 -0.394422 0.232476 
Turkey Meatloaf -0.43862 0.395098 -0.0424578 0.301854 0.251246 0.212561 0.0566612 -0.436128 -0.417315 0.406634 0.109364 -0.145406 0.0499883 -0.441002 -0.0934251 0.426777 -0.384929 0.414927 0.307166 -0.12799 0.200386 -0.435363 -0.378568 0.495482 0.0160093 -0.499153 -0.104897 -0.331133 0.194502 -0.0841226 -0.207984 -0.391038 -0.31496 -0.264126 0.392943 -0.405745 0.448966 0.457799 -0.430574 -0.0624439 0.374626 0.0634153 -0.214069 -0.0379486 -0.415801 0.427309 -0.285081 0.216854 0.103481 0.380979 -0.26288 -0.107701 0.193816 -0.233545 -0.281948 0.163908 -0.417781 -0.0464873 0.17431 0.365526 0.0353243 -0.310739 -0.366479 -0.0466554 -0.434802 -0.212318 0.3631 0.0544938 0.163538 -0.230595 -0.0833748 -0.37774 0.178547 0.114098 -0.427985 0.490207 -0.357543 0.0968636 -0.402256 -0.183538 -0.142182 0.355909 -0.491723 -0.233392 -0.473022 -0.136631 0.496563 0.145838 0.401949 -0.10486 0.471416 0.120954 -0.276013 0.460073 -0.032442 -0.213494 -0.220412 0.117434 0.392972 0.291599 
barbeque sauce -0.373979 0.105716 0.0490383 0.285782 -0.0616951 0.0364841 0.279736 0.0133015 -0.0287783 -0.230875 0.167288 0.488013 0.395319 0.0786756 -0.450577 0.0755058 0.175664 0.190727 0.297287 -0.315615 0.489503 0.153526 0.391581 -0.354045 0.336895 -0.49907 -0.436821 -0.153798 -0.376962 -0.0443644 -0.485512 0.270879 0.314099 -0.112063 -0.363817 0.315267 0.240618 0.242144 0.261639 0.300041 -0.276852 0.0179601 0.254369 0.0358278 -0.131175 -0.151833 0.142337 0.406253 -0.477795 -0.10211 0.186165 0.388588 -0.335809 0.0912092 0.220681 -0.448434 -0.337273 0.067569 -0.143832 0.138809 -0.473755 -0.298226 0.346712 0.2557 0.329386 0.105529 -0.441877 -0.349036 -0.211928 0.299427 0.414121 0.307614 -0.315335 0.467507 -0.363417 -0.337393 -0.429989 -0.367866 0.186551 0.00140115 -0.3589 0.374575 0.101508 0.398336 0.179044 -0.00288892 -0.00731922 0.423984 0.399664 -0.0507353 -0.397938 -0.0874624 0.393352 0.0572169 0.180225 -0.424974 -0.0074632 -0.0870427 -0.341375 0.0532398 
floury potatoes -0.176405 -0.14121 -0.245921 0.0516837 -0.626098 0.7778 0.282586 -0.288824 -0.262271 -0.764508 -0.0521012 0.137115 0.537299 -0.624505 -0.404124 -0.197918 -0.00864825 0.131286 0.192826 0.55456 -0.152375 0.334684 -0.123412 0.832917 0.411742 -0.224651 -0.266629 -0.123999 0.0894082 -0.0917702 0.431885 0.141303 0.0851943 -0.433971 -0.392598 -0.39409 -0.261116 0.203371 0.0370958 -0.313681 -0.22467 0.100198 -0.309647 0.0589673 -0.15426 0.162336 -0.0533569 0.154755 0.0726024 -0.340692 0.281312 -0.467218 -0.281522 -0.441279 -0.1904 -0.504843 -0.218121 -0.363292 -0.617992 -0.250962 0.367247 0.259273 0.0411811 -0.286137 -0.144909 -0.748076 -0.488241 -0.393102 0.430778 0.468313 0.385545 -0.372823 0.27453 -0.166188 0.131414 -0.614608 0.341447 0.271127 0.259049 -0.721116 0.357429 0.137923 0.0180877 0.282426 -0.26806 -0.0605136 -0.0104713 -0.28282 -0.487995 -0.0984586 0.672137 0.163512 -0.16073 -0.209341 -0.390497 -0.384357 0.152223 0.0321192 -0.501321 -0.366014 
turkey mince -0.0661482 -0.281573 -0.119589 -0.453207 -0.189983 0.360281 0.163266 -0.357773 -0.123032 -0.175679 -0.423222 0.267429 0.454954 -0.458959 -0.234444 -0.3929 0.178864 0.0941327 -0.177676 0.335484 0.37576 -0.0203668 -0.318643 0.472146 -0.141565 0.0501356 -0.301687 0.026002 -0.220506 0.167287 -0.0914729 -0.333182 -0.0385743 0.312137 0.485539 -0.312525 0.330857 0.218419 0.01934 0.155041 -0.148491 -0.0899414 -0.153366 -0.378728 -0.267152 -0.424087 0.426303 0.336837 -0.00634017 -0.45568 -0.487416 0.171234 0.42133 0.269103 -0.0484604 0.161606 -0.455387 0.0654225 0.264815 0.348104 -0.0981544 0.496616 0.0102429 0.0226601 0.356179 0.351545 -0.415974 -0.247091 0.487901 -0.0534966 -0.432453 0.156843 -0.189002 0.310824 -0.178501 0.119639 0.281166 0.261296 0.0610404 0.199503 0.319187 -0.367564 0.253286 0.361984 -0.499098 0.0606231 -0.203938 -0.29739 0.00779135 -0.0498128 0.217193 0.455998 0.261183 -0.393501 -0.250211 0.398214 -0.332403 -0.430216 -0.0489702 -0.180531 
Chicken & mushroom Hotpot 0.320761 -0.127218 -0.302216 0.0470577 0.376895 0.106438 -0.11348 -0.358079 0.310887 -0.251995 0.309953 0.201464 0.369201 -0.369842 -0.0713064 -0.16761 -0.0752842 -0.312225 -0.330107 0.454201 0.257684 -0.197378 -0.168948 0.329757 0.473335 -0.470613 -0.362739 0.0743169 0.211918 -0.168303 -0.428103 0.281064 0.416186 -0.271297 -0.0890367 0.280727 0.112312 0.0285152 0.244344 0.335641 0.314099 -0.248637 0.055415 -0.105591 -0.411305 0.0712239 0.203959 0.391688 0.338448 0.0302996 -0.36991 0.287563 -0.0972795 -0.100939 0.412315 0.189525 -0.296379 0.311272 0.160836 -0.432044 0.41876 0.130161 -0.0176415 -0.0997216 0.384434 0.00646088 0.391114 -0.262935 0.275516 -0.284183 -0.02561 -0.0871593 0.0703227 0.225606 -0.441516 0.448943 -0.197561 -0.0580078 -0.168816 0.364111 -0.28129 -0.471757 0.0167365 -0.440884 -0.193404 0.351727 -0.488157 0.125623 0.422652 0.472064 -0.0729029 0.0171387 -0.194706 -0.120081 -0.129164 0.211283 -0.21593 -0.452751 0.425542 -0.292747 
Pork Cassoulet -0.16797 -0.179444 -0.423686 -0.111523 -0.28126 0.427477 -0.107774 0.115901 -0.0271478 0.46741 -0.365837 -0.0225486 0.0834391 -0.329825 -0.242187 0.0413496 -0.19628 0.104913 -0.0812046 -0.0738754 0.449642 -0.228121 0.443069 -0.431649 -0.428473 -0.260509 -0.438693 0.175572 0.461053 0.428454 0.0965179 0.200646 -0.409358 0.277603 -0.264728 0.445037 0.0421064 -0.483772 0.0136671 -0.45136 -0.237591 0.10329 0.128675 -0.306032 0.386863 -0.189977 0.0139083 -0.377883 0.245097 0.122033 -0.0495579 0.373231 -0.0634945 -0.179854 -0.22164 0.428839 -0.205865 0.435717 -0.266995 0.491667 0.383437 -0.12931 -0.155321 -0.0512342 0.35972 0.439239 0.105875 0.208381 0.0197191 -0.460911 -0.0532831 0.34871 0.490896 0.405746 -0.000672826 0.220285 0.492111 -0.0154989 0.0718648 -0.342912 -0.145631 -0.172061 -0.0692968 0.0177636 0.253906 0.43966 -0.33903 0.303591 -0.218963 0.279732 0.128726 0.307308 -0.217471 -0.0303782 0.182757 -0.196471 0.084403 0.367045 0.267589 0.360763 
Portuguese custard tarts 0.255319 0.142408 -0.00651152 -0.257112 -0.397562 -0.305988 0.0673584 0.238484 0.0372805 0.178085 0.348669 0.256068 0.390884 -0.021681 0.15877 0.137325 0.29482 0.102954 -0.327256 0.169933 -0.359442 -0.203353 -0.297507 0.161981 -0.326034 -0.0851084 -0.257004 -0.103873 0.175685 -0.199084 0.295529 0.110345 0.357532 -0.153397 0.301366 0.115989 -0.000303988 -0.117709 0.336704 -0.136947 0.163614 -0.402053 0.0578585 0.497813 -0.318361 -0.449091 0.252347 0.24903 0.217095 -0.111832 -0.0108188 0.118636 0.378812 -0.285461 -0.421043 0.0488713 0.445033 0.338932 -0.345958 -0.0349048 -0.218252 0.488483 0.165353 -0.296965 0.0177504 -0.0515967 0.0316158 0.161344 -0.234804 0.327265 0.20426 -0.0969149 0.356421 0.292608 -0.146763 0.199634 0.154936 -0.208162 -0.160943 0.0761375 -0.343999 0.117491 0.198602 -0.448924 -0.299265 -0.139785 -0.0512965 0.0966285 0.48076 -0.191235 0.195131 -0.0572726 0.448706 0.110159 0.0415746 -0.210029 0.344389 0.248547 -0.0780685 -0.473509 
haricot beans 0.447488 -0.32608 -0.104757 0.218867 0.216535 -0.446124 0.176533 0.0417098 0.252787 -0.280883 -0.225294 -0.438688 0.461706 -0.397437 0.116624 -0.129386 -0.180904 0.292855 -0.249366 0.473965 -0.178965 0.252417 -0.170335 -0.255636 -0.288734 0.320829 0.0795096 0.152662 0.100569 -0.190031 0.158543 0.0209422 -0.301882 0.097112 -0.413828 0.165645 0.211234 -0.171266 0.384576 -0.365897 0.16281 0.272916 -0.428715 0.281661 -0.114734 -0.0696843 0.297404 -0.265632 0.32041 0.260621 -0.144805 -0.315043 -0.149231 -0.31767 -0.238729 -0.330167 0.416805 -0.0247033 -0.22911 -0.0848065 0.0364888 -0.374008 -0.319512 -0.19118 -0.0101576 -0.328369 -0.343554 -0.423773 0.411934 -0.475649 0.12053 0.496467 -0.418018 -0.441125 0.229554 -0.150966 0.45747 0.15964 0.330432 0.0187077 0.0163261 -0.184972 -0.412546 -0.141654 0.154141 -0.0743845 0.215927 -0.154515 0.43937 -0.00329013 -0.228659 -0.446981 -0.273195 -0.248518 0.333533 -0.272469 -0.00622261 0.311239 0.407589 0.169496 
red wine vinegar 0.250022 -0.0317731 -0.230001 0.167485 -0.403978 -0.465883 0.122415 -0.386479 0.0384316 -0.118052 0.083627 0.197752 0.348882 0.147747 -0.0597133 -0.368629 0.158035 -0.37334 0.274935 0.28948 0.203264 -0.138528 0.0274283 -0.449272 0.355969 -0.227913 0.0100444 0.040464 -0.262553 -0.00162692 0.498461 -0.0939859 0.259307 -0.415609 -0.139862 -0.19503 0.307256 0.44218 0.265621 -0.271808 0.323486 -0.229586 0.146624 0.450535 0.480299 -0.337201 -0.355111 0.302485 -0.42376 -0.296984 0.382507 0.340951 -0.157042 -0.0904921 -0.476984 0.463855 -0.283434 -0.277385 -0.041381 -0.16376 -0.228846 0.0264748 0.360436 0.134824 0.287875 -0.425276 0.00973016 0.0557084 0.304762 0.224561 0.0221821 -0.264149 -0.369618 -0.167576 -0.330044 0.291398 0.414312 -0.148164 -0.255107 -0.0307292 -0.238088 -0.462967 -0.0725573 -0.397231 -0.12715 0.46942 0.210677 0.131769 -0.0301467 -0.0720717 -0.343276 -0.153134 0.197025 0.00808031 -0.353052 0.338404 -0.208661 -0.283571 0.307596 0.477569 
asparagus 0.276828 -0.475926 0.0607875 -0.275764 0.191442 -0.0976031 -0.0208147 -0.110897 0.264296 -0.0879494 -0.0641005 0.600548 -0.314218 -0.0127585 0.145669 0.138404 0.359191 0.035954 0.119402 -0.328791 -0.262899 -0.244526 0.427096 -0.0981034 0.646872 0.209554 0.0373176 0.434809 0.216168 -0.130591 -0.553111 -0.0537334 -0.268337 -0.262755 0.508729 -0.0014164 0.131753 0.22104 -0.122335 0.458778 0.272049 -0.178362 0.574937 0.432426 -0.324908 0.233416 0.225585 -0.641155 0.324338 0.458689 -0.757638 -0.0797371 -0.0545994 -0.104038 0.274703 0.417835 -0.391459 0.0355724 0.292873 0.272973 0.276283 -0.518002 0.457831 -0.112505 -0.10852 0.143254 -0.146795 0.184156 0.585985 0.109754 0.227704 0.0222855 0.0816503 0.470813 -0.381444 -0.37214 0.514248 -0.304041 0.423833 0.19335 -0.305918 -0.249652 -0.17496 -0.45332 0.133777 0.536747 0.247187 0.538228 0.55509 0.172283 -0.344942 0.46165 -0.359146 -0.166725 0.164703 -0.387648 0.475086 0.535726 0.893887 -0.363294 
Choc Chip Pecan Pie -0.487851 0.449994 0.233202 -0.375127 0.367071 -0.131133 0.340848 0.0140195 -0.363284 0.219797 -0.430966 0.121159 0.126609 -0.0551686 -0.466168 0.234122 -0.490635 -0.418498 -0.217298 0.193978 0.222034 0.306227 -0.253456 0.346219 -0.0442253 0.189425 0.0581488 0.289607 -0.22488 0.285727 -0.398011 -0.301607 0.427214 -0.451037 0.362192 -0.409444 -0.183487 0.315471 -0.0929666 -0.0708398 0.482208 -0.0337861 -0.252871 -0.216898 0.380751 0.0546383 -0.107717 -0.139811 -0.456408 -0.123608 0.102535 0.300771 -0.082382 -0.366503 0.304959 -0.492099 -0.38411 0.0259747 0.0612864 0.216801 0.236637 0.434144 0.243472 0.333161 0.349838 -0.283361 -0.0522919 -0.0761782 0.101351 0.0111722 0.382635 0.371704 -0.463871 0.139215 -0.348913 -0.437936 0.297459 -0.296121 0.157628 -0.475064 -0.424163 0.36875 0.43856 0.467062 -0.211042 0.0119093 0.468251 -0.123923 -0.435118 -0.148401 -0.421078 0.373325 -0.266782 -0.152189 -0.329531 -0.429401 -0.0903587 -0.19069 -0.310897 0.369918 
Vegetable Shepherds Pie 0.289239 -0.375686 0.379251 0.130258 0.0179678 -0.00913848 0.304822 -0.401988 -0.273862 -0.0454173 0.339354 -0.474452 -0.128495 0.222398 0.108682 0.0679433 0.11099 0.10011 -0.468253 -0.135306 -0.0546349 0.28596 0.330458 0.145448 0.0145454 0.123072 0.0699477 0.240991 -0.445509 -0.0473781 0.28568 0.0386397 -0.352816 0.233479 -0.38649 -0.0905498 -0.376615 0.456807 -0.267886 0.16463 -0.31566 -0.201754 -0.335638 -0.362083 0.416597 0.178435 -0.213095 -0.254829 0.0494692 -0.274262 0.168679 0.167879 0.314572 -0.392983 -0.244216 -0.204975 0.00358871 -0.0569615 0.325069 -0.286123 -0.483673 0.404415 -0.143925 0.297772 0.155726 -0.407572 0.404779 -0.454583 -0.392172 -0.307099 0.131951 -0.19877 0.226949 -0.35087 -0.110069 -0.198944 -0.379665 0.334391 0.030081 0.112406 0.216024 -0.311097 0.199032 0.358899 0.125174 -0.0405602 -0.0482998 -0.168383 -0.129928 -0.116784 0.47414 -0.186433 0.331803 -0.40442 -0.0219636 -0.38793 0.45496 -0.473281 -0.251443 -0.315189 
Bean & Sausage Hotpot 0.334892 -0.242465 -0.310089 -0.342115 0.474347 -0.0587107 0.145368 -0.385978 0.17007 0.201536 0.286235 -0.0127697 0.102038 0.320787 0.0766625 -0.432438 -0.0469745 -0.208037 0.356544 0.381792 0.499408 -0.34758 0.0450008 -0.337763 -0.113705 -0.272227 -0.179149 -0.185723 0.273662 -0.24415 0.25025 0.356007 0.0185814 0.308929 0.0347045 0.081775 0.149667 0.285627 0.346251 0.400431 -0.366841 -0.0546899 -0.412311 -0.324752 -0.119947 0.0309733 -0.491768 -0.41639 -0.228296 0.183989 0.0208419 -0.154655 0.378171 0.0365597 -0.273478 -0.242822 -0.210449 0.224386 0.444596 0.45925 0.355506 0.276176 -0.16506 0.123828 -0.00780377 0.173145 0.380841 -0.375191 -0.0424814 0.023745 0.245646 0.151324 0.23315 0.250459 -0.497186 -0.372571 -0.244655 -0.105491 0.400114 0.120029 -0.241246 -0.178121 -0.313349 -0.250603 0.317522 0.339217 0.496977 -0.498303 -0.468299 -0.303353 0.0865738 0.0755956 0.158872 0.0792195 0.109085 0.497086 -0.442664 0.236794 -0.134899 0.0361415 
tomato sauce -0.0140064 0.494331 0.488166 0.0372652 -0.473703 -0.195052 0.0289604 0.498218 0.17782 0.156086 -0.306727 0.435287 -0.0588336 0.188411 0.242967 0.262737 -0.282392 -0.0670364 -0.0371305 0.114978 0.167281 0.102685 -0.0857509 0.142187 0.383741 0.371798 0.211563 -0.109171 -0.2454 -0.280328 0.267528 -0.110161 0.252969 0.491591 -0.288887 -0.0794072 -0.102346 0.0111538 -0.226895 -0.278562 -0.453221 -0.135095 -0.30194 0.396961 0.419925 -0.0526647 -0.205561 -0.216609 -0.356892 -0.298942 0.255481 0.47305 -0.183574 -0.0119857 -0.136227 0.479478 0.363499 0.456575 0.488256 -0.0563228 -0.0485363 0.182068 0.272723 0.489806 -0.0821037 -0.385873 0.0525012 -0.1619 -0.0324506 0.018919 0.0230564 -0.176207 0.200781 0.162755 -0.295382 -0.196569 -0.444326 0.377418 -0.231502 0.0683045 -0.386608 -0.391785 -0.370929 0.0217073 -0.191376 -0.472832 -0.274405 0.407778 -0.103633 -0.25647 -0.185798 0.299161 -0.393921 -0.123467 -0.017853 -0.479169 -0.00215138 0.249969 -0.105919 0.125889 
Sledz w Oleju (Polish Herrings) -0.490059 -0.120009 0.0528538 0.465183 0.238131 -0.0398466 -0.280238 -0.360218 -0.314432 0.329934 0.255596 0.238779 0.01686 0.359855 -0.0134862 0.330533 0.43029 -0.3713 0.484481 0.259397 -0.150557 -0.47853 0.209297 -0.0846245 0.159438 -0.466144 -0.494026 0.229785 -0.0754644 -0.20635 -0.419289 0.253194 0.340393 -0.385008 0.476428 -0.234331 0.0178471 -0.367683 -0.0123204 0.0992217 -0.467774 0.445734 0.445792 0.0222248 -0.413704 -0.0165988 -0.262965 0.256036 -0.211023 0.118749 -0.146659 0.182854 0.170845 0.290904 -0.400973 0.406467 0.441851 -0.20776 0.044569 0.295791 -0.493215 -0.464729 0.333631 -0.140951 -0.188541 -0.0158387 0.369403 0.152022 -0.291405 0.0976633 0.30822 -0.341931 -0.430011 -0.147819 0.202113 -0.279234 0.491555 -0.395709 -0.123424 -0.206509 -0.408524 -0.0863132 -0.24247 0.349911 0.275878 0.354952 -0.466865 -0.432295 0.494301 -0.265799 0.353848 0.141183 -0.217814 0.391782 -0.496815 -0.2781 -0.373289 0.012524 -0.366083 0.373879 
mozzarella -0.194287 -0.156798 -0.394454 0.445508 0.410897 -0.397267 0.0537841 0.0751899 0.254001 -0.0435634 -0.104677 0.445968 -0.305844 0.0187006 0.331261 0.460406 0.256883 -0.0645749 -0.0797965 0.38913 0.432905 -0.280278 0.472365 -0.293738 -0.333703 -0.455826 0.0702172 0.0973032 0.288864 -0.195229 -0.352431 0.449958 0.173302 -0.280294 -0.350564 -0.456588 -0.0684712 -0.0845531 0.027642 -0.22745 0.449994 0.0571822 0.353496 -0.205807 -0.225212 0.336962 -0.349839 -0.243134 -0.190542 0.0370949 -0.180446 0.458839 -0.212031 -0.324994 0.104248 -0.0275636 -0.0959074 0.337264 -0.124633 -0.303653 -0.396169 0.219037 0.428408 0.491284 0.132706 0.212279 0.220986 0.0686589 0.150794 -0.0316125 -0.353909 0.0271582 0.0614076 0.0608315 -0.46529 0.140447 -0.128817 0.0573624 -0.495559 -0.484505 -0.304491 -0.200581 -0.219503 0.101611 -0.302349 0.0664127 -0.097855 0.402125 -0.473938 -0.358082 -0.362757 -0.197938 0.146284 -0.454349 -0.0697961 0.418346 0.115737 -0.195472 -0.349082 -0.100915 
Saltfish and Ackee 0.479119 -0.399569 -0.111198 0.0957393 -0.0256115 -0.24266 0.164143 -0.486546 -0.14617 0.0235671 0.102148 0.409772 -0.342946 0.306515 0.147226 0.0830638 0.445946 0.405945 0.300373 -0.0236576 -0.442776 -0.371369 0.0202458 0.355932 -0.250276 -0.184043 -0.367949 0.28737 0.149132 -0.307843 -0.232825 -0.274516 0.444605 -0.16396 -0.304856 -0.401466 0.124091 -0.00563243 0.383167 0.374238 -0.490466 -0.359873 0.201692 0.444043 -0.381637 -0.0868462 0.161434 -0.49365 -0.458242 -0.261206 -0.273841 0.399012 0.248817 -0.191007 0.340169 -0.299156 -0.0136074 -0.168058 -0.0184438 0.186703 -0.131272 -0.174929 -0.377886 -0.0777271 -0.444219 0.416225 0.0660704 -0.185172 -0.174398 -0.146155 -0.408916 -0.265698 -0.0323052 0.328715 0.413637 0.24756 -0.10466 0.15838 -0.358342 -0.304835 -0.350775 0.412433 -0.0260067 0.291104 -0.0521595 -0.412288 0.356666 -0.127093 0.4999 -0.140091 0.00868659 0.47943 -0.445534 -0.289327 0.358227 -0.366361 0.244506 0.315275 -0.181016 0.340473 
banana 0.219502 0.0457545 0.412311 -0.0253797 -0.443277 -0.333932 -0.129612 -0.318495 -0.485511 -0.442427 0.270696 -0.344198 -0.343935 -0.115881 -0.291405 -0.00606592 -0.275353 -0.49222 0.184022 -0.20367 -0.349832 0.223869 0.406101 0.473478 -0.0878084 0.000601795 0.137049 0.475416 0.200176 -0.416911 0.223258 -0.108348 -0.423106 0.131506 -0.29139 -0.301975 -0.0624308 0.486561 -0.492395 0.0743726 -0.191818 -0.0555017 -0.496765 -0.303149 -0.0687384 0.42175 -0.0416378 -0.230116 0.201056 0.391725 -0.12017 0.0189791 -0.156922 0.164667 -0.335182 -0.0243977 -0.111853 -0.0331703 0.0519659 -0.342333 0.211731 -0.007786 -0.0548503 -0.492576 0.260889 -0.390127 -0.246354 0.421991 -0.0263758 -0.293575 -0.0868318 0.333648 -0.0539128 0.11631 -0.353413 0.446768 0.437635 0.327374 0.450683 -0.162324 -0.459795 -0.108206 -0.315015 -0.237985 0.250074 0.454534 0.482538 0.120213 -0.0531673 -0.0909542 -0.0264173 0.456488 -0.468048 -0.293058 -0.0346045 0.0528421 0.342114 -0.143486 -0.111709 -0.296949 
Provençal Omelette Cake -0.409008 -0.480858 0.117931 -0.466665 -0.309019 0.469324 -0.47968 -0.0478366 0.287207 -0.40026 0.294775 0.301368 -0.0934071 0.38453 -0.150967 -0.135562 -0.363921 0.287035 0.065387 0.199348 -0.0257763 -0.2075 0.0858709 0.256678 0.378838 -0.36793 -0.0996277 0.350222 0.203856 -0.188596 0.433068 -0.114206 -0.0989046 0.435295 0.234216 -0.0369226 0.0859515 0.443114 0.00278858 0.42857 -0.22656 0.245499 0.391327 0.184957 -0.0776434 0.31942 -0.087575 0.0838943 -0.138787 0.404358 0.00508716 0.47074 0.374035 -0.0531524 -0.463315 0.131413 0.163838 -0.349767 -0.300043 -0.46805 -0.427006 -0.350887 -0.308843 0.117794 0.3833 0.106759 -0.0365335 0.375538 -0.491445 -0.191075 0.371492 0.0225471 0.497985 -0.493655 0.0921171 -0.103732 -0.0984816 0.155964 0.479841 -0.159654 0.477365 -0.477046 -0.261793 -1.45633e-05 0.221445 0.446449 -0.339073 0.345412 -0.0529741 -0.487328 0.274529 -0.108696 0.243075 0.0424427 -0.473193 0.0638456 -0.434055 -0.488586 -0.385246 0.137408 
vinegar -0.83869 0.0326821 -0.504661 0.0772216 -0.423485 -0.246166 -0.176702 -0.0207837 0.412679 0.173924 -0.0638298 0.199543 -0.578519 -0.273042 -0.449029 0.0883907 -0.0475186 -0.0653776 -0.377014 0.133365 -0.229153 0.44655 0.229357 0.344634 -0.33411 -0.363169 0.300693 -0.163771 -0.230383 -0.0212219 0.365838 0.0119826 0.136972 0.0680111 0.00775105 0.332893 0.230615 0.67444 -0.495987 -0.55179 -0.667196 0.140855 0.332322 0.556295 0.365727 -0.204989 0.338842 0.488123 -0.344159 0.606724 -0.201472 0.117375 0.363074 0.190003 -0.049397 -0.457957 -0.463048 0.245635 0.227522 -0.305947 -0.339924 -0.22817 0.115513 -0.175061 0.214844 -0.148567 0.0401717 0.0102089 0.419654 0.53627 -0.257828 -0.334965 -0.592992 0.594365 -0.715338 0.50908 -0.163063 0.0220755 -0.750094 -0.245631 -0.141981 -0.29724 0.662175 -0.467037 -0.014048 -0.544657 -0.242024 0.270968 0.333603 -0.139065 0.0797274 -0.554368 0.0112728 -0.241665 -0.160159 -0.354227 -0.17709 0.474412 -0.334973 -0.579772 
broccoli 0.110659 -0.0438673 -0.211777 0.0745325 -0.32794 0.159495 0.338803 -0.429152 -0.0546352 0.289158 0.0059868 -0.350029 0.0999578 0.00656831 -0.56408 0.452105 0.15267 0.58247 -0.460811 -0.0210502 -0.0154501 0.021769 -0.776882 0.213321 -0.811351 0.123278 0.512382 0.368773 0.327087 0.0406006 0.697031 0.207511 -0.520388 0.656525 -0.19173 0.207821 -0.420379 0.534676 -0.37955 -0.0948182 0.418077 0.0643284 0.291794 0.359253 0.0616121 -0.00111998 0.463884 -0.289153 -0.245234 0.653906 -0.294332 0.368707 0.205185 -0.542468 -0.136227 -0.673409 0.0189161 0.363016 -0.427596 -0.109381 0.95561 -0.188081 0.708017 0.686203 0.210873 0.316573 -0.0489047 0.139615 0.0746871 -0.428811 0.224445 0.457606 -0.342223 1.10445 -0.10177 -0.540149 -0.319426 -0.6999 0.570447 0.484262 -0.174397 0.406014 -0.322965 -0.641892 -0.362137 0.694687 0.269819 0.469807 -0.456658 -0.0434958 0.113186 0.155583 -0.224252 0.567082 0.46691 -0.451252 -0.553116 0.799146 0.545019 -0.0594851 
Spanish Tortilla 0.227966 -0.33486 -0.0779556 0.387813 0.435278 -0.475069 0.158166 -0.231411 -0.468569 0.014102 0.235815 -0.209719 -0.0393526 -0.392317 0.181186 -0.425554 -0.421288 -0.287809 0.0436634 -0.364528 -0.00694132 -0.215586 0.455576 0.0579701 -0.415828 -0.00245455 0.230687 0.0189434 -0.157574 0.0303478 -0.256447 -0.379099 0.465485 -0.424239 0.0945115 0.415237 -0.300737 -0.342142 -0.0160701 -0.415214 -0.391782 -0.205887 -0.174472 -0.265237 0.0657067 -0.484593 0.177612 -0.0651058 0.478732 -0.30308 0.0578782 0.33235 0.19153 0.479144 -0.103223 0.403346 0.121776 0.123357 -0.257225 0.383164 0.286522 -0.484366 0.338477 0.344323 -0.161507 0.198705 0.13136 -0.393885 0.0047201 -0.322302 -0.0511041 0.149265 -0.255251 -0.478506 -0.310861 0.149538 -0.00713915 0.42897 0.112428 0.371822 0.193751 -0.0180666 0.107349 -0.0805027 -0.403514 0.425143 -0.448426 0.486964 -0.201046 -0.223111 0.007703 -0.213575 -0.18669 0.169352 0.360022 -0.435812 0.0126059 0.374814 -0.414388 -0.153351 
raspberries -0.296697 0.384071 -0.0736774 -0.335836 0.228607 -0.167048 0.0610623 -0.237574 -0.229654 -0.491378 -0.336544 -0.186254 -0.20638 0.127861 0.0762613 0.00234757 -0.195984 -0.465651 0.349944 0.305058 -0.350695 -0.260554 0.0761311 0.220623 0.354981 -0.483516 -0.11511 -0.416411 -0.493577 -0.311509 -0.330624 -0.122958 -0.133049 0.0470628 0.214893 0.0397347 -0.350166 0.109 -0.0427374 0.22619 -0.468567 0.482885 -0.189394 -0.177338 0.138575 -0.2097 -0.193523 -0.475128 0.0295237 0.00449791 -0.104065 0.203848 -0.102328 -0.270364 0.0674247 0.0895414 -0.0712887 0.42681 0.208627 0.0714268 0.0250282 -0.301454 -0.192007 0.0588121 0.0225957 -0.246942 -0.45743 0.277639 0.19795 -0.00913776 -0.0223797 0.257617 0.426632 0.268082 -0.2785 -0.262577 -0.334291 0.435899 0.0870597 0.0744649 -0.27067 -0.140704 0.432925 0.362599 -0.00206999 0.26611 0.185241 -0.122096 -0.0107384 -0.409956 -0.081807 0.462671 -0.346275 -0.443086 0.341827 0.389266 0.402228 0.318683 0.366692 0.147544 
rosemary -0.158817 0.0422132 0.273628 0.446438 0.54093 -1.51911 -0.546184 -0.114566 0.388153 -1.04139 0.206598 0.0410157 -0.620949 0.33742 -0.142754 -0.419892 0.605815 0.097586 0.0538952 -0.183841 -0.321125 1.12233 0.360511 -0.0242557 -0.33337 0.1011 -0.104536 -0.49253 -0.0370709 -0.244604 -0.101349 0.759955 0.302033 0.0217479 0.0944396 -0.0822948 -0.256813 -0.0597274 0.794035 -0.488357 0.293467 0.24086 -0.157329 0.639203 0.353807 0.434932 -0.102763 -0.507754 0.789141 -0.564141 0.506724 1.01638 -0.116569 0.0502914 0.0195816 0.316896 -0.362079 0.467688 0.677096 -0.462219 0.287309 0.314363 -0.543445 0.439395 -0.28533 0.477463 -0.640899 0.169868 -0.0111723 0.444094 -0.692169 -0.233629 0.690862 0.0813388 -0.759499 0.393257 -0.890763 -0.00673219 0.36327 0.450312 -0.115854 -0.459288 0.303272 -0.164411 -0.0826425 -0.945245 -0.681515 -0.0697675 -0.106569 -0.737309 -0.00291417 -0.416515 0.123963 -0.728836 0.188301 0.0354152 -0.254137 0.475852 -0.515904 -0.574444 
light brown soft sugar -0.380759 0.469348 -0.0399718 -0.320749 -0.357883 0.325426 0.485827 -0.366234 -0.425692 0.0655311 0.116281 0.498511 0.265505 -0.304428 0.246695 0.27506 -0.4674 0.18432 0.346858 0.419006 0.364833 -0.158679 0.269682 0.477632 0.0873776 -0.0760057 -0.254311 -0.0246472 -0.421729 -0.315672 -0.182681 0.332227 0.378623 0.137099 -0.35519 0.223409 -0.443443 -0.284165 0.280366 -0.269501 -0.0200051 -0.390877 0.435506 0.0138435 0.194327 -0.108969 0.0620305 -0.237711 0.297644 -0.171981 -0.239938 -0.0231561 -0.297249 0.151512 0.312248 0.225082 -0.478891 0.0933433 -0.481488 0.15799 0.0340964 0.247227 0.484206 0.386814 -0.477365 0.327084 0.355836 -0.210309 0.0256378 -0.369964 0.425253 0.1999 0.307384 -0.152442 0.316141 -0.0561379 0.210958 0.20221 -0.370814 0.42914 0.181126 0.0350483 -0.152384 0.32438 0.18673 0.410916 -0.49582 -0.278874 0.0608678 0.269848 0.0313431 0.321921 0.375326 -0.323188 -0.153163 -0.158697 -0.278692 -0.422258 -0.262804 0.187214 
shortcrust pastry 0.0522072 -0.468337 -0.146381 0.244815 -0.374273 -0.0422497 -0.485994 0.446249 0.0368695 0.0847412 0.321131 -0.187214 -0.11233 -0.0573389 -0.00304672 0.308564 0.48838 -0.423971 -0.221882 -0.0408141 0.3642 0.0805461 -0.328498 -0.473344 0.0133673 0.07059 -0.380265 0.411479 0.150161 0.1626 -0.11141 -0.467548 0.459952 0.0302159 -0.442672 0.490041 0.413509 -0.123409 0.41331 -0.107169 0.223283 -0.139892 -0.0654232 -0.468457 0.443805 0.483171 -0.134997 0.42383 -0.0987341 -0.347451 -0.298025 0.284396 -0.406784 0.438757 -0.357675 0.493441 0.276338 0.267402 -0.449189 -0.455186 0.25367 -0.0507289 0.458986 0.171246 0.44796 -0.422974 0.0810564 -0.304178 -0.162116 -0.0161928 0.169965 0.192947 -0.278628 0.452103 -0.27182 0.492521 0.344236 0.0976545 -0.0760455 -0.12981 0.0131229 -0.0890372 -0.285559 -0.229363 -0.325834 0.359457 0.181468 0.426795 0.0115745 0.429332 -0.395774 0.289096 -0.302535 0.0805981 0.390135 0.0771908 0.00280668 -0.171453 0.338668 0.0649084 
New York cheesecake -0.421669 0.436594 -0.285596 0.275645 0.477741 0.343185 0.286355 0.00677847 -0.206617 0.30004 -0.180225 0.030016 0.22328 0.266919 -0.0588554 0.351464 -0.124557 0.191776 -0.472277 0.240126 -0.203927 0.174778 -0.272067 -0.164731 -0.235625 -0.133979 -0.113776 -0.368064 0.458047 -0.127801 -0.35146 0.427895 0.233979 -0.364493 -0.231482 0.120746 0.411391 0.293957 0.488744 0.393781 0.404235 0.356219 0.176307 0.44835 0.348095 0.23001 -0.00268822 0.332455 -0.414308 0.40042 0.174723 -0.0414096 -0.344681 -0.407304 0.0138423 0.0138016 -0.155868 0.477064 -0.192616 0.165548 -0.0671179 0.247686 -0.139568 0.325653 0.220109 0.424878 0.35968 -0.259365 0.16985 0.467009 -0.380221 0.395529 0.41123 0.26565 0.335353 -0.287972 0.194189 -0.0436958 -0.0300784 -0.155353 0.0740539 -0.253153 0.45534 0.211194 -0.466217 -0.155962 0.463667 -0.345327 0.032237 0.415384 -0.395126 0.306357 -0.35305 0.275311 -0.407055 0.344581 0.0697337 0.102753 -0.444433 0.0102183 
Boulangère Potatoes 0.435961 0.395853 0.00873159 -0.103337 0.127264 0.269562 -0.192129 -0.448976 0.0844539 0.26032 0.456567 0.270094 -0.347191 -0.299641 0.00385243 -0.2091 0.323482 -0.378457 0.402349 -0.490284 0.0853994 -0.202296 -0.496181 0.36781 -0.29611 0.0297897 0.151379 0.482942 0.289222 -0.319894 -0.0596517 -0.393106 0.405089 -0.197152 -0.207564 -0.101615 0.0669541 -0.110017 0.481807 0.0515564 -0.148639 -0.450977 0.480043 -0.174546 -0.168165 0.31878 0.347904 -0.348964 -0.0396391 -0.282676 -0.37237 0.138037 0.297648 0.075238 -0.44244 -0.297194 0.146924 0.0450136 -0.284732 -0.032129 0.383091 0.0598651 -0.0208637 0.393815 -0.098836 0.000663141 -0.074741 0.0437951 -0.116618 0.220889 -0.334631 -0.195492 0.106734 -0.165024 -0.132339 0.494396 0.374696 0.190376 0.104764 0.358466 -0.342906 -0.0857535 0.478271 0.273801 0.448681 0.138231 0.133068 -0.132415 -0.160724 -0.291156 -0.281589 0.401701 0.0702201 -0.17675 -0.0959919 -0.279887 -0.2657 0.366498 -0.459555 -0.190761 
Chocolate Raspberry Brownies -0.0851007 -0.121206 0.254956 -0.399597 0.324904 0.356862 0.388228 -0.47663 0.0234973 0.483101 0.416595 0.171677 -0.376379 -0.272961 0.258229 -0.466576 -0.128239 0.219089 0.255463 0.339277 0.311088 -0.0343748 0.44078 0.0605672 0.13464 -0.0579861 -0.274874 0.114721 -0.420003 -0.241533 -0.367873 -0.332223 0.0821526 -0.357145 -0.0367485 0.19022 -0.0990899 0.343312 -0.187491 0.455245 0.49772 0.192986 0.131375 0.452003 -0.141109 0.305802 -0.353943 0.151256 -0.246037 0.450511 -0.0659217 -0.382219 -0.0561658 0.148186 0.157214 0.0460473 -0.339624 0.0725321 -0.112485 -0.431488 -0.350992 0.419493 -0.364369 0.410254 0.375171 0.265814 -0.395722 -0.0304968 -0.279546 0.434322 -0.454559 -0.346389 -0.139495 0.156477 0.217595 0.196358 -0.0732597 0.0839334 0.3746 -0.420401 0.122841 0.306352 -0.0595107 -0.199336 0.048589 -0.443633 0.358051 0.143984 0.368658 0.258498 0.00225446 0.270192 0.485622 -0.130811 -0.227568 0.0863839 0.149431 -0.237076 0.493668 0.187328 
dark chocolate 0.146357 0.235554 0.0412694 -0.106439 -0.214912 0.323114 -0.236815 -0.140455 0.224125 0.258742 -0.408752 -0.471841 -0.103291 0.214512 -0.23239 -0.128601 0.271522 0.211862 -0.460482 -0.361702 -0.380785 0.00342488 0.397649 -0.174895 -0.0397715 -0.420414 0.206915 0.15214 -0.104159 0.325805 0.162668 -0.499121 0.362345 -0.0728029 -0.0781304 -0.214798 0.0179581 0.37724 0.351665 0.226854 0.169015 -0.388171 -0.385157 0.106726 0.256266 0.361099 0.373287 0.265346 -0.290004 0.396373 0.241111 -0.213968 0.0551278 0.467482 -0.451932 0.191933 -0.102318 -0.247709 -0.0535802 0.396781 -0.285668 -0.300111 -0.397282 -0.414695 0.312725 -0.192285 0.0613216 0.399042 0.111046 0.319998 -0.222457 0.103954 -0.349985 -0.331021 -0.395596 0.0829934 0.222388 -0.456454 -0.175069 -0.194089 -0.15965 0.120762 0.267697 -0.199403 -0.316108 0.400695 -0.330103 0.193693 -0.332113 -0.355889 -0.366182 0.473309 0.193094 -0.445996 -0.403668 -0.357882 -0.252339 -0.201508 0.332749 0.155204 
milk chocolate 0.431651 0.386746 -0.286351 0.390747 0.318304 -0.200508 -0.259049 -0.421782 -0.154708 -0.254439 -0.0927508 0.112383 0.171963 -0.437535 -0.00926065 -0.239284 0.111852 0.440483 -0.167294 0.462182 0.198585 -0.0179751 -0.0342229 -0.487376 0.207457 0.35022 -0.122973 0.347733 0.186691 -0.303516 -0.0831573 0.15768 -0.119075 -0.00721246 -0.381177 -0.0499897 -0.402249 -0.368843 -0.308438 0.0626416 -0.456714 -0.337649 -0.431028 0.179702 0.0398111 -0.444483 0.121792 0.430739 -0.338143 -0.164295 0.258139 0.39991 -0.330921 0.0337216 0.326208 -0.443287 -0.437731 0.222415 0.064182 -0.0858562 -0.445543 0.49861 -0.117333 -0.0359445 0.263813 0.285715 0.204895 0.400411 0.160577 -0.247463 0.0723266 -0.449948 -0.268452 0.434061 0.391557 0.0279752 -0.0493302 -0.432902 -0.187 -0.412842 0.161142 0.091807 0.0701112 0.0491117 -0.436478 -0.0190581 0.216515 0.314308 -0.361778 -0.110448 0.262009 0.497051 0.483517 -0.340157 0.16819 0.497461 -0.283939 -0.467366 0.0915032 0.0802022 
chopped tomatoes -0.187517 -0.0108906 0.0224047 0.346162 0.16299 0.193699 -0.253788 0.967035 -0.451775 1.15193 -0.770946 -0.878386 0.470991 0.387664 0.223712 0.461962 -0.199442 -0.206534 0.358313 0.446517 -0.489007 0.139097 -0.15505 -0.692534 -0.0769044 0.376359 0.348483 -0.372097 0.327523 0.0650342 0.206462 0.367452 1.14498 0.536583 0.0901485 -0.0392774 -0.701664 0.326969 -0.33882 -0.271763 -0.0693483 -0.204926 -0.0602608 -0.610633 0.203972 0.188958 0.0951666 -0.0369671 -0.109247 0.783772 -0.0552093 0.0935044 -0.18639 0.421454 0.552707 0.047357 -0.818991 -0.149533 0.7772 -0.162444 -0.100998 0.506977 -0.646755 -0.107542 0.694805 -0.441935 0.411332 -0.054441 0.604221 0.0757157 0.843307 -0.150862 -0.0496369 0.225317 0.47082 0.914638 -0.202445 -0.658413 -0.651339 0.232631 0.559858 0.459889 -0.454094 0.369259 0.0548996 0.0390577 -0.468043 0.339359 0.298549 0.088371 0.215557 -0.506809 -0.163209 -0.572824 0.721256 0.608176 0.429192 -0.147167 0.545702 -0.135644 
Chicken Parmentier 0.0112127 -0.433619 -0.119573 0.321768 -0.390682 0.218782 -0.393139 -0.138949 0.0811926 -0.369608 0.460121 -0.235233 -0.221486 -0.200297 -0.470381 -0.170996 -0.435569 0.219686 -0.234448 -0.197207 -0.470901 0.0645622 -0.0364857 -0.138972 0.403247 0.188361 -0.486457 0.183008 0.107994 0.368063 0.346663 0.12278 0.324042 0.0616601 -0.283539 -0.393706 -0.0872358 0.438664 0.129179 0.279782 -0.207009 -0.260757 0.0408158 0.114842 -0.323157 -0.208758 0.345985 -0.041495 -0.113515 -0.495493 -0.342563 0.379317 -0.445268 0.291082 -0.334803 0.338098 0.393458 0.0550145 0.215894 0.489979 -0.440549 -0.156049 0.0522826 0.108078 0.0766166 0.439305 0.193075 -0.103136 -0.00924987 -0.060253 -0.348145 -0.187068 -0.201151 0.0598729 0.0516835 0.0843789 -0.182649 -0.328253 0.13736 0.331102 -0.031175 0.060433 -0.166764 0.350412 0.466075 -0.371079 0.205621 -0.399336 -0.34832 0.111284 -0.48816 -0.199454 0.468638 -0.0681974 -0.310477 -0.168643 0.0451109 -0.360859 -0.319956 -0.27113 
rolled oats -0.480764 -0.597294 0.296212 -0.447293 0.413882 -0.0900505 0.136304 0.13336 -0.0176525 -0.077991 0.434877 -0.31636 0.297958 0.358788 -0.233126 0.311043 0.241733 0.253555 -0.177566 0.243971 0.449742 0.139643 -0.107835 -0.0387459 -0.140065 -0.339802 0.0583886 0.00763707 -0.421545 -0.182585 -0.0783875 0.0351258 -0.0244752 0.57614 -0.0834284 0.757521 0.273043 0.434129 -0.344668 -0.0281639 -0.207547 0.366822 0.128403 -0.424661 0.100628 0.842144 -0.35057 -0.417353 -0.508538 -0.493607 -0.247356 0.146004 -0.0247345 -0.143362 0.0435824 -0.364318 0.105962 0.219518 0.101834 0.255625 0.218111 0.416604 -0.114299 0.0779837 0.478763 -0.235036 -0.380051 -0.228927 -0.173671 -0.582956 0.00856368 -0.431868 0.499124 0.100703 0.0617792 -0.418982 -0.13915 0.0669807 -0.465081 -0.366344 0.290488 0.23933 -0.526874 0.0750769 -0.368813 -0.176945 -0.131731 0.372133 0.0705728 -0.169831 -0.0633042 0.282127 -0.160393 -0.247952 0.220863 -0.357294 0.00849089 -0.027451 -0.0794163 -0.394784 
bacon 0.347719 0.171029 -0.0717934 -0.270279 0.317573 0.519732 0.395233 0.430683 0.31796 -0.128307 -0.575113 -0.0475856 -0.472965 -0.302698 -0.0173952 -0.636891 0.355867 -0.327383 -0.173 0.348559 0.132937 -0.376194 -0.381236 -0.305047 0.456739 -0.839721 0.585519 0.0104495 -0.116423 -0.323303 0.998949 0.278424 -0.88459 -0.482879 -0.479751 -0.220015 0.145208 -0.00196845 0.359039 -0.225768 -0.109782 -0.43598 0.301565 -0.302274 0.0746801 -0.125915 -0.0377078 -0.185812 -0.519355 0.753286 0.113261 -0.125252 0.0964562 -0.378206 0.859069 -0.377119 -0.357686 0.440255 0.31985 0.0482863 -0.199366 0.0268413 -0.208469 -0.497829 -0.356244 -0.437677 0.261626 -0.139299 0.380429 0.200809 0.40855 -0.315625 0.27822 0.375538 -0.3516 0.531016 0.466456 -0.151764 0.719886 0.126175 -0.733779 0.211438 -0.45417 -0.260569 -0.033266 -0.643475 -0.171475 0.337478 -0.261845 0.441714 -0.21174 0.0841253 0.375838 -0.138156 0.345407 0.208223 0.399054 0.435527 0.509881 -0.115141 
Peanut Butter Cheesecake 0.312014 0.151518 -0.367052 0.404953 0.296081 -0.0484235 0.208118 0.124592 -0.00640743 0.489276 0.00482885 0.144279 -0.440645 0.0965995 0.489591 -0.364895 -0.291912 0.154803 -0.294287 0.271076 -0.48458 -0.0421608 0.263166 0.45558 -0.00427687 -0.327885 0.0888726 0.335139 -0.299021 0.348263 0.357454 -0.446719 0.482761 -0.0797854 0.200825 0.125439 0.314153 -0.417421 0.270698 -0.0783683 -0.160769 -0.37199 -0.0245851 0.193059 -0.222674 0.0969381 0.169998 -0.32783 0.203467 0.426066 0.110399 0.463805 0.202951 0.0131037 0.237149 0.17121 -0.216982 0.456043 0.183545 -0.229403 0.0238602 0.195215 0.479609 -0.424377 0.482982 -0.233896 0.368967 0.23862 -0.341964 -0.214883 -0.380412 0.27911 0.132381 -0.145421 -0.12379 -0.452034 -0.347528 0.315843 0.412792 0.114126 -0.45765 0.358928 -0.00459024 0.265281 -0.186606 -0.000973968 0.258844 0.286397 -0.0454605 -0.0250751 -0.499945 0.364218 0.182349 -0.0655259 -0.368466 -0.353728 0.273667 0.101575 -0.429159 0.00379444 
gelatine leafs 0.127067 -0.294746 0.196152 0.021428 0.333999 0.125753 0.463635 -0.120658 -0.302715 -0.293632 -0.149626 0.0338174 -0.0115884 0.453009 0.012999 -0.10593 -0.243927 -0.259559 0.492212 0.437093 -0.0538582 0.158112 0.171608 0.133672 -0.133612 -0.0407982 -0.149614 0.00536076 -0.107223 -0.365003 0.0736522 -0.462325 -0.253499 -0.188504 -0.40251 -0.362348 -0.375648 -0.0698252 0.0165783 0.444944 -0.298148 0.431356 -0.255903 -0.291722 0.29296 -0.487179 0.0591775 0.203493 0.390863 -0.0211028 0.314929 0.419633 -0.273108 -0.366758 0.494704 0.284966 0.484479 0.229709 0.463329 0.499886 0.483177 -0.39397 -0.0631626 -0.467576 -0.475099 0.484813 -0.492446 0.266588 -0.306167 0.220657 0.166256 -0.47727 0.333695 -0.123228 0.014987 -0.381659 0.23815 -0.0763688 -0.107691 -0.382315 -0.285186 -0.43638 0.162323 0.377274 -0.293705 0.351945 -0.031284 -0.144981 0.160548 -0.00180184 -0.487815 0.111808 0.211596 0.163282 -0.113986 -0.28045 -0.394915 0.331856 -0.488745 0.0432488 
Christmas Pudding Trifle 0.335043 -0.324902 0.0936832 -0.322382 -0.455789 -0.171027 0.0274951 0.0695476 -0.215113 -0.480594 0.210443 0.00174194 0.0452014 -0.360977 -0.493815 -0.174083 0.436167 -0.208656 0.453482 0.391676 0.28645 0.173424 0.464512 0.139458 0.111513 0.0340995 -0.287993 0.161578 -0.292964 -0.181586 -0.352874 -0.301944 0.311342 0.343916 -0.484953 0.252443 -0.232472 0.492614 -0.153222 -0.279519 -0.186309 0.34 -0.0573547 0.25742 0.302452 0.0697392 -0.30756 -0.470315 -0.221934 0.10085 0.0903073 0.311146 -0.144659 -0.326537 -0.222098 0.361548 0.218255 0.183067 -0.1373 -0.408728 0.32269 -0.0990937 -0.0889667 -0.275902 0.242346 0.104261 0.196796 -0.45684 -0.473193 -0.400963 0.420083 0.301309 0.185421 -0.0250182 0.470068 0.0795404 -0.253408 -0.366207 -0.419039 0.48227 0.262151 -0.297197 0.350781 -0.340043 0.246699 0.488401 0.108203 0.149973 0.434165 -0.176213 0.00692659 -0.272351 0.109952 0.0146399 0.355752 0.143699 -0.215205 -0.258222 -0.0219392 -0.462392 
peanut cookies -0.428788 0.252389 0.271679 -0.117566 -0.319937 -0.464215 0.0743261 0.419289 -0.406629 0.202827 -0.347664 0.000736389 -0.443742 -0.207754 -0.274527 0.283123 -0.0114849 -0.0389982 0.230576 -0.384013 -0.223044 -0.355327 0.348804 -0.00987608 -0.0523788 -0.496602 -0.464781 0.141493 -0.448652 -0.138897 0.3053 0.180459 0.327989 0.233716 0.183292 0.370754 0.359697 -0.347127 0.366386 0.072861 0.44257 0.367708 0.176598 -0.389923 0.0850399 -0.0878623 0.496932 -0.329606 -0.0890547 -0.000224202 0.435374 -0.00834225 0.111079 0.165337 -0.0559551 0.339632 0.0486583 -0.0169352 -0.449564 -0.0655192 0.198793 0.275665 0.337991 -0.189738 0.413897 -0.371266 0.236853 -0.096972 -0.334876 0.207536 -0.477579 -0.110548 -0.108406 -0.383549 -0.217685 0.248237 -0.0338543 0.194962 0.478885 0.0629335 -0.390394 -0.449698 -0.201507 0.287736 -0.00411705 -0.112079 -0.1407 -0.463562 -0.46068 0.231772 -0.230073 0.0819075 0.415816 0.0224023 0.192006 0.0748208 0.353945 0.335263 0.451668 0.246742 
peaches -0.40937 -0.0287758 -0.427601 -0.407648 0.0278442 0.16322 0.179479 0.266743 0.421773 -0.378989 -0.0928018 -0.484628 0.305713 -0.475132 -0.419429 -0.0215622 0.397787 -0.311927 -0.28887 0.26445 -0.165375 0.393295 0.395637 -0.0502426 0.155679 -0.457971 -0.198655 0.464618 0.0354349 -0.456863 -0.358439 0.45973 0.309608 -0.437344 -0.122384 -0.0640735 -0.317934 -0.464875 -0.175114 -0.0257372 -0.188639 0.260644 0.25286 -0.0745579 -0.115631 -0.328189 0.264035 0.178684 -0.0182418 0.0368011 0.213724 -0.12041 -0.216972 -0.115927 0.499194 0.465007 -0.480535 0.327261 0.01194 -0.429217 -0.448577 -0.426596 0.2926 0.469315 -0.180012 -0.238684 0.214256 0.142602 -0.122261 -0.346387 0.113479 0.36105 0.361832 0.474415 0.481288 0.287459 -0.341322 0.353612 0.481374 0.00223948 -0.43199 0.252228 -0.266794 0.0156255 0.0812286 0.00532511 -0.456443 -0.491252 -0.47102 -0.235266 0.0706242 -0.0312025 0.067857 -0.441848 0.3205 0.0900505 -0.121326 -0.399164 -0.223001 0.280873 
courgettes -0.0970987 -0.313858 -0.163029 -0.145424 0.0800674 0.16291 0.183903 -0.163627 0.137904 0.204233 -0.00262193 -0.211101 0.101172 -0.00773271 -0.00191301 -0.0301292 -0.268786 0.209207 0.0739651 -0.0878058 0.371381 0.0668506 -0.1141 -0.307532 -0.471483 0.33833 -0.151034 0.278895 -0.0119275 -0.491163 0.242167 -0.36572 0.399807 -0.116067 -0.242811 0.0504143 0.349833 0.453622 -0.0326106 0.265669 0.0107301 -0.173446 -0.13864 0.377568 -0.372497 -0.482304 0.163248 0.434599 0.112532 -0.300208 0.242534 0.418812 0.152004 -0.042732 -0.193851 -0.330452 0.010181 -0.106986 -0.164121 0.116192 -0.183582 -0.116503 -0.0691571 -0.354221 -0.0976733 0.02864 0.45393 -0.496965 0.202423 0.149712 0.172017 0.370564 0.0448309 -0.242078 -0.321086 -0.436563 0.423226 -0.215342 -0.192605 0.294185 -0.216788 -0.288741 -0.037566 -0.281313 -0.0682145 -0.248083 0.0858674 0.403197 0.202462 0.209928 0.0169263 0.361563 -0.399632 0.116075 -0.229562 -0.0499911 -0.464093 0.0643148 -0.274099 -0.202162 
Mushroom & Chestnut Rotolo -0.298694 0.437477 -0.213913 0.381027 0.153103 -0.166455 0.346518 0.24304 0.102601 -0.26537 -0.381498 0.385138 -0.442921 0.193367 -0.482167 0.404844 0.440268 0.495518 -0.030948 -0.320149 0.103348 0.202073 -0.415369 -0.0618514 -0.468327 0.227969 0.258329 -0.0845234 -0.432108 0.00364016 -0.183674 0.495446 -0.0477075 -0.363377 0.491873 0.209858 0.239408 -0.210512 0.180419 -0.0627134 0.435951 0.397003 0.107394 -0.0540665 -0.247609 0.0127498 0.0981781 0.146045 0.108469 -0.37926 0.280615 -0.177 0.320984 0.276075 -0.342064 -0.262789 0.365498 -0.161238 -0.202146 -0.17462 -0.424697 0.457807 0.355093 -0.266839 0.496385 -0.0339775 0.11238 -0.473873 0.491598 -0.10426 0.3978 -0.448304 0.196141 -0.442575 -0.121434 -0.198327 0.295793 -0.331114 0.134864 -0.0727675 -0.260098 -0.0452674 0.484895 0.461664 0.0525437 0.453623 -0.313422 -0.282472 -0.0920596 0.122045 -0.414414 0.447793 -0.231753 -0.275951 0.230891 0.313331 -0.0319122 0.434245 -0.0556253 0.166617 
chestnuts -0.153671 -0.163933 0.205363 0.0352768 0.305591 0.342875 -0.118599 0.242337 0.410185 0.291128 0.188412 -0.117768 0.108681 -0.178961 0.253234 -0.352488 0.317657 -0.0799747 -0.464704 0.320668 0.13391 0.339543 0.40845 -0.382212 -0.0296646 0.454729 0.0399312 0.0987769 0.321614 0.253219 0.441419 -0.343975 -0.414835 0.270638 0.111338 0.33436 0.404526 -0.254951 -0.309233 -0.0612753 -0.466793 0.358926 0.331307 0.216979 -0.136288 0.177098 0.184283 0.144127 -0.352109 -0.491864 0.0513793 -0.237237 0.272667 -0.175089 -0.393523 -0.190887 0.447117 0.446347 -0.00606805 0.202342 0.100727 -0.116337 0.34798 0.299555 -0.0672005 0.307839 0.154494 -0.291614 0.33105 -0.474565 -0.410675 -0.445124 0.211674 -0.32133 0.360016 -0.478328 0.11639 -0.356542 0.00428358 -0.26489 0.390327 0.115062 0.308674 0.0988242 0.277137 0.354255 0.259423 -0.0509368 0.46108 -0.224835 -0.167756 0.245676 0.470197 -0.37469 0.336936 -0.0440837 0.25391 -0.36924 -0.16979 -0.407716 
green chilli -0.357902 -0.117056 0.575748 -0.315294 0.341195 -0.183956 0.0695648 0.475274 -0.00236533 0.15201 -0.176047 -0.779958 -0.396967 -0.348087 0.150914 -0.237331 0.728436 -0.0704775 -0.0160611 0.675806 -0.232474 0.149203 -0.038569 0.703863 -0.326104 -0.19083 -0.0950019 -0.75781 -0.347645 0.740316 0.0274823 0.0550164 -0.404742 -0.179714 0.586372 0.0319443 0.0669709 -0.17657 0.256773 -0.902489 0.574799 0.00123647 0.876334 0.216482 0.400101 0.56173 0.0608428 0.31164 0.302213 -0.168873 0.496102 -0.236833 -0.241173 -0.906757 -0.0334322 0.429976 -0.273391 0.817467 -0.0630405 0.549116 -0.071125 -0.245389 -0.199556 -0.73318 -0.282 0.377053 -0.0252845 0.260275 -0.115709 0.260859 -0.248711 0.127591 -0.497565 0.0464436 0.0107462 0.875023 -0.219539 0.0294578 0.48715 0.159636 -0.552176 -0.395426 -0.0809517 0.0555201 0.236214 -0.502271 0.0431177 -0.648173 0.264231 -0.0846924 0.436799 0.0792958 0.0419975 -0.356607 0.412431 0.198666 -0.0382187 -0.0566678 -0.0986344 0.335688 
wild mushrooms 0.31293 0.0925315 -0.179148 -0.300931 0.344428 -0.341106 0.330065 -0.179551 -0.375595 -0.233042 -0.299425 -0.136123 0.0376786 0.332387 0.0608028 -0.375316 -0.264235 -0.305776 0.0841616 0.491485 0.0544062 0.428611 0.371601 0.210412 0.478194 0.220252 0.447822 0.323793 0.259856 0.229486 0.419365 -0.407634 0.146723 -0.290944 -0.487383 -0.34729 0.291187 0.249111 0.264172 0.196994 0.168968 0.297135 -0.0689532 0.0717045 0.486639 -0.348504 0.333617 -0.0165559 0.102684 0.444591 -0.187432 -0.00169788 -0.281998 0.129711 -0.493179 -0.252083 -0.120889 -0.0171366 -0.0675232 0.489118 0.154421 -0.226699 0.403395 0.413855 -0.475934 0.047708 0.447993 -0.172073 -0.377426 0.345234 -0.304893 0.473662 -0.490508 -0.0480304 0.386627 0.159599 -0.338269 -0.124351 0.212985 0.0233579 -0.0875763 -0.440506 -0.46373 0.234637 0.241364 -0.469561 -0.186198 -0.0789282 0.197381 0.0853358 0.106652 0.29409 -0.156675 0.409413 -0.231984 -0.251195 -0.0725385 -0.479799 -0.338625 0.413853 
white vinegar -0.46677 -0.284726 0.00451847 -0.55224 -0.262608 -0.600416 0.58629 -0.0031555 -0.2998 0.117975 0.4706 0.282765 -0.475024 -0.43478 0.0935349 0.143638 0.378085 0.0686328 -0.136237 -0.408696 0.208101 -0.109462 0.302141 0.092677 0.64766 0.344012 -0.444955 0.562615 -0.115836 0.0415826 -0.165871 0.0192249 0.0790765 -0.617947 0.150272 -0.127552 -0.166969 -0.457528 -0.180941 -0.356442 0.0435184 0.28397 -0.612286 -0.289178 0.0785063 -0.000827548 -0.807709 -0.57189 0.288867 -0.58991 0.291699 0.0216591 -0.353379 -0.286942 -0.0580679 -0.0699601 0.324944 0.174829 0.504123 -0.264416 -0.219671 0.380387 -0.411101 -0.0657402 0.0698666 0.258807 -0.733894 -0.198874 -0.311811 -0.536834 -0.602363 0.498344 0.0237237 -0.307462 -0.342521 0.725527 0.0529281 -0.256212 -0.147726 -0.0303711 -0.266049 -0.132226 -0.0502717 -0.282955 0.370767 0.0200552 -0.539987 -0.275095 -0.400633 -0.0784045 -0.356795 -0.311164 -0.454037 -0.546256 -0.600039 -0.15672 0.182709 0.0629928 0.152677 -0.63229 
Chicken Ham and Leek Pie -0.0610716 -0.182134 -0.351415 0.494652 -0.16468 -0.271809 0.233145 -0.487971 -0.2142 0.165562 0.177043 -0.0330076 -0.305674 -0.422079 0.0975361 -0.476317 0.00618701 0.466387 0.210928 0.466138 0.0464799 -0.154421 0.120186 0.278674 0.24 0.0473217 -0.275682 0.227437 0.117657 -0.209992 -0.0334292 -0.402029 0.281756 -0.145317 0.148405 0.376725 -0.184671 0.159663 0.218462 -0.107629 0.322656 -0.403674 0.0673818 -0.329973 0.49966 -0.0280057 -0.304985 0.247553 -0.339338 0.399734 0.241986 0.00967298 0.451467 -0.134386 -0.241214 -0.0243492 0.338008 0.12997 -0.035023 0.491118 0.0850004 0.323863 -0.162106 -0.0392394 0.0731724 -0.370036 0.252275 -0.034464 -0.232618 0.289863 0.120723 -0.16733 -0.340023 -0.319633 0.337162 -0.338643 -0.0547542 -0.142278 0.121507 0.393359 0.406572 -0.47849 -0.118156 0.485981 -0.461744 -0.407365 -0.430837 0.315233 -0.417566 0.284445 0.38226 0.166057 0.101439 -0.473714 -0.487197 0.477614 -0.101825 -0.393135 -0.387475 -0.284839 
kielbasa -0.281523 -0.224218 -0.346339 -0.41129 0.0731436 0.310904 -0.0782461 -0.147506 -0.434316 0.346581 -0.00994631 0.470716 -0.440298 -0.137589 0.195813 -0.353674 -0.360801 0.416167 0.0349015 0.34913 -0.377808 -0.383004 0.382111 0.176892 -0.17367 0.410457 0.4621 0.224329 -0.292403 0.39839 0.154468 -0.288725 -0.188048 -0.406447 0.218919 -0.165964 0.316832 0.184974 -0.292251 -0.228809 0.337971 -0.162757 0.34371 0.436843 0.373722 0.304905 -0.311147 -0.437267 0.271913 0.0722395 -0.277843 -0.189127 0.30785 -0.465086 0.0687184 0.312438 0.199545 -0.311161 -0.281591 -0.0109633 0.123687 0.228137 0.290552 -0.439186 0.292157 -0.304828 -0.448336 -0.291433 -0.12774 0.317036 0.291518 -0.191859 0.492296 -0.453139 0.108148 -0.233265 -0.0427763 -0.415263 0.448365 -0.331479 0.0660472 0.0760715 0.0414294 0.431346 -0.16457 -0.404545 -0.433627 -0.19212 -0.368796 -0.30687 -0.452302 0.39476 -0.426256 -0.00424993 -0.209152 0.292255 0.218864 0.419173 0.00575782 0.19166 
kidney beans -0.277264 0.287446 0.298778 0.358477 0.360712 -0.282445 0.0470061 -0.247738 0.303473 -0.193183 -0.312549 -0.0334324 0.321723 0.446121 -0.456253 -0.428169 -0.0860716 -0.065609 0.00794034 0.281664 0.19905 0.477031 -0.0824377 0.18632 0.343285 0.433828 0.477153 -0.464821 -0.476656 -0.432166 0.10332 -0.00718819 0.184501 -0.332965 -0.22009 -0.0495822 0.473062 0.369206 0.130538 -0.130874 -0.270847 0.395541 0.452625 -0.468306 -0.0926791 -0.198217 0.404924 -0.262249 -0.318587 0.0136679 -0.024088 0.197192 0.00417252 -0.317371 0.296315 0.195593 -0.101058 -0.00585007 0.224812 0.355331 -0.350584 0.0317283 0.456381 0.411312 -0.176074 -0.417704 0.298635 -0.215988 0.0130457 0.286436 -0.341977 -0.436803 0.306645 0.122176 0.0877195 -0.488251 0.199626 0.324098 0.36704 0.0368859 0.0310437 -0.322076 0.205512 -0.184078 -0.279638 -0.221497 -0.0642946 0.167884 0.4829 0.0232989 0.177707 0.354886 0.231158 -0.266296 0.124865 -0.475418 0.394292 -0.489613 0.25289 -0.216677 
jasmine rice 0.0536851 0.387327 0.532292 0.370565 -0.18544 0.416993 -0.331786 0.14026 0.473574 -0.341246 -0.541974 -0.0100022 0.513146 -0.211135 -0.176636 -0.247647 -0.520118 -0.00124628 -0.128924 0.265759 0.500224 -0.195107 -0.300109 -0.511185 0.270268 0.373057 0.321077 0.153252 -0.161318 -0.340086 -0.144825 -0.245867 0.262324 -0.321038 0.109668 -0.341963 -0.524358 0.433719 -0.203946 -0.405437 -0.0471586 -0.548074 0.692203 0.659122 -0.248062 0.441035 -0.436764 0.0415621 -0.23607 -0.226509 -0.389425 -0.388576 -0.388591 0.0900196 -0.0590932 -0.0645534 0.367504 -0.393253 -0.500275 -0.0888885 -0.630156 0.159643 -0.115636 -0.399047 0.385579 0.330456 -0.0094458 -0.338084 0.477278 0.107273 0.0605213 0.215867 0.346971 -0.495649 -0.0501682 -0.600115 0.250495 0.18279 -0.524059 -0.326048 -0.457811 -0.204887 0.441158 -0.114923 0.332656 0.12486 0.114344 -0.0630491 -0.0552145 0.163983 0.337716 -0.184655 -0.754798 -0.308559 0.262069 0.424339 0.36033 -0.315737 -0.386225 -0.193814 
tahini 0.254475 0.465776 -0.00847607 -0.27078 -0.378776 -0.298596 -0.233619 -0.47332 -0.049271 -0.0592644 0.455319 -0.167545 -0.381291 0.101731 -0.473084 0.406365 0.165996 0.474297 0.332799 -0.0665417 -0.370243 0.225685 -0.0604501 -0.270061 0.189747 -0.268213 0.0359703 -0.434902 -0.181519 -0.448136 -0.10838 -0.0352739 0.0893369 -0.0271818 0.0488409 0.0243391 0.342727 0.260073 -0.307198 0.372303 0.0750309 0.234016 -0.462375 -0.0887471 0.230303 -0.0317752 0.371411 0.362607 0.116868 -0.251072 0.298145 -0.469021 -0.456557 -0.264299 0.350175 0.295068 -0.0891434 -0.0249729 -0.0616167 0.158478 -0.45915 -0.325149 0.285436 -0.0328989 -0.387485 -0.0525832 0.492074 0.345459 -0.15357 -0.0145507 -0.344735 -0.38013 0.0956726 0.363821 -0.0313865 -0.486869 0.439982 -0.417957 0.254304 0.213425 0.138808 0.131288 -0.0824097 -0.473412 -0.14453 -0.26591 -0.204451 -0.360595 -0.178958 -0.0925783 -0.0785515 0.000221476 0.410877 -0.38818 -0.117115 0.0817457 0.429049 0.477509 -0.468365 -0.377697 
Yaki Udon 0.376684 -0.295781 -0.253024 0.0186582 0.494016 0.494213 0.115172 -0.298256 -0.141581 0.285578 -0.448519 -0.265453 -0.354347 0.212134 -0.467438 0.423311 0.0289044 -0.367721 0.454304 -0.0946208 -0.256443 0.332929 0.408845 -0.488173 -0.0319835 0.471165 0.203282 -0.0401976 -0.260423 0.133257 0.218956 0.220607 0.215798 0.012304 -0.392527 -0.309653 0.217683 0.410858 0.428529 0.442703 -0.496462 -0.382216 -0.246822 -0.0799308 0.388683 -0.122084 0.371059 -0.416691 -0.447432 -0.408674 -0.0818921 -0.27263 0.379197 -0.202429 -0.299429 -0.20263 0.225442 0.217956 0.320132 0.180079 0.483136 -0.109936 0.246696 0.179309 0.275372 -0.431533 -0.408365 0.245922 -0.379747 0.164471 -0.126092 0.464472 -0.149768 -0.49044 0.392056 -0.0957994 -0.260439 -0.407139 -0.354588 0.404861 0.109763 0.201589 -0.028852 -0.214258 0.467851 0.33692 -0.218708 -0.04346 -0.0865176 0.376962 0.333153 0.359999 0.366347 0.0211548 0.270602 0.100957 0.364037 0.242709 -0.192134 -0.413132 
ginger paste 0.460055 -0.448734 -0.294574 -0.462647 0.0160454 0.132131 0.414968 0.364768 -0.105252 0.510097 -0.553544 -0.181935 0.241901 -0.496477 0.106965 0.202903 0.169509 -0.345705 -0.42376 -0.0104031 -0.407117 -0.20699 0.267655 0.242942 -0.0448419 0.0485189 0.318817 -0.251641 0.119838 0.656087 -0.0365795 0.0832895 -0.423636 0.133486 0.572356 0.327684 -0.00378222 0.323202 0.602091 0.0554741 -0.266983 0.376299 -0.170396 -0.60316 -0.392832 -0.230194 0.330034 0.320789 0.0509753 -0.0717096 -0.0283281 0.261491 -0.329971 0.0105212 0.366094 -0.351816 0.478833 0.341959 -0.0104753 0.0784294 -0.325855 0.530578 0.177861 0.112618 -0.545487 -0.0840429 -0.338043 0.415623 -0.114258 0.103185 -0.0845164 0.396499 0.387678 -0.125152 -0.180054 0.440015 -0.390802 -0.261849 0.337685 0.319589 -0.541048 0.27053 -0.275923 0.181111 0.304867 -0.659213 -0.451439 -0.345626 -0.217087 -0.0832151 -0.345105 -0.420903 0.517043 -0.450715 -0.198104 -0.704168 0.117608 -0.38444 0.22883 0.473983 
extra virgin olive oil -0.0187258 -0.641036 -0.452531 -0.323259 -0.110002 0.127202 0.0277001 -0.0911364 0.555257 0.0218503 -0.18988 -0.220817 0.369717 -0.12443 0.022583 0.0939654 -0.700301 0.000933067 -0.0565764 0.626211 -0.349466 0.119675 -0.0742551 -0.374725 0.188999 -0.348838 0.318438 -0.272722 -0.437467 -0.224262 0.0795239 -0.382598 -0.0118973 0.337613 0.215181 0.230127 0.130887 0.192316 0.137366 -0.0689732 0.517153 0.0527991 0.155958 0.220624 -0.233147 0.296702 0.049594 -0.4472 0.418965 -0.129225 0.388611 -0.246771 -0.742952 0.192702 0.161033 0.185749 -0.186601 0.174078 0.461718 -0.261255 0.0728589 -0.101891 -0.190339 -0.165061 0.540454 -0.0119053 -0.0323112 0.397426 -0.313243 0.349083 0.1242 0.111892 -0.0820404 -0.0450159 0.129739 0.337459 -0.0820612 -0.663606 0.44903 0.506227 0.00329712 0.251776 -0.0836037 -0.198363 0.144756 0.0289985 0.219069 0.402857 -0.147524 -0.247434 -0.113473 0.321899 0.416822 0.168518 0.373049 -0.258731 0.31361 0.0918053 -0.130377 -0.318098 
Nutty Chicken Curry 0.284592 0.260938 -0.305693 0.0488462 0.399781 -0.482077 -0.180672 -0.339038 -0.0796424 0.217857 0.212605 0.278417 0.193288 0.0875923 -0.402762 -0.339611 -0.318913 0.250062 -0.152112 0.0995186 -0.316365 0.0630991 -0.0822094 -0.439976 0.450213 0.459314 0.087568 -0.252193 0.190996 0.0636018 -0.431394 0.144075 -0.405922 0.29086 0.227997 -0.312439 0.0531133 -0.424008 0.152464 0.0589391 0.482027 -0.0175641 0.216028 -0.452235 -0.0942407 0.146187 0.345315 -0.0244573 -0.154817 0.215729 -0.371476 -0.343481 -0.425782 -0.400379 -0.0187858 -0.324944 0.0616503 -0.415491 -0.324989 0.0635246 0.181785 0.456003 -0.211505 -0.33282 0.362165 -0.313931 0.412053 -0.359661 -0.114431 0.418065 -0.19241 -0.223152 -0.25215 -0.369157 -0.0805125 -0.142416 0.298516 -0.320339 0.0635382 0.448187 -0.418327 0.299349 0.127055 -0.225811 0.207094 0.481199 -0.19359 -0.311234 0.0345763 0.224789 0.340111 -0.377246 0.381845 0.242004 -0.349516 -0.472368 0.445982 0.0959122 -0.437923 -0.253332 
cabbage -0.2673 0.149374 0.00368423 0.0264447 0.30933 0.37385 -0.322031 0.0887735 -0.302355 0.00565999 0.496984 -0.294031 -0.380724 -0.141642 0.185118 -0.46081 0.22085 -0.374513 0.386433 -0.0501027 -0.0797314 -0.228782 -0.188817 -0.0904988 0.4058 0.0222032 0.419895 -0.112279 0.360524 0.449237 0.414181 0.398188 0.391081 -0.39603 0.459227 0.332653 0.331401 -0.186133 -0.357657 0.139819 -0.178783 0.239481 -0.026773 0.475485 0.20758 -0.332963 -0.35269 -0.201423 -0.12552 0.465878 -0.0201911 0.335739 0.212072 -0.432013 0.175322 -0.390427 -0.463237 0.217089 -0.123066 -0.481135 -0.0217017 -0.139701 0.236399 -0.490461 -0.494941 0.255237 -0.0770296 -0.0975285 -0.460864 -0.151627 0.209249 -0.122324 0.0647259 -0.0839709 0.307303 0.250181 -0.213177 0.368482 -0.457384 0.103719 -0.241775 0.459269 -0.0928337 -0.211473 -0.319094 -0.118069 0.123435 -0.362333 -0.133238 0.139824 0.144357 -0.254524 -0.219192 0.0127275 0.278091 -0.345468 0.349322 0.301768 0.0949301 -0.211571 
Full English Breakfast 0.11464 0.181224 0.315122 0.46983 -0.335243 0.313363 0.309704 0.110872 0.00773999 -0.193996 0.273041 0.38191 -0.232547 0.241306 0.0462848 -0.0438654 -0.382529 0.429052 -0.0151374 0.0422045 0.453646 -0.479101 -0.179433 -0.0802719 -0.115675 -0.419282 0.338441 -0.460322 -0.00584866 -0.478766 0.147931 -0.342168 -0.365909 -0.29353 0.204086 -0.491723 -0.485519 -0.391257 0.182307 -0.439181 -0.351858 0.198361 -0.370185 -0.488235 0.0578398 -0.189733 0.404986 -0.389423 -0.430407 -0.470694 0.198354 0.123897 -0.428891 -0.340752 0.387706 0.138275 -0.0376944 0.0389411 -0.443333 0.178226 0.0550447 -0.0608913 0.0940921 -0.456642 -0.0838713 0.164079 -0.13346 0.0485946 -0.310246 -0.140752 0.425975 0.347191 -0.21869 0.018022 -0.268982 -0.0232375 0.0480348 -0.169125 -0.216706 0.152763 -0.291152 -0.471213 0.398283 -0.20857 -0.253973 -0.0116575 0.486083 -0.155641 0.111778 0.382212 -0.350528 -0.280791 -0.417604 0.0565321 0.000554103 0.299863 0.446204 -0.16177 -0.383483 -0.153758 
Spaghetti Bolognese 0.29151 -0.177431 0.347369 0.186882 -0.0788695 0.215512 0.0330319 -0.352049 -0.079162 0.272323 0.0222663 0.300517 -0.320104 -0.172569 0.212398 0.164806 -0.324213 -0.0707494 0.496775 0.433887 -0.101974 0.431065 -0.207302 -0.397726 -0.0232806 -0.361501 0.168779 -0.127368 0.00705424 0.0170941 -0.0475248 -0.310676 -0.103173 -0.222589 -0.0350445 -0.0424802 0.327045 0.355152 0.481959 0.171643 0.433777 0.383393 0.390768 -0.239282 -0.332848 0.213535 0.349853 -0.379574 -0.398063 0.25369 0.273738 0.25855 -0.386389 -0.475743 0.305373 -0.39019 -0.0509497 -0.328251 -0.236017 0.308733 -0.313919 0.454235 -0.267521 -0.116623 -0.234367 0.173951 0.558483 -0.288359 -0.178913 0.0697877 0.238052 0.322549 0.116617 -0.511326 0.350473 0.521465 0.500181 -0.39854 0.0382948 -0.105858 -0.0950396 -0.216104 0.0555061 0.0355651 0.0834696 -0.0818717 0.0286717 -0.127113 0.265477 0.309934 -0.221705 0.120892 0.0220142 -0.654455 -0.252805 0.33807 0.0277403 -0.0309493 0.45161 0.548001 
sesame seed oil -0.222011 -0.396831 -0.221346 0.284013 -0.442738 -0.0741358 0.417036 0.422295 0.321829 -0.0368755 0.31237 0.317924 -0.343534 0.0950416 -0.0729094 0.0997475 -0.387324 -0.487363 -0.459231 -0.366659 0.445324 0.179025 -0.480694 -0.260573 -0.319842 -0.447187 0.247731 0.21163 0.495829 0.0746131 -0.0210262 0.25571 -0.182619 0.476982 0.265279 -0.02185 0.331595 -0.198498 -0.271592 -0.362097 -0.489414 -0.201412 0.00937356 -0.398612 0.161586 0.250304 -0.468213 0.328375 0.2474 -0.178669 0.0292015 0.0896812 0.230401 0.489664 -0.148841 -0.346246 -0.494146 0.0905225 -0.471566 -0.294648 0.0565872 0.126973 0.144684 -0.0344611 -0.148375 -0.267061 -0.0999744 -0.0798791 -0.48903 -0.176062 -0.0685653 0.233068 0.174382 -0.37566 -0.24745 -0.422001 -0.384637 0.323809 -0.159082 -0.3433 -0.0965652 -0.0199388 0.480858 0.162005 0.259977 0.0587511 -0.240683 -0.143783 0.218895 -0.484207 -0.195842 -0.354776 -0.28519 0.0423772 0.44846 0.456537 0.482409 0.217368 -0.308382 0.239267 
shiitake mushrooms 0.139418 0.0639975 -0.302088 0.183979 -0.0202375 -0.480957 0.0795668 0.176886 0.46462 -0.0313174 -0.144443 -0.2792 -0.296645 -0.136566 -0.462785 -0.427805 0.0395817 -0.301233 0.360057 0.23035 0.296651 -0.211371 0.35034 0.351125 0.00234269 -0.0543151 0.174217 -0.247533 0.197149 -0.25878 -0.147052 -0.0667267 -0.388902 -0.283519 0.344046 -0.0592718 0.261307 -0.0725227 -0.112639 -0.3021 -0.147424 -0.32383 -0.206456 -0.184948 0.117159 0.435586 -0.293371 -0.427361 -0.080982 0.121959 0.242647 0.161454 -0.340263 0.188974 0.378969 -0.0708453 -0.345186 -0.376252 -0.422576 0.374372 0.314848 -0.340033 -0.34038 0.437695 0.196914 -0.273598 -0.14247 -0.258675 0.380743 0.23109 -0.0226349 0.265962 0.40197 0.198647 0.49446 0.108135 0.29494 0.113806 -0.247215 0.398373 -0.107901 -0.0484849 -0.0968589 0.149382 -0.488146 0.354862 -0.286034 -0.273176 0.00878487 -0.497315 -0.45544 0.331336 -0.0603074 -0.41028 -0.138923 0.277784 -0.00970995 0.158146 0.276363 -0.271711 
vine tomatoes -0.00892885 0.197062 -0.0374997 0.458885 0.199634 -0.220909 0.271427 0.33679 0.477232 -0.368039 -0.294624 0.330004 0.418687 0.167268 0.179628 -0.279971 0.0262774 -0.379549 -0.340038 0.348648 0.0938272 -0.337506 0.450649 -0.150839 0.0995212 0.353808 0.458219 -0.440889 0.445919 0.134653 0.39504 -0.286997 -0.207938 0.1923 -0.24515 -0.399475 -0.39441 -0.482511 0.0727186 -0.0761194 0.240066 0.0195001 0.42193 0.128075 0.346727 0.276389 0.291872 -0.209794 -0.490142 -0.0336114 -0.349303 0.237036 0.438828 0.457883 -0.3453 0.305437 0.300246 -0.288989 -0.361704 0.356169 -0.445385 -0.150386 -0.39907 -0.0667735 0.299532 0.175274 -0.331873 -0.422617 -0.484956 0.412163 -0.0220209 -0.166627 0.315731 0.167617 -0.188912 -0.235247 -0.267199 -0.303502 -0.0278731 -0.372983 -0.457713 0.162215 -0.152213 -0.164197 0.0593278 -0.265393 -0.316607 -0.097246 -0.27246 -0.297194 0.11339 0.231352 0.118206 -0.0253576 -0.314413 0.0506685 -0.062323 -0.387074 0.329206 -0.0141351 
Beef Dumpling Stew 0.26272 0.321262 0.38843 -0.197509 0.312934 0.144618 0.0832001 -0.465705 -0.106804 -0.0227477 0.471363 -0.366731 0.378515 -0.145642 0.162202 0.246707 -0.0785028 0.0144603 -0.0638361 0.036383 0.0344449 -0.1637 -0.365906 -0.391219 0.49884 0.159744 0.058927 0.320387 -0.33496 0.345204 -0.435234 -0.0767613 0.4323 0.218072 -0.382608 -0.254535 0.0959586 0.0649587 -0.136033 -0.386239 0.274569 -0.220684 -0.224335 0.146159 0.12182 -0.0361131 0.321429 0.0206584 -0.458474 0.0151749 0.46286 -0.0129847 -0.100829 0.020664 -0.0272573 0.410395 0.296137 0.156011 -0.320674 -0.405092 0.41543 0.372396 -0.087749 -0.354521 -0.0386242 -0.280368 0.394812 -0.338034 -0.218485 -0.43565 -0.163447 0.0351569 0.436005 -0.442514 0.112472 0.252142 -0.128754 -0.065306 0.168144 0.0432217 -0.221222 -0.145666 -0.121287 -0.289244 0.495114 -0.145746 -0.404694 -0.333484 -0.433543 0.38646 -0.163509 0.224017 -0.355204 -0.129173 -0.460208 -0.307001 0.0327078 0.352211 -0.457289 0.406939 
Minced Beef Pie 0.0101222 -0.280454 -0.149172 -0.0364693 0.227314 -0.315057 0.274026 0.092277 0.262725 0.394369 -0.105921 -0.201628 0.229804 0.307121 0.136271 -0.101504 0.457054 -0.0231405 0.267828 0.457542 -0.162439 0.217733 0.247326 0.172783 -0.411728 -0.390717 -0.430018 0.0769317 0.0589778 0.166053 -0.101298 -0.458486 0.14076 0.448656 0.0738662 0.0482862 -0.284987 -0.266183 0.276196 -0.450079 0.398834 -0.0519318 -0.348395 0.345806 0.100511 0.406959 0.0698533 0.0274247 -0.255487 -0.273324 -0.100281 -0.415542 0.293122 -0.248974 -0.294161 0.218433 0.0518521 -0.128581 -0.3539 -0.240353 0.432983 0.0778589 -0.469469 0.0901173 -0.478788 -0.368071 0.345523 0.144432 0.390522 0.202423 0.0808942 0.0350374 0.470324 0.106637 -0.435556 0.143088 0.368006 0.0819488 -0.343975 -0.432384 -0.42184 0.473032 -0.263825 0.314939 0.109361 0.326908 0.112584 -0.106506 0.12153 0.0487193 0.0340061 -0.372118 -0.107641 -0.169313 -0.204055 -0.462051 -0.405754 -0.0640542 -0.0543741 -0.0105438 
Chocolate Gateau 0.364322 0.184206 0.257169 0.465003 -0.231608 0.500875 -0.128072 0.0730878 0.0139216 0.0732192 0.331364 -0.0864891 -0.0440652 0.505297 -0.0395646 -0.303444 -0.501739 0.0112672 -0.415651 -0.528431 0.0593187 0.254844 -0.0946448 -0.188614 0.45922 -0.285699 -0.445633 0.206786 -0.192859 -0.405282 0.0979494 -0.485806 0.186423 0.155696 -0.423174 -0.290872 0.538503 -0.528388 0.297627 0.12035 0.253701 0.122901 -0.0223094 -0.401422 -0.303494 -0.476241 -0.00108724 0.156884 0.0176954 -0.130349 0.281149 0.190032 0.456076 -0.291896 0.433255 0.396684 -0.239933 0.290452 -0.221512 0.0614429 -0.0720553 0.262411 0.337215 0.126758 0.0381785 0.439696 0.0233507 0.0250285 0.541241 0.367478 0.141348 0.195141 0.460208 0.286921 -0.15842 0.348498 -0.0512063 -0.183588 0.120216 -0.0322416 -0.454757 -0.174708 0.445428 -0.0865253 0.0753965 0.284406 0.152201 -0.106239 0.399527 0.439433 0.246804 0.437051 0.124602 -0.373916 0.33196 -0.211286 0.267844 0.37434 0.575926 0.288937 
Lamb and Potato pie -0.233687 -0.488387 0.480177 0.255611 0.147731 -0.399065 0.469923 -0.212018 -0.135044 0.174826 0.211859 0.158666 0.46426 -0.195068 -0.434984 -0.0202332 -0.366496 0.255353 0.167584 0.390423 0.237039 0.228714 -0.442241 0.405066 -0.027656 -0.351546 -0.427808 0.438228 0.440626 -0.381023 0.282648 -0.194311 0.388729 -0.0796634 -0.351853 0.129671 0.494216 -0.141677 -0.398867 0.248822 -0.393143 -0.233609 -0.0143535 0.284044 0.0629167 -0.349897 -0.193317 -0.357134 0.00708555 -0.217612 -0.494513 0.112077 0.404149 0.257586 -0.0482721 -0.376852 -0.26694 0.467435 -0.494166 -0.146793 0.377884 -0.440761 -0.00377737 -0.030989 -0.380866 0.380333 -0.0888546 0.0504165 0.314362 0.191941 -0.362353 -0.427891 0.197955 0.0446701 0.281135 -0.0909239 -0.206418 -0.457472 -0.378549 -0.374749 -0.376071 -0.188923 0.435946 0.225203 0.140289 0.00166235 0.422612 0.0306232 0.0314256 0.158727 0.314157 0.470282 0.0772015 0.267329 0.443179 -0.103393 0.0915609 -0.440149 -0.297511 0.319793 
cinnamon stick -0.212261 0.37664 0.0155909 0.293982 0.137447 -0.34723 0.447853 -0.368408 0.243673 0.0643368 0.447687 -0.274042 0.656901 -0.337015 0.260248 0.0150354 0.332999 0.869062 0.659366 0.235764 0.447613 0.205991 -0.147149 -0.703948 0.335724 -0.431632 0.217921 -0.4764 -0.268982 0.413622 0.280405 0.498088 -0.395859 -0.694664 -0.172065 -0.0859106 0.160919 0.117472 -0.203303 -0.174589 0.861879 -1.0981 0.0262281 -0.203212 -0.114713 1.28079 -0.302936 0.392672 -0.270436 0.644826 0.312682 -0.231016 -0.164774 -0.361895 0.0155742 0.00994316 0.0649803 0.0431467 0.0714829 -0.937077 -0.942535 0.261059 -0.32925 0.868368 -0.219021 0.671884 0.0407258 0.201863 0.113709 -0.231812 0.240957 -0.609104 -0.447602 -0.290526 0.496095 0.0811801 -0.0600414 0.102177 0.180167 0.631132 0.247393 0.40217 -0.948591 0.169364 0.0395957 -0.00956807 0.31052 -0.136769 0.386456 -0.136738 -0.549767 0.869192 -0.0663628 -0.475951 0.797551 0.691457 -0.0151368 0.199256 0.464105 -0.594967 
lamb shoulder 0.220085 0.138605 0.0893719 0.118397 -0.033001 -0.0459717 0.477288 0.370023 0.459426 -0.0893354 0.208051 0.406292 -0.276126 -0.0241852 -0.33676 -0.0459346 -0.0449251 0.282203 0.000638267 -0.42877 0.329698 -0.259474 0.304308 0.174947 0.140161 0.368306 -0.160252 -0.346351 -0.017406 0.0367194 0.0641373 0.150252 -0.0307432 0.159111 -0.418439 0.0663424 -0.0138559 0.269753 -0.157543 0.244429 -0.141052 0.177467 0.308157 -0.0696447 0.40401 0.371532 -0.491875 -0.201851 -0.444571 -0.365168 -0.41612 -0.212136 0.130193 0.460549 0.157673 -0.131342 0.297771 -0.0112542 0.340588 -0.25404 0.306546 -0.297256 0.15038 -0.445342 0.378425 0.0822679 -0.0699578 0.284401 0.399244 0.129688 0.488129 0.170432 -0.29312 -0.00143128 0.417091 -0.083262 -0.169414 -0.413029 -0.0910337 0.050036 -0.188525 0.146805 0.443008 -0.377297 -0.351051 -0.388548 -0.481478 0.192814 0.0752183 -0.172372 -0.468683 -0.277964 0.262419 -0.483961 0.373852 -0.298944 -0.218526 -0.162221 -0.444419 0.0884322 
Beef and Oyster pie 0.128128 0.0606678 0.113038 0.242658 -0.0612603 -0.216218 -0.166716 0.0200866 -0.103148 0.142236 -0.178909 -0.0354215 -0.311833 0.0991526 -0.22549 -0.0461019 -0.329806 0.372035 0.4055 -0.168278 -0.0113543 0.316832 -0.122239 0.385956 0.142601 -0.0713361 -0.310119 0.212166 0.337422 -0.325495 -0.377177 0.497858 -0.438228 0.290042 0.178543 -0.43877 0.0240187 -0.184795 -0.00788083 -0.46233 0.325358 -0.339488 0.168012 0.414774 0.316652 0.432459 0.321453 0.192943 0.045662 0.0567604 -0.414969 -0.34511 0.157934 0.375457 0.220988 0.397395 -0.406007 0.0575619 0.402178 0.284298 0.352932 -0.0846166 -0.382786 0.1726 0.00173373 -0.281381 0.0506956 0.0661387 -0.347689 0.453483 0.28654 -0.398548 0.480266 0.490445 0.0763539 -0.206134 0.239691 0.0878768 -0.0963955 -0.290079 -0.0118421 0.433014 -0.233335 -0.433846 0.123904 0.124293 0.146987 0.336071 0.0186948 0.470333 0.30428 0.490115 -0.466534 0.156797 -0.0147377 0.158782 -0.483662 -0.446271 -0.458526 -0.241247 
lamb leg 0.458811 0.350024 0.299543 -0.167285 -0.118876 0.426803 0.487063 -0.492053 -0.0603429 -0.00807604 -0.1291 -0.0640913 0.699228 0.262971 0.568675 -0.118672 0.037402 0.0855797 0.314124 0.402834 -0.310344 -0.350898 0.217734 0.493369 -0.328697 0.186906 -0.0373518 0.282253 -0.0318958 0.282829 0.443093 -0.431831 0.190611 -0.201579 -0.277218 -0.0103746 0.415814 -0.356995 -0.201788 -0.204697 0.268641 -0.326348 -0.641015 -0.110602 -0.57225 -0.225277 -0.371146 -0.0630856 -0.0553069 -0.00469532 0.0664632 -0.113894 0.101302 0.122177 -0.40734 -0.182465 0.241259 -0.297397 0.0335436 -0.497411 0.448363 -0.15954 0.382498 0.0951078 0.379906 -0.231867 -0.214965 0.166387 -0.479198 -0.394351 0.432437 0.372323 -0.472456 0.308067 -0.0909777 -0.249596 0.0444144 0.0350438 -0.0679916 0.360395 0.166949 -0.0197295 -0.40303 0.36213 -0.101106 -0.629051 -0.295022 0.0336122 0.0147581 0.0347154 0.346471 0.176947 0.38543 0.520554 -0.19868 0.0912634 -0.000932225 0.260947 0.00856523 -0.401568 
tinned tomatos -0.0244962 -0.0371038 -0.378276 0.0532002 -0.238162 0.492838 -0.114137 -0.024246 0.0849278 -0.121043 -0.394945 0.0953463 0.0511344 -0.216841 -0.463832 0.469107 0.10671 -0.127568 0.386925 -0.350685 0.0884272 -0.459307 0.474311 0.351235 -0.491818 0.30839 0.247006 0.190869 -0.173075 -0.188908 0.403457 -0.236341 -0.279765 0.0466116 0.361258 -0.0207989 -0.363799 -0.443916 0.410482 -0.199511 0.225476 0.0549438 0.283564 -0.171809 -0.246156 -0.312218 -0.125146 0.358243 -0.254112 -0.371561 -0.122919 -0.104804 -0.350394 0.28838 -0.194816 -0.207846 0.453506 -0.0113651 0.429374 -0.0533992 -0.153412 -0.445642 -0.338365 0.346547 0.346634 0.471138 0.122775 0.283966 0.491567 0.0177135 -0.296025 0.182131 0.146583 -0.397314 -0.0767256 -0.0725217 0.352859 -0.339771 0.389174 -0.167224 -0.461595 0.419512 0.306317 -0.189104 0.00368871 0.0776556 -0.18315 -0.143982 -0.249131 -0.492103 0.0802259 -0.237776 -0.138655 -0.198989 -0.0241875 0.0457144 -0.36362 0.228674 0.190862 -0.415041 
lard -0.457435 -0.204158 0.174695 0.222145 0.195889 -0.043994 0.455711 -0.376173 -0.273993 0.347501 -0.471238 0.427575 0.0459848 0.339946 0.322734 -0.363168 0.151285 -0.141754 -0.364486 -0.351284 0.0105174 -0.367302 0.112282 0.297824 0.191989 0.117226 -0.410146 0.0224339 -0.262205 0.306134 0.222105 -0.274738 -0.447675 -0.124356 0.385247 0.272659 -0.420528 -0.212873 -0.320851 0.0882352 0.193699 -0.132877 -0.390431 -0.40637 -0.401205 0.420461 0.077718 0.268818 0.0644664 0.220511 -0.396012 -0.194319 0.0656186 -0.117167 -0.269552 -0.274016 0.266089 -0.370393 -0.0633754 0.321019 0.0833457 -0.233237 0.473856 -0.223468 0.484752 0.444632 -0.0346228 0.489358 0.0758689 -0.0993658 0.232335 0.300887 -0.467491 0.173146 0.113418 0.401857 -0.355806 0.42023 -0.277532 0.0776883 -0.0797716 -0.182298 0.222566 0.291211 0.0274706 0.208824 -0.0918046 -0.0181825 -0.256635 0.135022 -0.047215 -0.372573 0.330513 -0.214151 -0.46816 0.245083 -0.462688 0.0340433 0.340248 0.030297 
pretzels 0.196489 -0.434997 -0.380244 0.309323 0.333926 0.568583 0.258268 0.480395 -0.423714 -0.171576 1.00063 -0.052048 0.265159 -0.216739 0.2936 0.171374 0.169837 0.548039 0.00581443 0.441198 0.389037 -0.54592 0.578523 0.36811 0.611487 0.647755 -0.604493 -0.458382 -0.708077 0.146267 -0.34244 0.0315191 0.552247 0.118067 0.339572 0.0140563 0.404166 -0.437031 0.18003 0.320967 0.706767 -0.409847 0.732189 0.141135 -0.0453455 0.0274431 0.33019 0.54323 -0.162883 -0.099996 -0.145573 0.0366793 0.246428 -0.299412 -0.156539 -0.507587 -0.242437 0.168182 0.378224 -0.825432 0.261321 0.595351 0.413361 -0.503123 0.706687 -0.486077 -0.0355483 0.512909 -0.605738 0.0666172 -0.345955 0.000953728 0.485256 0.0996227 -0.632061 -0.126808 -0.446895 0.548907 -1.14434 -0.194469 0.366618 -0.0230386 -0.0894384 0.514611 -0.482502 0.204528 0.148405 -0.386111 -0.294451 0.513346 0.223929 0.464827 0.353898 -0.0780962 0.866125 -0.529754 0.154371 0.095189 -0.238332 0.282772 
celery salt 0.137537 0.353316 -0.641703 -0.204378 -0.173156 0.153049 -0.415953 -0.0894685 0.488307 -0.127917 0.105798 -0.704471 -0.223167 -0.522928 -0.135518 0.136961 -0.284678 0.139962 -0.164458 0.726993 0.229615 -0.178751 -0.412122 0.0251101 0.159403 0.0510864 0.11063 -0.0944906 0.217143 0.308523 0.381451 0.442425 0.216453 -0.26715 0.0687052 0.0669581 -0.452392 -0.0984661 -0.389514 0.546272 0.407207 -0.0489735 -0.197905 0.559657 0.395971 0.0152526 0.0291341 -0.286468 -0.431829 0.135092 0.376463 -0.1782 -0.194761 0.279392 -0.286159 -0.0915665 -0.0198834 0.109875 -0.427543 -0.115808 -0.545871 -0.400294 -0.138004 -0.131846 0.516017 -0.3086 0.459444 -0.0365511 -0.427119 0.216057 0.236368 -0.143562 -0.0163075 0.194346 0.110901 -0.0727093 -0.125532 0.557323 -0.237394 -0.577748 -0.0101176 0.441031 0.142175 0.261925 -0.408934 0.0328727 -0.64054 0.359918 -0.221013 0.00173474 -0.238933 -0.503349 0.0783669 0.150968 -0.38805 -0.183493 -0.705012 -0.356595 -0.275737 -0.4176 
Steak and Kidney Pie -0.374641 0.1013 -0.0492703 0.00345512 -0.223011 0.151173 0.35938 -0.157054 -0.489494 0.245505 0.35442 0.353362 0.159862 -0.0957939 0.250013 -0.22247 -0.0540262 -0.178196 0.347067 0.139918 0.171831 0.0398414 0.0300773 0.358493 0.255932 -0.431792 0.204363 0.0890999 0.294084 -0.0565171 -0.0907266 0.0390404 0.0169222 0.439106 -0.182859 -0.34299 0.333758 0.293456 -0.099883 -0.215195 0.389277 0.153112 -0.330926 0.485201 0.0838636 -0.242883 0.157717 0.317014 -0.173402 0.00197139 0.238007 -0.177673 -0.106425 -0.0157641 -0.116901 0.053349 -0.415633 -0.0756597 -0.49388 0.151223 0.224346 0.278743 0.0512388 0.371421 -0.232106 0.148049 0.466449 -0.392535 -0.137205 0.405346 0.104471 0.404757 -0.0976174 -0.387609 -0.00362824 -0.00203385 -0.00691691 -0.188571 -0.23236 -0.0721153 -0.437153 0.186915 0.362164 -0.0221718 -0.0407415 0.499985 0.0120633 0.0655283 -0.42739 0.439923 -0.358755 -0.484518 0.260721 0.320486 0.0679556 -0.185235 0.37329 0.237164 -0.0418048 0.274574 
gruyere 0.451022 0.273589 -0.422852 0.0773013 0.287613 -0.239446 0.294849 -0.118214 0.0270094 0.29118 0.298531 -0.333873 0.395896 0.209308 -0.187093 0.334834 0.477022 0.0403346 -0.0307325 0.344398 0.406744 0.156995 -0.23515 -0.205877 -0.255733 0.0918225 0.196093 0.166466 0.0780394 -0.478215 0.0694598 -0.00894295 -0.241012 -0.128894 0.250559 -0.108534 0.0169733 0.421346 -0.368428 0.274179 -0.438324 -0.0102071 -0.400636 -0.476627 -0.128402 0.129125 0.473591 -0.281572 -0.415166 0.0405313 0.264775 0.100232 -0.0299716 -0.150611 0.211369 -0.293504 -0.43791 -0.348698 0.479614 0.273919 -0.307079 -0.250541 -0.222158 -0.249265 -0.445815 -0.274276 -0.226477 0.317916 -0.219385 -0.489078 -0.41881 -0.472792 0.457388 -0.250769 0.0715553 -0.226938 -0.135952 0.0921133 -0.0844035 -0.427856 0.390268 0.163316 -0.429213 0.389264 0.0368297 -0.0807672 0.321353 -0.00805316 -0.256975 0.0469871 0.0913052 -0.261165 0.418852 0.45809 0.435233 -0.239994 0.348266 -0.0606498 0.139415 -0.257263 
marjoram -0.157956 0.186778 -0.567191 0.00741506 0.499766 0.328227 0.962846 -0.214534 0.0804506 0.139647 0.203565 -0.59767 -0.138343 0.244399 -0.292373 0.337611 -0.093808 -0.21441 0.296064 -0.089899 0.435568 0.368159 0.589545 -0.0417291 0.213896 0.413129 -0.515876 -0.613295 -0.106745 0.120362 0.147418 -0.256013 0.322006 -0.783935 0.709832 0.278312 0.0556912 -0.365523 -0.401617 0.261508 0.110623 0.983206 0.176378 -0.291181 0.0211458 0.391911 0.412385 -0.10708 -0.542423 0.0147105 0.0919342 0.425547 -0.350598 -0.230988 0.056599 -0.0784688 -0.472432 0.850032 -0.477147 -0.0197251 -0.609755 0.156867 -0.175158 -0.56956 0.125182 -0.142929 -0.196607 0.0317843 -0.134498 0.771188 0.243173 -0.320925 0.248616 0.330284 0.104626 0.103393 -0.281763 -0.149808 0.32104 0.368819 0.149165 -0.261043 -0.119193 -0.212441 0.492771 -0.37717 -0.291207 0.470489 0.022186 -0.236646 0.0193104 0.207586 -0.439607 0.298586 0.144997 0.248386 0.38931 0.743575 0.555595 -0.172582 
lamb kidney 0.0674551 0.0855606 0.286127 0.0891877 0.221015 -0.266153 0.147121 -0.327771 -0.41298 -0.15725 -0.377187 0.252448 0.210913 0.0499609 -0.0467844 0.150967 -0.344012 0.259936 0.0604094 -0.0502594 -0.279238 0.0617158 -0.157996 -0.303714 0.0790412 -0.0238092 0.346366 -0.42515 0.351198 0.0899863 -0.424709 -0.334589 -0.135306 0.483153 -0.063908 0.289644 0.0101646 -0.292559 -0.460556 -0.357942 -0.0588153 0.252677 -0.205141 0.0583923 0.475134 -0.424038 0.152441 -0.195896 0.10749 0.0878982 -0.308967 0.1426 -0.496699 0.234626 0.154081 0.350245 0.345046 -0.171998 -0.0898 -0.306255 0.252371 -0.294244 0.290066 -0.308426 0.20082 0.291257 0.339912 -0.495141 -0.062827 -0.178969 0.388863 0.409053 -0.0815765 -0.118297 -0.140284 0.399493 -0.29023 -0.272061 -0.0857409 -0.321519 -0.473023 0.118467 0.087517 0.0493197 0.128934 -0.11824 -0.297116 0.37005 0.0937065 0.357816 0.374003 -0.218404 -0.460332 -0.195828 -0.017834 0.018625 0.269704 -0.335289 0.0181257 0.297914 
Three Fish Pie -0.443046 0.403075 0.458875 -0.117033 -0.0348711 0.0984969 0.494261 0.492586 -0.292789 0.21216 -0.204124 0.00229867 -0.242193 -0.233304 0.00786945 0.36341 -0.321083 -0.212618 -0.41034 0.34392 -0.0469493 0.279438 -0.49118 -0.413596 -0.338369 0.350422 0.242673 -0.0635016 -0.476562 -0.485492 0.036942 0.0952445 0.0791785 -0.293943 0.0673224 0.361204 0.0969029 -0.0852215 0.293492 -0.431468 0.456612 -0.190864 -0.151746 0.237655 -0.45012 -0.0382592 0.358048 -0.3314 0.100455 0.344666 -0.351873 0.369678 0.0598888 0.358721 -0.404773 0.106646 0.279728 0.230419 -0.0900268 -0.156778 0.307326 0.333687 -0.396131 -0.271206 -0.417046 -0.0499926 -0.416641 -0.45024 0.302239 0.00429283 0.259423 0.309799 -0.384864 -0.328267 -0.488026 -0.438966 0.267519 -0.127435 -0.0956749 -0.450503 0.262186 -0.325042 -0.206442 0.186059 -0.418769 0.449787 0.0283392 -0.0602512 -0.249295 -0.255741 -0.116079 0.0878227 0.345724 -0.405464 -0.170783 0.234919 -0.131481 0.165314 -0.434507 0.36292 
Sticky Toffee Pudding 0.332916 -0.205091 -0.381072 0.323495 -0.316041 -0.0883054 0.24234 -0.456742 -0.147418 0.197039 -0.369317 -0.31734 -0.156145 -0.0634376 0.473217 0.335885 0.123939 -0.498334 -0.443455 0.112661 0.448169 -0.183731 -0.133821 0.372425 0.298034 0.19509 0.105296 -0.455849 -0.0581161 0.0592981 0.411386 -0.0144178 -0.0591295 0.0286511 0.422532 0.203172 0.0518736 -0.44732 0.169082 0.0918919 0.169619 0.0285191 -0.258218 0.0718453 -0.121674 -0.435498 0.173726 0.487108 0.0955482 -0.219357 -0.33143 0.128585 0.373141 -0.494494 0.131674 0.204953 -0.327242 -0.454555 -0.119847 -0.177065 -0.11497 -0.3427 0.0369325 0.169718 0.0903437 -0.332344 0.491469 0.426079 0.454315 0.337757 0.364857 -0.0972558 0.150236 0.297667 -0.46485 -0.289898 -0.354921 0.0319532 -0.134257 -0.281718 0.205719 -0.365133 -0.359161 0.488803 -0.484709 0.128318 -0.0795463 -0.30187 -0.0394216 -0.398688 0.321938 -0.359866 -0.237304 -0.211743 -0.0355169 -0.190722 0.0778107 0.0825778 -0.093495 0.450998 
Lancashire hotpot 0.365256 -0.25486 -0.173308 -0.00096024 -0.138699 -0.166364 -0.347607 0.227913 0.311934 0.23945 0.333595 -0.0335265 -0.433635 0.0885919 -0.353545 0.439004 -0.0957248 -0.119116 -0.4754 -0.458734 0.402551 0.0381801 -0.441286 -0.0555726 0.0635227 0.0560017 0.404429 -0.0121889 -0.177799 0.088518 -0.0328431 -0.0812304 0.0226703 0.269882 -0.413513 -0.487487 0.430908 0.152101 -0.00487003 0.284493 -0.40402 -0.467855 0.292144 -0.180964 0.496294 -0.0208154 0.203193 0.0552989 0.293939 -0.401066 -0.45803 -0.498094 0.48963 0.0555247 0.360458 -0.147441 -0.171253 -0.163431 0.397281 0.350412 -0.20569 0.194015 -0.00513368 0.378073 -0.356814 0.154601 0.162641 0.309511 0.0629269 0.457637 0.131928 0.388455 -0.379891 0.00983163 -0.0187262 -0.41039 0.496691 0.148094 0.403577 -0.270315 -0.420683 -0.242114 -0.166052 0.273659 0.240677 -0.116795 0.12691 -0.141338 -0.215769 -0.448937 -0.215191 -0.293997 -0.0959446 -0.37823 -0.405161 -0.246722 0.199425 -0.274059 0.00191686 -0.363136 

